EntryID,UniversityID,University,ProgramCategoryID,Year,Employment Rate (2 years after graduating),Employment Rate (6 months after graduating),Graduation Rate
0,1,Algoma University,1,2013,92.0,86.0,0.0
1,2,Brock University,1,2021,88.0,85.0,69.0
2,2,Brock University,1,2020,95.0,86.0,64.0
3,2,Brock University,1,2019,96.0,92.0,59.0
4,2,Brock University,1,2018,100.0,92.0,69.0
5,2,Brock University,1,2017,83.0,88.0,62.0
6,2,Brock University,1,2016,95.0,89.0,63.0
7,2,Brock University,1,2015,83.0,95.0,68.0
8,2,Brock University,1,2014,93.0,86.0,65.0
9,2,Brock University,1,2013,83.0,74.0,71.0
10,2,Brock University,1,2012,83.0,55.0,74.0
11,2,Brock University,1,2011,94.0,73.0,58.0
12,2,Brock University,1,2010,95.0,83.0,73.0
13,2,Brock University,1,2009,85.0,88.0,79.0
14,2,Brock University,1,2008,92.0,77.0,74.0
15,2,Brock University,1,2007,100.0,88.0,66.0
16,2,Brock University,1,2006,0.0,0.0,57.0
17,2,Brock University,1,2005,86.0,100.0,61.0
18,2,Brock University,1,2004,100.0,92.0,65.0
55,3,Laurentian University,1,2021,85.0,91.0,76.0
56,3,Laurentian University,1,2020,94.0,81.0,71.0
57,3,Laurentian University,1,2019,91.0,91.0,70.0
58,3,Laurentian University,1,2018,98.0,90.0,0.0
59,3,Laurentian University,1,2017,98.0,90.0,82.0
60,3,Laurentian University,1,2016,100.0,94.0,60.0
61,3,Laurentian University,1,2015,93.0,94.0,75.0
62,3,Laurentian University,1,2014,96.0,100.0,71.0
63,3,Laurentian University,1,2013,95.0,72.0,63.0
64,3,Laurentian University,1,2012,100.0,95.0,71.0
65,3,Laurentian University,1,2011,88.0,86.0,64.0
66,3,Laurentian University,1,2010,100.0,78.0,86.0
67,3,Laurentian University,1,2009,89.0,83.0,68.0
68,3,Laurentian University,1,2008,100.0,93.0,64.0
69,3,Laurentian University,1,2007,96.0,96.0,72.0
70,3,Laurentian University,1,2006,79.0,73.0,67.0
71,3,Laurentian University,1,2005,100.0,82.0,60.0
72,3,Laurentian University,1,2004,75.0,91.0,64.0
73,3,Laurentian University,1,2003,95.0,100.0,63.0
37,4,Lakehead University,1,2021,100.0,88.0,73.0
38,4,Lakehead University,1,2020,100.0,100.0,78.0
39,4,Lakehead University,1,2019,100.0,100.0,66.0
40,4,Lakehead University,1,2018,91.0,100.0,62.0
41,4,Lakehead University,1,2017,100.0,94.0,78.0
42,4,Lakehead University,1,2016,94.0,100.0,71.0
43,4,Lakehead University,1,2015,93.0,87.0,74.0
44,4,Lakehead University,1,2014,92.0,96.0,75.0
45,4,Lakehead University,1,2013,94.0,94.0,77.0
46,4,Lakehead University,1,2012,95.0,90.0,76.0
47,4,Lakehead University,1,2011,100.0,87.0,83.0
48,4,Lakehead University,1,2010,100.0,94.0,80.0
49,4,Lakehead University,1,2009,100.0,100.0,86.0
50,4,Lakehead University,1,2008,100.0,100.0,73.0
51,4,Lakehead University,1,2007,89.0,100.0,89.0
52,4,Lakehead University,1,2006,100.0,100.0,84.0
53,4,Lakehead University,1,2005,0.0,0.0,64.0
54,4,Lakehead University,1,2004,0.0,0.0,73.0
110,5,OCAD University,1,2021,0.0,0.0,0.0
156,6,Trent University,1,2021,96.0,94.0,74.0
157,6,Trent University,1,2020,91.0,91.0,76.0
158,6,Trent University,1,2019,94.0,85.0,67.0
159,6,Trent University,1,2018,89.0,81.0,73.0
160,6,Trent University,1,2017,92.0,87.0,70.0
161,6,Trent University,1,2016,98.0,71.0,76.0
162,6,Trent University,1,2015,91.0,83.0,76.0
163,6,Trent University,1,2014,91.0,79.0,85.0
164,6,Trent University,1,2013,96.0,88.0,75.0
165,6,Trent University,1,2012,89.0,82.0,82.0
166,6,Trent University,1,2011,83.0,77.0,84.0
167,6,Trent University,1,2010,94.0,84.0,85.0
168,6,Trent University,1,2009,91.0,95.0,72.0
169,6,Trent University,1,2008,91.0,95.0,67.0
170,6,Trent University,1,2007,91.0,84.0,80.0
171,6,Trent University,1,2006,100.0,100.0,69.0
172,6,Trent University,1,2005,86.0,93.0,69.0
173,6,Trent University,1,2004,100.0,92.0,65.0
92,7,Nipissing University,1,2021,94.0,93.0,67.0
93,7,Nipissing University,1,2020,100.0,100.0,71.0
94,7,Nipissing University,1,2019,100.0,69.0,74.0
95,7,Nipissing University,1,2018,83.0,78.0,70.0
96,7,Nipissing University,1,2017,100.0,82.0,76.0
97,7,Nipissing University,1,2016,100.0,75.0,62.0
98,7,Nipissing University,1,2015,100.0,87.0,63.0
99,7,Nipissing University,1,2014,75.0,69.0,31.0
100,7,Nipissing University,1,2013,100.0,0.0,62.0
101,7,Nipissing University,1,2012,100.0,94.0,71.0
102,7,Nipissing University,1,2011,0.0,0.0,73.0
103,7,Nipissing University,1,2010,100.0,0.0,68.0
104,7,Nipissing University,1,2009,92.0,83.0,50.0
105,7,Nipissing University,1,2008,0.0,0.0,0.0
106,7,Nipissing University,1,2007,100.0,89.0,0.0
107,7,Nipissing University,1,2006,0.0,0.0,0.0
108,7,Nipissing University,1,2005,0.0,0.0,0.0
109,7,Nipissing University,1,2004,0.0,0.0,0.0
19,8,Carleton University,1,2021,89.0,90.0,67.0
20,8,Carleton University,1,2020,93.0,81.0,68.0
21,8,Carleton University,1,2019,93.0,85.0,66.0
22,8,Carleton University,1,2018,91.0,82.0,68.0
23,8,Carleton University,1,2017,88.0,84.0,66.0
24,8,Carleton University,1,2016,100.0,84.0,65.0
25,8,Carleton University,1,2015,88.0,72.0,73.0
26,8,Carleton University,1,2014,88.0,67.0,67.0
27,8,Carleton University,1,2013,89.0,85.0,75.0
28,8,Carleton University,1,2012,97.0,93.0,63.0
29,8,Carleton University,1,2011,88.0,56.0,66.0
30,8,Carleton University,1,2010,89.0,82.0,67.0
31,8,Carleton University,1,2009,95.0,77.0,69.0
32,8,Carleton University,1,2008,100.0,87.0,69.0
33,8,Carleton University,1,2007,89.0,95.0,77.0
34,8,Carleton University,1,2006,100.0,91.0,59.0
35,8,Carleton University,1,2005,100.0,88.0,63.0
36,8,Carleton University,1,2004,93.0,0.0,59.0
174,9,University of Guelph,1,2021,94.0,89.0,86.0
175,9,University of Guelph,1,2020,96.0,86.0,84.0
176,9,University of Guelph,1,2019,94.0,90.0,84.0
177,9,University of Guelph,1,2018,94.0,93.0,81.0
178,9,University of Guelph,1,2017,95.0,94.0,84.0
179,9,University of Guelph,1,2016,97.0,91.0,80.0
180,9,University of Guelph,1,2015,95.0,92.0,81.0
181,9,University of Guelph,1,2014,92.0,86.0,78.0
182,9,University of Guelph,1,2013,92.0,86.0,78.0
183,9,University of Guelph,1,2012,95.0,90.0,81.0
184,9,University of Guelph,1,2011,93.0,90.0,81.0
185,9,University of Guelph,1,2010,92.0,89.0,84.0
186,9,University of Guelph,1,2009,89.0,88.0,77.0
187,9,University of Guelph,1,2008,92.0,90.0,81.0
188,9,University of Guelph,1,2007,93.0,92.0,76.0
189,9,University of Guelph,1,2006,95.0,93.0,77.0
190,9,University of Guelph,1,2005,94.0,96.0,81.0
191,9,University of Guelph,1,2004,93.0,94.0,82.0
74,10,McMaster University,1,2021,94.0,88.0,90.0
75,10,McMaster University,1,2020,93.0,79.0,90.0
76,10,McMaster University,1,2019,91.0,89.0,89.0
77,10,McMaster University,1,2018,91.0,89.0,88.0
78,10,McMaster University,1,2017,94.0,87.0,91.0
79,10,McMaster University,1,2016,94.0,81.0,88.0
80,10,McMaster University,1,2015,93.0,79.0,84.0
81,10,McMaster University,1,2014,87.0,84.0,0.0
82,10,McMaster University,1,2013,90.0,81.0,0.0
83,10,McMaster University,1,2012,93.0,89.0,0.0
84,10,McMaster University,1,2011,86.0,84.0,0.0
85,10,McMaster University,1,2010,81.0,84.0,0.0
86,10,McMaster University,1,2009,88.0,79.0,0.0
87,10,McMaster University,1,2008,88.0,84.0,0.0
88,10,McMaster University,1,2007,94.0,88.0,0.0
89,10,McMaster University,1,2006,95.0,86.0,0.0
90,10,McMaster University,1,2005,91.0,93.0,0.0
91,10,McMaster University,1,2004,97.0,100.0,0.0
111,11,Ontario Tech University,1,2021,85.0,74.0,53.0
112,11,Ontario Tech University,1,2020,89.0,72.0,58.0
113,11,Ontario Tech University,1,2019,81.0,77.0,60.0
114,11,Ontario Tech University,1,2018,93.0,90.0,51.0
115,11,Ontario Tech University,1,2017,90.0,75.0,56.0
116,11,Ontario Tech University,1,2016,94.0,82.0,62.0
117,11,Ontario Tech University,1,2015,95.0,76.0,61.0
118,11,Ontario Tech University,1,2014,91.0,87.0,54.0
119,11,Ontario Tech University,1,2013,91.0,89.0,54.0
120,11,Ontario Tech University,1,2012,100.0,77.0,54.0
121,11,Ontario Tech University,1,2011,88.0,62.0,60.0
122,11,Ontario Tech University,1,2010,95.0,94.0,59.0
123,11,Ontario Tech University,1,2009,77.0,60.0,0.0
124,11,Ontario Tech University,1,2008,0.0,0.0,0.0
125,11,Ontario Tech University,1,2007,0.0,0.0,0.0
192,12,University of Ottawa,1,2021,96.0,93.0,77.0
193,12,University of Ottawa,1,2020,92.0,84.0,76.0
194,12,University of Ottawa,1,2019,96.0,89.0,73.0
195,12,University of Ottawa,1,2018,93.0,93.0,77.0
196,12,University of Ottawa,1,2017,91.0,83.0,74.0
197,12,University of Ottawa,1,2016,94.0,80.0,73.0
198,12,University of Ottawa,1,2015,92.0,87.0,74.0
199,12,University of Ottawa,1,2014,95.0,87.0,76.0
200,12,University of Ottawa,1,2013,92.0,76.0,79.0
201,12,University of Ottawa,1,2012,88.0,82.0,77.0
202,12,University of Ottawa,1,2011,90.0,85.0,75.0
203,12,University of Ottawa,1,2010,87.0,86.0,83.0
204,12,University of Ottawa,1,2009,91.0,84.0,76.0
205,12,University of Ottawa,1,2008,88.0,89.0,77.0
206,12,University of Ottawa,1,2007,95.0,89.0,75.0
207,12,University of Ottawa,1,2006,86.0,96.0,77.0
208,12,University of Ottawa,1,2005,95.0,95.0,78.0
209,12,University of Ottawa,1,2004,95.0,86.0,70.0
126,13,Queens University,1,2021,96.0,97.0,100.0
127,13,Queens University,1,2020,94.0,84.0,0.0
128,13,Queens University,1,2019,95.0,93.0,0.0
129,13,Queens University,1,2018,90.0,86.0,0.0
130,13,Queens University,1,2017,97.0,90.0,0.0
131,13,Queens University,1,2016,93.0,91.0,83.0
132,13,Queens University,1,2015,88.0,90.0,89.0
133,13,Queens University,1,2014,91.0,89.0,79.0
134,13,Queens University,1,2013,89.0,90.0,100.0
135,13,Queens University,1,2012,95.0,85.0,88.0
136,13,Queens University,1,2011,87.0,84.0,86.0
137,13,Queens University,1,2010,93.0,94.0,92.0
138,13,Queens University,1,2009,95.0,89.0,89.0
139,13,Queens University,1,2008,93.0,92.0,90.0
140,13,Queens University,1,2007,94.0,96.0,88.0
141,13,Queens University,1,2006,98.0,98.0,87.0
142,13,Queens University,1,2005,91.0,92.0,86.0
143,13,Queens University,1,2004,100.0,100.0,87.0
144,14,Toronto Metropolitan University,1,2021,90.0,72.0,74.0
145,14,Toronto Metropolitan University,1,2020,94.0,82.0,71.0
146,14,Toronto Metropolitan University,1,2019,86.0,76.0,56.0
147,14,Toronto Metropolitan University,1,2018,85.0,81.0,52.0
148,14,Toronto Metropolitan University,1,2017,82.0,81.0,58.0
149,14,Toronto Metropolitan University,1,2016,89.0,78.0,64.0
150,14,Toronto Metropolitan University,1,2015,85.0,86.0,56.0
151,14,Toronto Metropolitan University,1,2014,85.0,66.0,53.0
152,14,Toronto Metropolitan University,1,2013,91.0,75.0,55.0
153,14,Toronto Metropolitan University,1,2012,82.0,39.0,48.0
154,14,Toronto Metropolitan University,1,2011,88.0,72.0,0.0
155,14,Toronto Metropolitan University,1,2006,100.0,100.0,0.0
210,15,University of Toronto,1,2021,88.0,83.0,0.0
211,15,University of Toronto,1,2020,90.0,74.0,0.0
212,15,University of Toronto,1,2019,90.0,80.0,0.0
213,15,University of Toronto,1,2017,92.0,80.0,0.0
214,15,University of Toronto,1,2016,93.0,77.0,82.0
215,15,University of Toronto,1,2015,94.0,80.0,82.0
216,15,University of Toronto,1,2014,85.0,78.0,85.0
217,15,University of Toronto,1,2013,88.0,74.0,80.0
218,15,University of Toronto,1,2012,90.0,74.0,81.0
219,15,University of Toronto,1,2011,87.0,82.0,78.0
220,15,University of Toronto,1,2010,85.0,81.0,75.0
221,15,University of Toronto,1,2009,88.0,78.0,80.0
222,15,University of Toronto,1,2008,84.0,81.0,68.0
223,15,University of Toronto,1,2007,90.0,86.0,89.0
224,15,University of Toronto,1,2006,93.0,4.0,0.0
225,15,University of Toronto,1,2005,92.0,86.0,0.0
226,15,University of Toronto,1,2004,93.0,86.0,0.0
227,16,University of Waterloo,1,2021,94.0,95.0,87.0
228,16,University of Waterloo,1,2020,89.0,78.0,80.0
229,16,University of Waterloo,1,2019,97.0,86.0,81.0
230,16,University of Waterloo,1,2018,92.0,90.0,82.0
231,16,University of Waterloo,1,2017,92.0,84.0,77.0
232,16,University of Waterloo,1,2016,92.0,81.0,80.0
233,16,University of Waterloo,1,2015,94.0,74.0,79.0
234,16,University of Waterloo,1,2014,87.0,69.0,78.0
235,16,University of Waterloo,1,2013,89.0,67.0,77.0
236,16,University of Waterloo,1,2012,86.0,80.0,84.0
237,16,University of Waterloo,1,2011,95.0,80.0,81.0
238,16,University of Waterloo,1,2010,89.0,77.0,86.0
239,16,University of Waterloo,1,2009,86.0,81.0,80.0
240,16,University of Waterloo,1,2008,89.0,79.0,84.0
241,16,University of Waterloo,1,2007,85.0,97.0,82.0
242,16,University of Waterloo,1,2006,94.0,87.0,79.0
243,16,University of Waterloo,1,2005,89.0,82.0,72.0
244,16,University of Waterloo,1,2004,94.0,94.0,79.0
245,17,University of Windsor,1,2021,80.0,71.0,81.0
246,17,University of Windsor,1,2020,92.0,88.0,84.0
247,17,University of Windsor,1,2019,91.0,81.0,79.0
248,17,University of Windsor,1,2018,94.0,87.0,80.0
249,17,University of Windsor,1,2017,100.0,96.0,80.0
250,17,University of Windsor,1,2016,93.0,92.0,73.0
251,17,University of Windsor,1,2015,94.0,83.0,77.0
252,17,University of Windsor,1,2014,89.0,84.0,71.0
253,17,University of Windsor,1,2013,86.0,92.0,64.0
254,17,University of Windsor,1,2012,85.0,82.0,64.0
255,17,University of Windsor,1,2011,93.0,72.0,74.0
256,17,University of Windsor,1,2010,89.0,83.0,70.0
257,17,University of Windsor,1,2009,89.0,81.0,61.0
258,17,University of Windsor,1,2008,91.0,100.0,63.0
259,17,University of Windsor,1,2007,82.0,89.0,61.0
260,17,University of Windsor,1,2006,100.0,100.0,59.0
261,17,University of Windsor,1,2005,0.0,0.0,72.0
262,17,University of Windsor,1,2004,0.0,0.0,57.0
263,18,Western University,1,2021,88.0,89.0,0.0
264,18,Western University,1,2020,92.0,81.0,0.0
265,18,Western University,1,2019,94.0,91.0,0.0
266,18,Western University,1,2018,85.0,90.0,0.0
267,18,Western University,1,2017,95.0,85.0,0.0
268,18,Western University,1,2016,99.0,88.0,0.0
269,18,Western University,1,2015,91.0,82.0,0.0
270,18,Western University,1,2014,95.0,76.0,0.0
271,18,Western University,1,2013,94.0,81.0,0.0
272,18,Western University,1,2012,87.0,76.0,0.0
273,18,Western University,1,2011,89.0,90.0,0.0
274,18,Western University,1,2010,90.0,78.0,0.0
275,18,Western University,1,2009,92.0,88.0,0.0
276,18,Western University,1,2008,94.0,90.0,0.0
277,18,Western University,1,2007,88.0,90.0,0.0
278,18,Western University,1,2006,94.0,91.0,0.0
279,18,Western University,1,2005,92.0,82.0,0.0
280,18,Western University,1,2004,100.0,68.0,0.0
281,19,Wilfrid Laurier University ,1,2021,95.0,85.0,79.0
282,19,Wilfrid Laurier University ,1,2020,96.0,83.0,72.0
283,19,Wilfrid Laurier University ,1,2019,92.0,94.0,66.0
284,19,Wilfrid Laurier University ,1,2018,92.0,93.0,66.0
285,19,Wilfrid Laurier University ,1,2017,100.0,92.0,75.0
286,19,Wilfrid Laurier University ,1,2016,96.0,89.0,81.0
287,19,Wilfrid Laurier University ,1,2015,98.0,85.0,76.0
288,19,Wilfrid Laurier University ,1,2014,93.0,91.0,52.0
289,19,Wilfrid Laurier University ,1,2013,88.0,84.0,68.0
290,19,Wilfrid Laurier University ,1,2012,100.0,88.0,68.0
291,19,Wilfrid Laurier University ,1,2011,88.0,78.0,70.0
292,19,Wilfrid Laurier University ,1,2010,97.0,83.0,76.0
293,19,Wilfrid Laurier University ,1,2009,100.0,80.0,57.0
294,19,Wilfrid Laurier University ,1,2008,70.0,80.0,59.0
295,19,Wilfrid Laurier University ,1,2007,81.0,94.0,67.0
296,19,Wilfrid Laurier University ,1,2006,0.0,0.0,64.0
297,19,Wilfrid Laurier University ,1,2005,86.0,0.0,66.0
298,19,Wilfrid Laurier University ,1,2004,89.0,86.0,70.0
299,20,York University,1,2021,90.0,79.0,72.0
300,20,York University,1,2020,92.0,80.0,67.0
301,20,York University,1,2019,89.0,76.0,73.0
302,20,York University,1,2018,88.0,78.0,70.0
303,20,York University,1,2017,91.0,88.0,75.0
304,20,York University,1,2016,88.0,72.0,67.0
305,20,York University,1,2015,89.0,80.0,68.0
306,20,York University,1,2014,89.0,78.0,71.0
307,20,York University,1,2013,81.0,72.0,70.0
308,20,York University,1,2012,85.0,71.0,63.0
309,20,York University,1,2011,90.0,84.0,71.0
310,20,York University,1,2010,86.0,0.0,79.0
311,20,York University,1,2009,90.0,84.0,71.0
312,20,York University,1,2008,95.0,82.0,68.0
313,20,York University,1,2007,93.0,92.0,71.0
314,20,York University,1,2006,93.0,93.0,66.0
315,20,York University,1,2005,100.0,0.0,54.0
316,20,York University,1,2004,100.0,78.0,56.0
317,1,Algoma University,2,2013,91.0,71.0,0.0
318,2,Brock University,2,2021,0.0,0.0,0.0
338,3,Laurentian University,2,2021,77.0,91.0,0.0
337,4,Lakehead University,2,2021,0.0,0.0,0.0
341,5,OCAD University,2,2021,0.0,0.0,0.0
361,6,Trent University,2,2021,0.0,0.0,0.0
340,7,Nipissing University,2,2021,0.0,0.0,0.0
319,8,Carleton University,2,2021,89.0,95.0,90.0
320,8,Carleton University,2,2020,93.0,93.0,88.0
321,8,Carleton University,2,2019,88.0,89.0,91.0
322,8,Carleton University,2,2018,95.0,88.0,86.0
323,8,Carleton University,2,2017,87.0,84.0,89.0
324,8,Carleton University,2,2016,82.0,88.0,81.0
325,8,Carleton University,2,2015,100.0,95.0,95.0
326,8,Carleton University,2,2014,97.0,85.0,93.0
327,8,Carleton University,2,2013,96.0,96.0,94.0
328,8,Carleton University,2,2012,89.0,91.0,93.0
329,8,Carleton University,2,2011,92.0,86.0,95.0
330,8,Carleton University,2,2010,95.0,100.0,83.0
331,8,Carleton University,2,2009,100.0,94.0,86.0
332,8,Carleton University,2,2008,90.0,80.0,77.0
333,8,Carleton University,2,2007,78.0,100.0,84.0
334,8,Carleton University,2,2006,0.0,0.0,73.0
335,8,Carleton University,2,2005,90.0,100.0,72.0
336,8,Carleton University,2,2004,88.0,70.0,75.0
362,9,University of Guelph,2,2021,100.0,97.0,87.0
363,9,University of Guelph,2,2020,94.0,81.0,93.0
364,9,University of Guelph,2,2019,88.0,82.0,91.0
365,9,University of Guelph,2,2018,91.0,96.0,94.0
366,9,University of Guelph,2,2017,96.0,100.0,98.0
367,9,University of Guelph,2,2016,100.0,76.0,98.0
368,9,University of Guelph,2,2015,93.0,92.0,90.0
369,9,University of Guelph,2,2014,96.0,85.0,93.0
370,9,University of Guelph,2,2013,91.0,71.0,86.0
371,9,University of Guelph,2,2012,91.0,90.0,92.0
372,9,University of Guelph,2,2011,100.0,80.0,100.0
373,9,University of Guelph,2,2010,88.0,82.0,92.0
374,9,University of Guelph,2,2009,95.0,85.0,93.0
375,9,University of Guelph,2,2008,100.0,92.0,95.0
376,9,University of Guelph,2,2007,100.0,90.0,93.0
377,9,University of Guelph,2,2006,100.0,100.0,95.0
378,9,University of Guelph,2,2005,100.0,90.0,94.0
379,9,University of Guelph,2,2004,0.0,0.0,92.0
339,10,McMaster University,2,2021,0.0,0.0,0.0
342,11,Ontario Tech University,2,2021,0.0,0.0,0.0
380,12,University of Ottawa,2,2021,0.0,0.0,0.0
343,13,Queens University,2,2021,0.0,0.0,0.0
344,14,Toronto Metropolitan University,2,2021,100.0,100.0,83.0
345,14,Toronto Metropolitan University,2,2020,93.0,72.0,87.0
346,14,Toronto Metropolitan University,2,2019,89.0,89.0,89.0
347,14,Toronto Metropolitan University,2,2018,94.0,94.0,86.0
348,14,Toronto Metropolitan University,2,2017,94.0,94.0,75.0
349,14,Toronto Metropolitan University,2,2016,100.0,92.0,83.0
350,14,Toronto Metropolitan University,2,2015,89.0,94.0,80.0
351,14,Toronto Metropolitan University,2,2014,100.0,81.0,88.0
352,14,Toronto Metropolitan University,2,2013,91.0,83.0,86.0
353,14,Toronto Metropolitan University,2,2012,93.0,71.0,89.0
354,14,Toronto Metropolitan University,2,2011,92.0,78.0,82.0
355,14,Toronto Metropolitan University,2,2010,92.0,86.0,88.0
356,14,Toronto Metropolitan University,2,2009,96.0,92.0,86.0
357,14,Toronto Metropolitan University,2,2008,96.0,92.0,83.0
358,14,Toronto Metropolitan University,2,2007,92.0,96.0,80.0
359,14,Toronto Metropolitan University,2,2005,100.0,92.0,82.0
360,14,Toronto Metropolitan University,2,2004,100.0,95.0,75.0
381,15,University of Toronto,2,2021,97.0,77.0,0.0
382,15,University of Toronto,2,2020,88.0,69.0,0.0
383,15,University of Toronto,2,2019,79.0,86.0,0.0
384,15,University of Toronto,2,2018,93.0,78.0,0.0
385,15,University of Toronto,2,2017,100.0,93.0,0.0
386,15,University of Toronto,2,2016,95.0,95.0,0.0
387,15,University of Toronto,2,2015,100.0,58.0,0.0
388,15,University of Toronto,2,2014,100.0,100.0,0.0
389,15,University of Toronto,2,2013,100.0,0.0,0.0
390,15,University of Toronto,2,2012,100.0,100.0,0.0
391,15,University of Toronto,2,2011,100.0,100.0,0.0
392,15,University of Toronto,2,2010,83.0,71.0,0.0
393,15,University of Toronto,2,2009,100.0,0.0,0.0
394,15,University of Toronto,2,2008,0.0,0.0,0.0
395,15,University of Toronto,2,2007,0.0,0.0,0.0
396,15,University of Toronto,2,2006,0.0,0.0,0.0
397,15,University of Toronto,2,2005,0.0,0.0,0.0
398,15,University of Toronto,2,2004,0.0,0.0,80.0
399,16,University of Waterloo,2,2021,67.0,93.0,91.0
400,16,University of Waterloo,2,2020,89.0,88.0,95.0
401,16,University of Waterloo,2,2019,100.0,100.0,85.0
402,16,University of Waterloo,2,2018,100.0,100.0,91.0
403,16,University of Waterloo,2,2017,100.0,100.0,90.0
404,16,University of Waterloo,2,2016,83.0,100.0,86.0
405,16,University of Waterloo,2,2015,100.0,100.0,86.0
406,16,University of Waterloo,2,2014,100.0,95.0,87.0
407,16,University of Waterloo,2,2013,90.0,97.0,88.0
408,16,University of Waterloo,2,2012,0.0,100.0,78.0
409,16,University of Waterloo,2,2011,88.0,100.0,91.0
410,16,University of Waterloo,2,2010,92.0,94.0,88.0
411,16,University of Waterloo,2,2009,92.0,90.0,95.0
412,16,University of Waterloo,2,2008,100.0,100.0,97.0
413,16,University of Waterloo,2,2007,0.0,100.0,81.0
414,16,University of Waterloo,2,2006,0.0,100.0,84.0
415,16,University of Waterloo,2,2005,100.0,100.0,87.0
416,16,University of Waterloo,2,2004,0.0,0.0,94.0
417,17,University of Windsor,2,2021,0.0,0.0,0.0
418,18,Western University,2,2021,0.0,0.0,0.0
419,19,Wilfrid Laurier University ,2,2021,0.0,0.0,0.0
420,20,York University,2,2021,0.0,0.0,0.0
421,1,Algoma University,3,2013,96.0,88.0,0.0
422,2,Brock University,3,2021,99.0,96.0,77.0
423,2,Brock University,3,2020,96.0,92.0,75.0
424,2,Brock University,3,2019,99.0,96.0,75.0
425,2,Brock University,3,2018,97.0,93.0,77.0
426,2,Brock University,3,2017,97.0,93.0,75.0
427,2,Brock University,3,2016,97.0,95.0,75.0
428,2,Brock University,3,2015,96.0,94.0,81.0
429,2,Brock University,3,2014,95.0,91.0,77.0
430,2,Brock University,3,2013,95.0,89.0,71.0
431,2,Brock University,3,2012,98.0,94.0,74.0
432,2,Brock University,3,2011,97.0,89.0,73.0
433,2,Brock University,3,2010,94.0,86.0,84.0
434,2,Brock University,3,2009,96.0,88.0,76.0
435,2,Brock University,3,2008,95.0,93.0,81.0
436,2,Brock University,3,2007,94.0,95.0,74.0
437,2,Brock University,3,2006,98.0,92.0,69.0
438,2,Brock University,3,2005,96.0,94.0,72.0
439,2,Brock University,3,2004,97.0,95.0,66.0
476,3,Laurentian University,3,2021,96.0,97.0,66.0
477,3,Laurentian University,3,2020,98.0,95.0,65.0
478,3,Laurentian University,3,2019,100.0,98.0,70.0
479,3,Laurentian University,3,2018,96.0,98.0,0.0
480,3,Laurentian University,3,2017,97.0,97.0,66.0
481,3,Laurentian University,3,2016,98.0,98.0,67.0
482,3,Laurentian University,3,2015,96.0,95.0,63.0
483,3,Laurentian University,3,2014,97.0,95.0,70.0
484,3,Laurentian University,3,2013,96.0,96.0,66.0
485,3,Laurentian University,3,2012,99.0,98.0,68.0
486,3,Laurentian University,3,2011,97.0,95.0,72.0
487,3,Laurentian University,3,2010,98.0,96.0,70.0
488,3,Laurentian University,3,2009,98.0,98.0,73.0
489,3,Laurentian University,3,2008,94.0,99.0,73.0
490,3,Laurentian University,3,2007,99.0,99.0,66.0
491,3,Laurentian University,3,2006,98.0,98.0,67.0
492,3,Laurentian University,3,2005,100.0,97.0,71.0
493,3,Laurentian University,3,2004,100.0,100.0,68.0
494,3,Laurentian University,3,2003,98.0,95.0,63.0
458,4,Lakehead University,3,2021,93.0,93.0,67.0
459,4,Lakehead University,3,2020,100.0,95.0,66.0
460,4,Lakehead University,3,2019,98.0,96.0,61.0
461,4,Lakehead University,3,2018,98.0,93.0,64.0
462,4,Lakehead University,3,2017,100.0,100.0,66.0
463,4,Lakehead University,3,2016,100.0,98.0,68.0
464,4,Lakehead University,3,2015,89.0,86.0,72.0
465,4,Lakehead University,3,2014,97.0,96.0,71.0
466,4,Lakehead University,3,2013,98.0,98.0,75.0
467,4,Lakehead University,3,2012,95.0,88.0,70.0
468,4,Lakehead University,3,2011,96.0,100.0,72.0
469,4,Lakehead University,3,2010,93.0,89.0,74.0
470,4,Lakehead University,3,2009,91.0,90.0,73.0
471,4,Lakehead University,3,2008,88.0,81.0,75.0
472,4,Lakehead University,3,2007,96.0,96.0,79.0
473,4,Lakehead University,3,2006,100.0,95.0,67.0
474,4,Lakehead University,3,2005,100.0,91.0,68.0
475,4,Lakehead University,3,2004,100.0,100.0,71.0
531,5,OCAD University,3,2021,0.0,0.0,0.0
583,6,Trent University,3,2021,91.0,84.0,73.0
584,6,Trent University,3,2020,93.0,85.0,66.0
585,6,Trent University,3,2019,94.0,83.0,58.0
586,6,Trent University,3,2018,97.0,93.0,58.0
587,6,Trent University,3,2017,96.0,89.0,61.0
588,6,Trent University,3,2016,92.0,62.0,54.0
589,6,Trent University,3,2015,90.0,85.0,63.0
590,6,Trent University,3,2014,84.0,81.0,59.0
591,6,Trent University,3,2013,93.0,86.0,59.0
592,6,Trent University,3,2012,81.0,81.0,64.0
593,6,Trent University,3,2011,92.0,96.0,64.0
594,6,Trent University,3,2010,97.0,91.0,71.0
595,6,Trent University,3,2009,100.0,100.0,69.0
596,6,Trent University,3,2008,100.0,100.0,78.0
597,6,Trent University,3,2007,97.0,94.0,65.0
598,6,Trent University,3,2006,100.0,100.0,84.0
599,6,Trent University,3,2005,96.0,96.0,60.0
600,6,Trent University,3,2004,100.0,100.0,51.0
513,7,Nipissing University,3,2021,98.0,95.0,58.0
514,7,Nipissing University,3,2020,97.0,92.0,65.0
515,7,Nipissing University,3,2019,94.0,97.0,64.0
516,7,Nipissing University,3,2018,92.0,94.0,68.0
517,7,Nipissing University,3,2017,97.0,98.0,67.0
518,7,Nipissing University,3,2016,97.0,96.0,69.0
519,7,Nipissing University,3,2015,99.0,91.0,68.0
520,7,Nipissing University,3,2014,94.0,85.0,67.0
521,7,Nipissing University,3,2013,95.0,90.0,74.0
522,7,Nipissing University,3,2012,96.0,88.0,71.0
523,7,Nipissing University,3,2011,94.0,90.0,69.0
524,7,Nipissing University,3,2010,97.0,89.0,75.0
525,7,Nipissing University,3,2009,97.0,94.0,86.0
526,7,Nipissing University,3,2008,100.0,90.0,89.0
527,7,Nipissing University,3,2007,100.0,96.0,74.0
528,7,Nipissing University,3,2006,93.0,100.0,74.0
529,7,Nipissing University,3,2005,100.0,94.0,76.0
530,7,Nipissing University,3,2004,89.0,88.0,65.0
440,8,Carleton University,3,2021,96.0,91.0,82.0
441,8,Carleton University,3,2020,99.0,94.0,77.0
442,8,Carleton University,3,2019,99.0,96.0,75.0
443,8,Carleton University,3,2018,95.0,92.0,77.0
444,8,Carleton University,3,2017,97.0,90.0,75.0
445,8,Carleton University,3,2016,97.0,94.0,74.0
446,8,Carleton University,3,2015,96.0,93.0,77.0
447,8,Carleton University,3,2014,93.0,88.0,78.0
448,8,Carleton University,3,2013,98.0,87.0,77.0
449,8,Carleton University,3,2012,97.0,90.0,74.0
450,8,Carleton University,3,2011,96.0,92.0,78.0
451,8,Carleton University,3,2010,96.0,89.0,78.0
452,8,Carleton University,3,2009,95.0,89.0,81.0
453,8,Carleton University,3,2008,98.0,94.0,79.0
454,8,Carleton University,3,2007,96.0,92.0,77.0
455,8,Carleton University,3,2006,96.0,90.0,74.0
456,8,Carleton University,3,2005,98.0,96.0,73.0
457,8,Carleton University,3,2004,100.0,93.0,67.0
601,9,University of Guelph,3,2021,93.0,93.0,83.0
602,9,University of Guelph,3,2020,94.0,88.0,83.0
603,9,University of Guelph,3,2019,95.0,91.0,84.0
604,9,University of Guelph,3,2018,92.0,95.0,80.0
605,9,University of Guelph,3,2017,96.0,95.0,80.0
606,9,University of Guelph,3,2016,98.0,92.0,81.0
607,9,University of Guelph,3,2015,96.0,93.0,77.0
608,9,University of Guelph,3,2014,94.0,93.0,77.0
609,9,University of Guelph,3,2013,96.0,88.0,80.0
610,9,University of Guelph,3,2012,97.0,90.0,78.0
611,9,University of Guelph,3,2011,96.0,92.0,81.0
612,9,University of Guelph,3,2010,94.0,91.0,81.0
613,9,University of Guelph,3,2009,94.0,90.0,83.0
614,9,University of Guelph,3,2008,94.0,91.0,80.0
615,9,University of Guelph,3,2007,98.0,96.0,79.0
616,9,University of Guelph,3,2006,97.0,98.0,83.0
617,9,University of Guelph,3,2005,100.0,100.0,76.0
618,9,University of Guelph,3,2004,99.0,96.0,76.0
495,10,McMaster University,3,2021,95.0,95.0,88.0
496,10,McMaster University,3,2020,96.0,85.0,87.0
497,10,McMaster University,3,2019,98.0,96.0,87.0
498,10,McMaster University,3,2018,93.0,94.0,83.0
499,10,McMaster University,3,2017,98.0,94.0,78.0
500,10,McMaster University,3,2016,95.0,92.0,89.0
501,10,McMaster University,3,2015,97.0,93.0,85.0
502,10,McMaster University,3,2014,98.0,92.0,84.0
503,10,McMaster University,3,2013,96.0,91.0,84.0
504,10,McMaster University,3,2012,99.0,90.0,79.0
505,10,McMaster University,3,2011,94.0,89.0,85.0
506,10,McMaster University,3,2010,94.0,93.0,89.0
507,10,McMaster University,3,2009,96.0,89.0,87.0
508,10,McMaster University,3,2008,94.0,92.0,86.0
509,10,McMaster University,3,2007,97.0,95.0,88.0
510,10,McMaster University,3,2006,99.0,96.0,84.0
511,10,McMaster University,3,2005,97.0,96.0,84.0
512,10,McMaster University,3,2004,95.0,91.0,83.0
532,11,Ontario Tech University,3,2021,93.0,92.0,61.0
533,11,Ontario Tech University,3,2020,97.0,88.0,59.0
534,11,Ontario Tech University,3,2019,92.0,89.0,60.0
535,11,Ontario Tech University,3,2018,93.0,92.0,62.0
536,11,Ontario Tech University,3,2017,92.0,86.0,56.0
537,11,Ontario Tech University,3,2016,91.0,80.0,66.0
538,11,Ontario Tech University,3,2015,92.0,80.0,67.0
539,11,Ontario Tech University,3,2014,93.0,83.0,58.0
540,11,Ontario Tech University,3,2013,92.0,82.0,63.0
541,11,Ontario Tech University,3,2012,99.0,83.0,71.0
542,11,Ontario Tech University,3,2011,97.0,83.0,65.0
543,11,Ontario Tech University,3,2010,92.0,97.0,76.0
544,11,Ontario Tech University,3,2009,97.0,84.0,0.0
545,11,Ontario Tech University,3,2008,93.0,98.0,0.0
546,11,Ontario Tech University,3,2007,98.0,91.0,0.0
619,12,University of Ottawa,3,2021,96.0,95.0,73.0
620,12,University of Ottawa,3,2020,99.0,90.0,74.0
621,12,University of Ottawa,3,2019,99.0,94.0,70.0
622,12,University of Ottawa,3,2018,97.0,95.0,70.0
623,12,University of Ottawa,3,2017,99.0,94.0,69.0
624,12,University of Ottawa,3,2016,99.0,95.0,69.0
625,12,University of Ottawa,3,2015,96.0,92.0,71.0
626,12,University of Ottawa,3,2014,98.0,90.0,70.0
627,12,University of Ottawa,3,2013,96.0,90.0,72.0
628,12,University of Ottawa,3,2012,97.0,93.0,71.0
629,12,University of Ottawa,3,2011,97.0,90.0,77.0
630,12,University of Ottawa,3,2010,98.0,90.0,79.0
631,12,University of Ottawa,3,2009,97.0,93.0,78.0
632,12,University of Ottawa,3,2008,95.0,98.0,78.0
633,12,University of Ottawa,3,2007,99.0,97.0,79.0
634,12,University of Ottawa,3,2006,98.0,97.0,75.0
635,12,University of Ottawa,3,2005,98.0,95.0,78.0
636,12,University of Ottawa,3,2004,99.0,99.0,75.0
547,13,Queens University,3,2021,100.0,98.0,97.0
548,13,Queens University,3,2020,96.0,95.0,94.0
549,13,Queens University,3,2019,95.0,98.0,97.0
550,13,Queens University,3,2018,97.0,96.0,95.0
551,13,Queens University,3,2017,98.0,97.0,95.0
552,13,Queens University,3,2016,99.0,97.0,98.0
553,13,Queens University,3,2015,98.0,96.0,93.0
554,13,Queens University,3,2014,99.0,95.0,94.0
555,13,Queens University,3,2013,99.0,97.0,97.0
556,13,Queens University,3,2012,97.0,98.0,93.0
557,13,Queens University,3,2011,98.0,98.0,97.0
558,13,Queens University,3,2010,96.0,92.0,96.0
559,13,Queens University,3,2009,94.0,91.0,94.0
560,13,Queens University,3,2008,100.0,96.0,96.0
561,13,Queens University,3,2007,96.0,99.0,96.0
562,13,Queens University,3,2006,100.0,100.0,96.0
563,13,Queens University,3,2005,98.0,98.0,92.0
564,13,Queens University,3,2004,98.0,100.0,96.0
565,14,Toronto Metropolitan University,3,2021,94.0,92.0,77.0
566,14,Toronto Metropolitan University,3,2020,94.0,81.0,76.0
567,14,Toronto Metropolitan University,3,2019,93.0,91.0,76.0
568,14,Toronto Metropolitan University,3,2018,93.0,93.0,76.0
569,14,Toronto Metropolitan University,3,2017,95.0,92.0,74.0
570,14,Toronto Metropolitan University,3,2016,94.0,87.0,76.0
571,14,Toronto Metropolitan University,3,2015,95.0,87.0,74.0
572,14,Toronto Metropolitan University,3,2014,92.0,86.0,75.0
573,14,Toronto Metropolitan University,3,2013,93.0,84.0,71.0
574,14,Toronto Metropolitan University,3,2012,95.0,86.0,67.0
575,14,Toronto Metropolitan University,3,2011,93.0,87.0,73.0
576,14,Toronto Metropolitan University,3,2010,95.0,87.0,78.0
577,14,Toronto Metropolitan University,3,2009,95.0,87.0,75.0
578,14,Toronto Metropolitan University,3,2008,94.0,93.0,80.0
579,14,Toronto Metropolitan University,3,2007,96.0,94.0,78.0
580,14,Toronto Metropolitan University,3,2006,100.0,100.0,76.0
581,14,Toronto Metropolitan University,3,2005,97.0,95.0,74.0
582,14,Toronto Metropolitan University,3,2004,97.0,91.0,69.0
637,15,University of Toronto,3,2021,93.0,93.0,82.0
638,15,University of Toronto,3,2020,97.0,85.0,81.0
639,15,University of Toronto,3,2019,95.0,90.0,80.0
640,15,University of Toronto,3,2018,97.0,92.0,80.0
641,15,University of Toronto,3,2017,97.0,90.0,81.0
642,15,University of Toronto,3,2016,97.0,85.0,79.0
643,15,University of Toronto,3,2015,96.0,87.0,79.0
644,15,University of Toronto,3,2014,94.0,84.0,79.0
645,15,University of Toronto,3,2013,96.0,84.0,76.0
646,15,University of Toronto,3,2012,93.0,86.0,75.0
647,15,University of Toronto,3,2011,94.0,85.0,76.0
648,15,University of Toronto,3,2010,92.0,81.0,82.0
649,15,University of Toronto,3,2009,94.0,84.0,84.0
650,15,University of Toronto,3,2008,95.0,91.0,81.0
651,15,University of Toronto,3,2007,97.0,94.0,0.0
652,15,University of Toronto,3,2005,98.0,96.0,80.0
653,15,University of Toronto,3,2004,99.0,93.0,80.0
654,16,University of Waterloo,3,2021,92.0,95.0,84.0
655,16,University of Waterloo,3,2020,97.0,93.0,84.0
656,16,University of Waterloo,3,2019,98.0,95.0,85.0
657,16,University of Waterloo,3,2018,97.0,97.0,85.0
658,16,University of Waterloo,3,2017,99.0,96.0,83.0
659,16,University of Waterloo,3,2016,99.0,90.0,82.0
660,16,University of Waterloo,3,2015,97.0,93.0,83.0
661,16,University of Waterloo,3,2014,99.0,90.0,79.0
662,16,University of Waterloo,3,2013,99.0,89.0,79.0
663,16,University of Waterloo,3,2012,96.0,87.0,77.0
664,16,University of Waterloo,3,2011,99.0,87.0,76.0
665,16,University of Waterloo,3,2010,97.0,95.0,85.0
666,16,University of Waterloo,3,2009,100.0,96.0,83.0
667,16,University of Waterloo,3,2008,96.0,96.0,79.0
668,16,University of Waterloo,3,2007,100.0,100.0,92.0
669,16,University of Waterloo,3,2006,100.0,100.0,96.0
670,16,University of Waterloo,3,2005,0.0,0.0,95.0
671,16,University of Waterloo,3,2004,100.0,100.0,98.0
672,17,University of Windsor,3,2021,96.0,98.0,66.0
673,17,University of Windsor,3,2020,95.0,90.0,72.0
674,17,University of Windsor,3,2019,93.0,93.0,69.0
675,17,University of Windsor,3,2018,92.0,93.0,65.0
676,17,University of Windsor,3,2017,94.0,90.0,65.0
677,17,University of Windsor,3,2016,94.0,87.0,72.0
678,17,University of Windsor,3,2015,95.0,92.0,65.0
679,17,University of Windsor,3,2014,94.0,90.0,61.0
680,17,University of Windsor,3,2013,96.0,89.0,60.0
681,17,University of Windsor,3,2012,92.0,81.0,58.0
682,17,University of Windsor,3,2011,90.0,95.0,64.0
683,17,University of Windsor,3,2010,94.0,83.0,70.0
684,17,University of Windsor,3,2009,94.0,80.0,64.0
685,17,University of Windsor,3,2008,94.0,92.0,62.0
686,17,University of Windsor,3,2007,99.0,94.0,66.0
687,17,University of Windsor,3,2006,92.0,96.0,67.0
688,17,University of Windsor,3,2005,91.0,88.0,63.0
689,17,University of Windsor,3,2004,99.0,96.0,68.0
690,18,Western University,3,2021,94.0,95.0,86.0
691,18,Western University,3,2020,96.0,90.0,88.0
692,18,Western University,3,2019,97.0,95.0,88.0
693,18,Western University,3,2018,96.0,95.0,86.0
694,18,Western University,3,2017,97.0,92.0,87.0
695,18,Western University,3,2016,97.0,94.0,89.0
696,18,Western University,3,2015,97.0,90.0,85.0
697,18,Western University,3,2014,97.0,92.0,86.0
698,18,Western University,3,2013,96.0,90.0,85.0
699,18,Western University,3,2012,97.0,92.0,81.0
700,18,Western University,3,2011,95.0,89.0,83.0
701,18,Western University,3,2010,97.0,90.0,87.0
702,18,Western University,3,2009,96.0,87.0,88.0
703,18,Western University,3,2008,96.0,91.0,81.0
704,18,Western University,3,2007,95.0,95.0,86.0
705,18,Western University,3,2006,97.0,97.0,84.0
706,18,Western University,3,2005,98.0,98.0,80.0
707,18,Western University,3,2004,97.0,96.0,78.0
708,19,Wilfrid Laurier University ,3,2021,96.0,94.0,86.0
709,19,Wilfrid Laurier University ,3,2020,98.0,93.0,86.0
710,19,Wilfrid Laurier University ,3,2019,97.0,95.0,86.0
711,19,Wilfrid Laurier University ,3,2018,95.0,95.0,85.0
712,19,Wilfrid Laurier University ,3,2017,99.0,96.0,88.0
713,19,Wilfrid Laurier University ,3,2016,97.0,94.0,88.0
714,19,Wilfrid Laurier University ,3,2015,98.0,94.0,89.0
715,19,Wilfrid Laurier University ,3,2014,98.0,94.0,89.0
716,19,Wilfrid Laurier University ,3,2013,97.0,92.0,87.0
717,19,Wilfrid Laurier University ,3,2012,98.0,93.0,89.0
718,19,Wilfrid Laurier University ,3,2011,96.0,88.0,88.0
719,19,Wilfrid Laurier University ,3,2010,97.0,92.0,92.0
720,19,Wilfrid Laurier University ,3,2009,99.0,91.0,88.0
721,19,Wilfrid Laurier University ,3,2008,99.0,94.0,89.0
722,19,Wilfrid Laurier University ,3,2007,97.0,97.0,89.0
723,19,Wilfrid Laurier University ,3,2006,98.0,98.0,94.0
724,19,Wilfrid Laurier University ,3,2005,99.0,99.0,91.0
725,19,Wilfrid Laurier University ,3,2004,98.0,98.0,89.0
726,20,York University,3,2021,94.0,92.0,79.0
727,20,York University,3,2020,95.0,86.0,81.0
728,20,York University,3,2019,92.0,87.0,79.0
729,20,York University,3,2018,92.0,92.0,78.0
730,20,York University,3,2017,98.0,90.0,80.0
731,20,York University,3,2016,96.0,88.0,79.0
732,20,York University,3,2015,93.0,86.0,80.0
733,20,York University,3,2014,93.0,89.0,77.0
734,20,York University,3,2013,94.0,86.0,83.0
735,20,York University,3,2012,95.0,88.0,77.0
736,20,York University,3,2011,94.0,86.0,77.0
737,20,York University,3,2010,93.0,86.0,76.0
738,20,York University,3,2009,94.0,86.0,77.0
739,20,York University,3,2008,92.0,89.0,73.0
740,20,York University,3,2007,95.0,93.0,75.0
741,20,York University,3,2006,95.0,95.0,73.0
742,20,York University,3,2005,96.0,92.0,69.0
743,20,York University,3,2004,94.0,94.0,69.0
744,1,Algoma University,4,2013,100.0,100.0,0.0
745,2,Brock University,4,2021,100.0,83.0,50.0
746,2,Brock University,4,2020,93.0,50.0,43.0
747,2,Brock University,4,2019,100.0,100.0,49.0
748,2,Brock University,4,2018,90.0,90.0,43.0
749,2,Brock University,4,2017,100.0,100.0,56.0
750,2,Brock University,4,2016,80.0,83.0,47.0
751,2,Brock University,4,2015,92.0,92.0,62.0
752,2,Brock University,4,2014,100.0,85.0,53.0
753,2,Brock University,4,2013,100.0,80.0,43.0
754,2,Brock University,4,2012,100.0,100.0,58.0
755,2,Brock University,4,2011,100.0,100.0,52.0
756,2,Brock University,4,2010,92.0,100.0,59.0
757,2,Brock University,4,2009,0.0,0.0,74.0
758,2,Brock University,4,2008,100.0,89.0,63.0
759,2,Brock University,4,2007,92.0,92.0,59.0
760,2,Brock University,4,2006,67.0,78.0,63.0
761,2,Brock University,4,2005,100.0,100.0,54.0
762,2,Brock University,4,2004,75.0,75.0,47.0
798,3,Laurentian University,4,2021,100.0,80.0,65.0
799,3,Laurentian University,4,2020,88.0,88.0,44.0
800,3,Laurentian University,4,2019,0.0,0.0,31.0
801,3,Laurentian University,4,2018,0.0,0.0,0.0
802,3,Laurentian University,4,2017,0.0,0.0,63.0
803,3,Laurentian University,4,2016,100.0,100.0,58.0
804,3,Laurentian University,4,2015,100.0,60.0,56.0
805,3,Laurentian University,4,2014,75.0,86.0,55.0
806,3,Laurentian University,4,2013,0.0,0.0,58.0
807,3,Laurentian University,4,2012,0.0,0.0,57.0
808,3,Laurentian University,4,2011,0.0,0.0,65.0
809,3,Laurentian University,4,2010,90.0,90.0,62.0
810,3,Laurentian University,4,2009,88.0,88.0,41.0
811,3,Laurentian University,4,2008,100.0,86.0,49.0
812,3,Laurentian University,4,2007,100.0,100.0,54.0
813,3,Laurentian University,4,2006,0.0,0.0,41.0
814,3,Laurentian University,4,2005,0.0,0.0,70.0
815,3,Laurentian University,4,2004,0.0,0.0,43.0
816,3,Laurentian University,4,2003,89.0,81.0,22.0
781,4,Lakehead University,4,2021,80.0,60.0,50.0
782,4,Lakehead University,4,2020,0.0,0.0,56.0
783,4,Lakehead University,4,2019,100.0,100.0,56.0
784,4,Lakehead University,4,2018,100.0,100.0,38.0
785,4,Lakehead University,4,2017,100.0,0.0,42.0
786,4,Lakehead University,4,2016,0.0,0.0,50.0
787,4,Lakehead University,4,2015,100.0,100.0,71.0
788,4,Lakehead University,4,2014,100.0,100.0,92.0
789,4,Lakehead University,4,2013,100.0,0.0,73.0
790,4,Lakehead University,4,2012,0.0,0.0,64.0
791,4,Lakehead University,4,2011,0.0,0.0,64.0
792,4,Lakehead University,4,2010,100.0,0.0,55.0
793,4,Lakehead University,4,2009,0.0,0.0,72.0
794,4,Lakehead University,4,2008,0.0,0.0,81.0
795,4,Lakehead University,4,2007,0.0,0.0,75.0
796,4,Lakehead University,4,2006,0.0,0.0,71.0
797,4,Lakehead University,4,2004,0.0,0.0,64.0
848,5,OCAD University,4,2021,0.0,0.0,0.0
899,6,Trent University,4,2021,80.0,85.0,47.0
900,6,Trent University,4,2020,92.0,58.0,48.0
901,6,Trent University,4,2019,85.0,92.0,75.0
902,6,Trent University,4,2018,88.0,88.0,50.0
903,6,Trent University,4,2017,100.0,100.0,83.0
904,6,Trent University,4,2016,100.0,90.0,100.0
905,6,Trent University,4,2015,100.0,100.0,0.0
906,6,Trent University,4,2014,75.0,100.0,0.0
907,6,Trent University,4,2013,0.0,0.0,0.0
908,6,Trent University,4,2012,0.0,0.0,0.0
909,6,Trent University,4,2011,0.0,0.0,0.0
910,6,Trent University,4,2010,80.0,100.0,54.0
911,6,Trent University,4,2008,0.0,0.0,71.0
912,6,Trent University,4,2006,0.0,0.0,43.0
913,6,Trent University,4,2004,100.0,100.0,62.0
835,7,Nipissing University,4,2021,100.0,100.0,40.0
836,7,Nipissing University,4,2020,0.0,0.0,33.0
837,7,Nipissing University,4,2019,0.0,0.0,33.0
838,7,Nipissing University,4,2018,100.0,100.0,50.0
839,7,Nipissing University,4,2016,100.0,75.0,50.0
840,7,Nipissing University,4,2014,100.0,100.0,50.0
841,7,Nipissing University,4,2013,0.0,0.0,50.0
842,7,Nipissing University,4,2012,0.0,0.0,67.0
843,7,Nipissing University,4,2011,0.0,0.0,0.0
844,7,Nipissing University,4,2009,0.0,0.0,100.0
845,7,Nipissing University,4,2007,100.0,0.0,0.0
846,7,Nipissing University,4,2005,0.0,0.0,0.0
847,7,Nipissing University,4,2004,0.0,0.0,0.0
763,8,Carleton University,4,2021,90.0,88.0,61.0
764,8,Carleton University,4,2020,97.0,89.0,57.0
765,8,Carleton University,4,2019,96.0,90.0,56.0
766,8,Carleton University,4,2018,96.0,88.0,57.0
767,8,Carleton University,4,2017,96.0,91.0,60.0
768,8,Carleton University,4,2016,98.0,93.0,51.0
769,8,Carleton University,4,2015,96.0,88.0,67.0
770,8,Carleton University,4,2014,96.0,92.0,49.0
771,8,Carleton University,4,2013,88.0,88.0,59.0
772,8,Carleton University,4,2012,97.0,97.0,75.0
773,8,Carleton University,4,2011,100.0,97.0,60.0
774,8,Carleton University,4,2010,97.0,100.0,52.0
775,8,Carleton University,4,2009,100.0,78.0,66.0
776,8,Carleton University,4,2008,100.0,100.0,59.0
777,8,Carleton University,4,2007,90.0,95.0,61.0
778,8,Carleton University,4,2006,100.0,94.0,57.0
779,8,Carleton University,4,2005,95.0,91.0,62.0
780,8,Carleton University,4,2004,100.0,82.0,56.0
914,9,University of Guelph,4,2021,88.0,80.0,73.0
915,9,University of Guelph,4,2020,94.0,79.0,64.0
916,9,University of Guelph,4,2019,96.0,96.0,63.0
917,9,University of Guelph,4,2018,96.0,100.0,68.0
918,9,University of Guelph,4,2017,96.0,89.0,54.0
919,9,University of Guelph,4,2016,100.0,100.0,65.0
920,9,University of Guelph,4,2015,100.0,79.0,62.0
921,9,University of Guelph,4,2014,100.0,100.0,68.0
922,9,University of Guelph,4,2013,100.0,100.0,59.0
923,9,University of Guelph,4,2012,100.0,100.0,74.0
924,9,University of Guelph,4,2011,93.0,100.0,60.0
925,9,University of Guelph,4,2010,100.0,89.0,72.0
926,9,University of Guelph,4,2009,96.0,100.0,56.0
927,9,University of Guelph,4,2008,100.0,96.0,68.0
928,9,University of Guelph,4,2007,100.0,86.0,70.0
929,9,University of Guelph,4,2006,100.0,93.0,64.0
930,9,University of Guelph,4,2005,100.0,100.0,64.0
931,9,University of Guelph,4,2004,100.0,100.0,68.0
817,10,McMaster University,4,2021,100.0,86.0,0.0
818,10,McMaster University,4,2020,100.0,89.0,0.0
819,10,McMaster University,4,2019,93.0,92.0,0.0
820,10,McMaster University,4,2018,94.0,82.0,0.0
821,10,McMaster University,4,2017,100.0,94.0,0.0
822,10,McMaster University,4,2016,100.0,88.0,0.0
823,10,McMaster University,4,2015,100.0,95.0,0.0
824,10,McMaster University,4,2014,90.0,100.0,0.0
825,10,McMaster University,4,2013,100.0,100.0,0.0
826,10,McMaster University,4,2012,0.0,0.0,0.0
827,10,McMaster University,4,2011,0.0,0.0,0.0
828,10,McMaster University,4,2010,100.0,0.0,0.0
829,10,McMaster University,4,2009,100.0,0.0,0.0
830,10,McMaster University,4,2008,0.0,0.0,0.0
831,10,McMaster University,4,2007,0.0,0.0,0.0
832,10,McMaster University,4,2006,0.0,0.0,0.0
833,10,McMaster University,4,2005,100.0,88.0,0.0
834,10,McMaster University,4,2004,0.0,0.0,0.0
849,11,Ontario Tech University,4,2021,92.0,88.0,44.0
850,11,Ontario Tech University,4,2020,92.0,66.0,53.0
851,11,Ontario Tech University,4,2019,93.0,81.0,48.0
852,11,Ontario Tech University,4,2018,86.0,86.0,58.0
853,11,Ontario Tech University,4,2017,97.0,86.0,59.0
854,11,Ontario Tech University,4,2016,92.0,64.0,59.0
855,11,Ontario Tech University,4,2015,93.0,88.0,63.0
856,11,Ontario Tech University,4,2014,95.0,85.0,51.0
857,11,Ontario Tech University,4,2013,94.0,91.0,60.0
858,11,Ontario Tech University,4,2012,92.0,83.0,63.0
859,11,Ontario Tech University,4,2011,93.0,71.0,0.0
860,11,Ontario Tech University,4,2010,91.0,86.0,0.0
861,11,Ontario Tech University,4,2009,93.0,70.0,0.0
862,11,Ontario Tech University,4,2008,0.0,0.0,0.0
932,12,University of Ottawa,4,2021,87.0,89.0,59.0
933,12,University of Ottawa,4,2020,86.0,76.0,40.0
934,12,University of Ottawa,4,2019,100.0,93.0,46.0
935,12,University of Ottawa,4,2018,89.0,100.0,58.0
936,12,University of Ottawa,4,2017,100.0,88.0,37.0
937,12,University of Ottawa,4,2016,100.0,100.0,42.0
938,12,University of Ottawa,4,2015,100.0,71.0,65.0
939,12,University of Ottawa,4,2014,89.0,80.0,57.0
940,12,University of Ottawa,4,2013,100.0,85.0,57.0
941,12,University of Ottawa,4,2012,93.0,85.0,56.0
942,12,University of Ottawa,4,2011,100.0,100.0,44.0
943,12,University of Ottawa,4,2010,0.0,0.0,46.0
944,12,University of Ottawa,4,2009,86.0,86.0,74.0
945,12,University of Ottawa,4,2008,0.0,0.0,57.0
946,12,University of Ottawa,4,2007,100.0,93.0,58.0
947,12,University of Ottawa,4,2006,91.0,90.0,54.0
948,12,University of Ottawa,4,2005,100.0,91.0,63.0
949,12,University of Ottawa,4,2004,100.0,88.0,60.0
863,13,Queens University,4,2021,95.0,88.0,0.0
864,13,Queens University,4,2020,90.0,85.0,100.0
865,13,Queens University,4,2019,100.0,97.0,0.0
866,13,Queens University,4,2018,87.0,94.0,0.0
867,13,Queens University,4,2017,96.0,91.0,0.0
868,13,Queens University,4,2016,100.0,91.0,0.0
869,13,Queens University,4,2015,97.0,81.0,0.0
870,13,Queens University,4,2014,90.0,95.0,0.0
871,13,Queens University,4,2013,100.0,81.0,100.0
872,13,Queens University,4,2012,73.0,78.0,79.0
873,13,Queens University,4,2011,100.0,93.0,85.0
874,13,Queens University,4,2010,100.0,89.0,86.0
875,13,Queens University,4,2009,100.0,93.0,80.0
876,13,Queens University,4,2008,100.0,74.0,80.0
877,13,Queens University,4,2007,100.0,88.0,81.0
878,13,Queens University,4,2006,91.0,88.0,82.0
879,13,Queens University,4,2005,100.0,100.0,71.0
880,13,Queens University,4,2004,85.0,92.0,74.0
881,14,Toronto Metropolitan University,4,2021,84.0,77.0,69.0
882,14,Toronto Metropolitan University,4,2020,88.0,81.0,68.0
883,14,Toronto Metropolitan University,4,2019,98.0,83.0,55.0
884,14,Toronto Metropolitan University,4,2018,91.0,91.0,59.0
885,14,Toronto Metropolitan University,4,2017,89.0,79.0,57.0
886,14,Toronto Metropolitan University,4,2016,100.0,86.0,54.0
887,14,Toronto Metropolitan University,4,2015,86.0,92.0,67.0
888,14,Toronto Metropolitan University,4,2014,92.0,85.0,66.0
889,14,Toronto Metropolitan University,4,2013,96.0,96.0,53.0
890,14,Toronto Metropolitan University,4,2012,95.0,80.0,47.0
891,14,Toronto Metropolitan University,4,2011,95.0,86.0,63.0
892,14,Toronto Metropolitan University,4,2010,88.0,88.0,69.0
893,14,Toronto Metropolitan University,4,2009,96.0,88.0,69.0
894,14,Toronto Metropolitan University,4,2008,100.0,96.0,74.0
895,14,Toronto Metropolitan University,4,2007,100.0,95.0,66.0
896,14,Toronto Metropolitan University,4,2006,0.0,0.0,66.0
897,14,Toronto Metropolitan University,4,2005,95.0,91.0,68.0
898,14,Toronto Metropolitan University,4,2004,96.0,85.0,57.0
950,15,University of Toronto,4,2021,92.0,90.0,0.0
951,15,University of Toronto,4,2020,97.0,85.0,0.0
952,15,University of Toronto,4,2019,96.0,89.0,0.0
953,15,University of Toronto,4,2017,95.0,88.0,0.0
954,15,University of Toronto,4,2016,98.0,84.0,0.0
955,15,University of Toronto,4,2015,92.0,92.0,100.0
956,15,University of Toronto,4,2014,92.0,93.0,70.0
957,15,University of Toronto,4,2013,95.0,98.0,66.0
958,15,University of Toronto,4,2012,100.0,87.0,67.0
959,15,University of Toronto,4,2011,100.0,92.0,74.0
960,15,University of Toronto,4,2010,89.0,80.0,83.0
961,15,University of Toronto,4,2009,98.0,85.0,82.0
962,15,University of Toronto,4,2008,95.0,94.0,86.0
963,15,University of Toronto,4,2007,96.0,94.0,0.0
964,15,University of Toronto,4,2005,100.0,100.0,75.0
965,15,University of Toronto,4,2004,97.0,77.0,78.0
966,16,University of Waterloo,4,2021,97.0,96.0,85.0
967,16,University of Waterloo,4,2020,99.0,90.0,87.0
968,16,University of Waterloo,4,2019,98.0,91.0,75.0
969,16,University of Waterloo,4,2018,96.0,88.0,79.0
970,16,University of Waterloo,4,2017,97.0,95.0,78.0
971,16,University of Waterloo,4,2016,98.0,93.0,76.0
972,16,University of Waterloo,4,2015,98.0,94.0,69.0
973,16,University of Waterloo,4,2014,99.0,96.0,70.0
974,16,University of Waterloo,4,2013,100.0,96.0,71.0
975,16,University of Waterloo,4,2012,100.0,95.0,76.0
976,16,University of Waterloo,4,2011,100.0,96.0,70.0
977,16,University of Waterloo,4,2010,98.0,95.0,80.0
978,16,University of Waterloo,4,2009,99.0,90.0,83.0
979,16,University of Waterloo,4,2008,95.0,94.0,86.0
980,16,University of Waterloo,4,2007,100.0,98.0,88.0
981,16,University of Waterloo,4,2006,98.0,98.0,83.0
982,16,University of Waterloo,4,2005,97.0,99.0,87.0
983,16,University of Waterloo,4,2004,97.0,94.0,78.0
984,17,University of Windsor,4,2021,92.0,83.0,61.0
985,17,University of Windsor,4,2020,89.0,65.0,61.0
986,17,University of Windsor,4,2019,97.0,79.0,63.0
987,17,University of Windsor,4,2018,86.0,80.0,67.0
988,17,University of Windsor,4,2017,88.0,96.0,71.0
989,17,University of Windsor,4,2016,89.0,68.0,72.0
990,17,University of Windsor,4,2015,92.0,81.0,59.0
991,17,University of Windsor,4,2014,100.0,95.0,61.0
992,17,University of Windsor,4,2013,94.0,89.0,65.0
993,17,University of Windsor,4,2012,100.0,94.0,53.0
994,17,University of Windsor,4,2011,96.0,82.0,48.0
995,17,University of Windsor,4,2010,100.0,88.0,67.0
996,17,University of Windsor,4,2009,85.0,65.0,55.0
997,17,University of Windsor,4,2008,100.0,86.0,58.0
998,17,University of Windsor,4,2007,100.0,100.0,62.0
999,17,University of Windsor,4,2006,91.0,92.0,63.0
1000,17,University of Windsor,4,2005,86.0,73.0,64.0
1001,17,University of Windsor,4,2004,91.0,81.0,60.0
1002,18,Western University,4,2021,94.0,89.0,0.0
1003,18,Western University,4,2020,97.0,88.0,0.0
1004,18,Western University,4,2019,97.0,90.0,0.0
1005,18,Western University,4,2018,90.0,90.0,0.0
1006,18,Western University,4,2017,100.0,91.0,0.0
1007,18,Western University,4,2016,93.0,71.0,0.0
1008,18,Western University,4,2015,100.0,100.0,0.0
1009,18,Western University,4,2014,100.0,85.0,0.0
1010,18,Western University,4,2013,100.0,85.0,0.0
1011,18,Western University,4,2012,91.0,82.0,0.0
1012,18,Western University,4,2011,100.0,92.0,0.0
1013,18,Western University,4,2010,100.0,100.0,0.0
1014,18,Western University,4,2009,100.0,92.0,0.0
1015,18,Western University,4,2008,93.0,93.0,0.0
1016,18,Western University,4,2007,100.0,75.0,0.0
1017,18,Western University,4,2006,100.0,89.0,0.0
1018,18,Western University,4,2005,100.0,100.0,0.0
1019,18,Western University,4,2004,94.0,86.0,0.0
1020,19,Wilfrid Laurier University ,4,2021,83.0,82.0,41.0
1021,19,Wilfrid Laurier University ,4,2020,93.0,68.0,50.0
1022,19,Wilfrid Laurier University ,4,2019,80.0,85.0,39.0
1023,19,Wilfrid Laurier University ,4,2018,86.0,85.0,45.0
1024,19,Wilfrid Laurier University ,4,2017,92.0,67.0,56.0
1025,19,Wilfrid Laurier University ,4,2016,100.0,86.0,54.0
1026,19,Wilfrid Laurier University ,4,2015,100.0,90.0,41.0
1027,19,Wilfrid Laurier University ,4,2014,90.0,82.0,62.0
1028,19,Wilfrid Laurier University ,4,2013,100.0,92.0,46.0
1029,19,Wilfrid Laurier University ,4,2012,86.0,0.0,55.0
1030,19,Wilfrid Laurier University ,4,2011,100.0,0.0,57.0
1031,19,Wilfrid Laurier University ,4,2010,100.0,91.0,77.0
1032,19,Wilfrid Laurier University ,4,2009,89.0,89.0,66.0
1033,19,Wilfrid Laurier University ,4,2008,0.0,0.0,63.0
1034,19,Wilfrid Laurier University ,4,2007,89.0,100.0,63.0
1035,19,Wilfrid Laurier University ,4,2006,100.0,0.0,66.0
1036,19,Wilfrid Laurier University ,4,2005,100.0,100.0,58.0
1037,19,Wilfrid Laurier University ,4,2004,100.0,100.0,43.0
1038,20,York University,4,2021,83.0,76.0,56.0
1039,20,York University,4,2020,92.0,68.0,55.0
1040,20,York University,4,2019,86.0,78.0,59.0
1041,20,York University,4,2018,93.0,88.0,54.0
1042,20,York University,4,2017,93.0,93.0,49.0
1043,20,York University,4,2016,97.0,87.0,53.0
1044,20,York University,4,2015,98.0,83.0,53.0
1045,20,York University,4,2014,93.0,79.0,60.0
1046,20,York University,4,2013,93.0,82.0,50.0
1047,20,York University,4,2012,91.0,85.0,54.0
1048,20,York University,4,2011,97.0,86.0,65.0
1049,20,York University,4,2010,95.0,84.0,65.0
1050,20,York University,4,2009,97.0,86.0,65.0
1051,20,York University,4,2008,92.0,90.0,61.0
1052,20,York University,4,2007,85.0,94.0,61.0
1053,20,York University,4,2006,98.0,91.0,56.0
1054,20,York University,4,2005,100.0,90.0,50.0
1055,20,York University,4,2004,93.0,85.0,58.0
1056,2,Brock University,5,2021,0.0,0.0,0.0
1059,3,Laurentian University,5,2021,0.0,0.0,0.0
1058,4,Lakehead University,5,2021,0.0,0.0,0.0
1062,5,OCAD University,5,2021,0.0,0.0,0.0
1066,6,Trent University,5,2021,0.0,0.0,0.0
1061,7,Nipissing University,5,2021,0.0,0.0,0.0
1057,8,Carleton University,5,2021,0.0,0.0,0.0
1067,9,University of Guelph,5,2021,0.0,0.0,0.0
1060,10,McMaster University,5,2021,0.0,0.0,0.0
1063,11,Ontario Tech University,5,2021,0.0,0.0,0.0
1068,12,University of Ottawa,5,2021,0.0,0.0,0.0
1064,13,Queens University,5,2021,0.0,0.0,0.0
1065,14,Toronto Metropolitan University,5,2021,0.0,0.0,0.0
1069,15,University of Toronto,5,2021,100.0,100.0,98.0
1070,15,University of Toronto,5,2020,100.0,100.0,98.0
1071,15,University of Toronto,5,2019,100.0,97.0,100.0
1072,15,University of Toronto,5,2018,98.0,97.0,99.0
1073,15,University of Toronto,5,2017,97.0,97.0,99.0
1074,15,University of Toronto,5,2016,100.0,100.0,95.0
1075,15,University of Toronto,5,2015,100.0,100.0,100.0
1076,15,University of Toronto,5,2014,100.0,100.0,98.0
1077,15,University of Toronto,5,2013,97.0,97.0,99.0
1078,15,University of Toronto,5,2012,93.0,100.0,97.0
1079,15,University of Toronto,5,2011,100.0,96.0,100.0
1080,15,University of Toronto,5,2010,100.0,100.0,99.0
1081,15,University of Toronto,5,2009,100.0,100.0,100.0
1082,15,University of Toronto,5,2008,100.0,100.0,99.0
1083,15,University of Toronto,5,2007,100.0,88.0,90.0
1084,15,University of Toronto,5,2006,100.0,100.0,94.0
1085,15,University of Toronto,5,2005,100.0,100.0,96.0
1086,15,University of Toronto,5,2004,100.0,100.0,99.0
1087,16,University of Waterloo,5,2021,0.0,0.0,0.0
1088,17,University of Windsor,5,2021,0.0,0.0,0.0
1089,18,Western University,5,2021,100.0,100.0,98.0
1090,18,Western University,5,2020,100.0,95.0,100.0
1091,18,Western University,5,2019,100.0,100.0,93.0
1092,18,Western University,5,2018,100.0,94.0,98.0
1093,18,Western University,5,2017,100.0,100.0,98.0
1094,18,Western University,5,2016,100.0,100.0,100.0
1095,18,Western University,5,2015,100.0,100.0,98.0
1096,18,Western University,5,2014,100.0,100.0,100.0
1097,18,Western University,5,2013,100.0,86.0,96.0
1098,18,Western University,5,2012,100.0,100.0,100.0
1099,18,Western University,5,2011,100.0,100.0,90.0
1100,18,Western University,5,2010,100.0,100.0,94.0
1101,18,Western University,5,2009,93.0,100.0,95.0
1102,18,Western University,5,2008,100.0,100.0,93.0
1103,18,Western University,5,2007,100.0,100.0,96.0
1104,18,Western University,5,2006,100.0,100.0,100.0
1105,18,Western University,5,2005,100.0,100.0,98.0
1106,18,Western University,5,2004,0.0,0.0,96.0
1107,19,Wilfrid Laurier University ,5,2021,0.0,0.0,0.0
1108,20,York University,5,2021,0.0,0.0,0.0
1109,2,Brock University,6,2021,98.0,98.0,99.0
1110,2,Brock University,6,2020,99.0,96.0,99.0
1111,2,Brock University,6,2019,99.0,100.0,99.0
1112,2,Brock University,6,2018,98.0,95.0,99.0
1113,2,Brock University,6,2017,99.0,97.0,99.0
1114,2,Brock University,6,2016,98.0,91.0,99.0
1115,2,Brock University,6,2015,96.0,94.0,99.0
1116,2,Brock University,6,2014,98.0,91.0,98.0
1117,2,Brock University,6,2013,97.0,89.0,99.0
1118,2,Brock University,6,2012,96.0,89.0,99.0
1119,2,Brock University,6,2011,95.0,90.0,99.0
1120,2,Brock University,6,2010,96.0,87.0,99.0
1121,2,Brock University,6,2009,97.0,93.0,95.0
1122,2,Brock University,6,2008,96.0,93.0,95.0
1123,2,Brock University,6,2007,98.0,95.0,95.0
1124,2,Brock University,6,2006,96.0,94.0,96.0
1125,2,Brock University,6,2005,98.0,96.0,100.0
1126,2,Brock University,6,2004,96.0,98.0,99.0
1146,3,Laurentian University,6,2021,98.0,98.0,99.0
1147,3,Laurentian University,6,2020,100.0,98.0,98.0
1148,3,Laurentian University,6,2019,100.0,94.0,97.0
1149,3,Laurentian University,6,2018,100.0,100.0,0.0
1150,3,Laurentian University,6,2017,100.0,93.0,85.0
1151,3,Laurentian University,6,2016,100.0,96.0,89.0
1152,3,Laurentian University,6,2015,98.0,95.0,89.0
1153,3,Laurentian University,6,2014,100.0,96.0,90.0
1154,3,Laurentian University,6,2013,99.0,96.0,88.0
1155,3,Laurentian University,6,2012,93.0,90.0,90.0
1156,3,Laurentian University,6,2011,100.0,94.0,89.0
1157,3,Laurentian University,6,2010,96.0,90.0,96.0
1158,3,Laurentian University,6,2009,95.0,93.0,97.0
1159,3,Laurentian University,6,2008,98.0,97.0,94.0
1160,3,Laurentian University,6,2007,100.0,98.0,94.0
1161,3,Laurentian University,6,2006,100.0,100.0,95.0
1162,3,Laurentian University,6,2005,100.0,93.0,97.0
1163,3,Laurentian University,6,2004,100.0,100.0,97.0
1128,4,Lakehead University,6,2021,98.0,99.0,88.0
1129,4,Lakehead University,6,2020,97.0,94.0,94.0
1130,4,Lakehead University,6,2019,99.0,96.0,95.0
1131,4,Lakehead University,6,2018,94.0,93.0,95.0
1132,4,Lakehead University,6,2017,99.0,94.0,93.0
1133,4,Lakehead University,6,2016,95.0,93.0,98.0
1134,4,Lakehead University,6,2015,93.0,89.0,98.0
1135,4,Lakehead University,6,2014,94.0,89.0,99.0
1136,4,Lakehead University,6,2013,96.0,92.0,98.0
1137,4,Lakehead University,6,2012,94.0,88.0,97.0
1138,4,Lakehead University,6,2011,95.0,87.0,97.0
1139,4,Lakehead University,6,2010,92.0,81.0,98.0
1140,4,Lakehead University,6,2009,93.0,88.0,99.0
1141,4,Lakehead University,6,2008,94.0,92.0,98.0
1142,4,Lakehead University,6,2007,97.0,94.0,99.0
1143,4,Lakehead University,6,2006,98.0,90.0,98.0
1144,4,Lakehead University,6,2005,97.0,92.0,89.0
1145,4,Lakehead University,6,2004,97.0,96.0,88.0
1183,5,OCAD University,6,2021,0.0,0.0,0.0
1238,6,Trent University,6,2021,100.0,96.0,98.0
1239,6,Trent University,6,2020,98.0,96.0,98.0
1240,6,Trent University,6,2019,98.0,98.0,99.0
1241,6,Trent University,6,2018,93.0,97.0,0.0
1242,6,Trent University,6,2017,100.0,100.0,0.0
1243,6,Trent University,6,2016,100.0,100.0,0.0
1244,6,Trent University,6,2015,96.0,91.0,0.0
1245,6,Trent University,6,2014,96.0,90.0,0.0
1246,6,Trent University,6,2013,97.0,87.0,0.0
1247,6,Trent University,6,2012,98.0,85.0,0.0
1248,6,Trent University,6,2011,90.0,87.0,0.0
1249,6,Trent University,6,2010,94.0,88.0,0.0
1250,6,Trent University,6,2009,96.0,93.0,0.0
1251,6,Trent University,6,2008,90.0,94.0,0.0
1252,6,Trent University,6,2007,99.0,95.0,0.0
1253,6,Trent University,6,2006,100.0,93.0,96.0
1254,6,Trent University,6,2005,95.0,95.0,0.0
1255,6,Trent University,6,2004,94.0,90.0,0.0
1165,7,Nipissing University,6,2021,99.0,96.0,98.0
1166,7,Nipissing University,6,2020,99.0,100.0,99.0
1167,7,Nipissing University,6,2019,99.0,99.0,97.0
1168,7,Nipissing University,6,2018,100.0,100.0,99.0
1169,7,Nipissing University,6,2017,97.0,94.0,98.0
1170,7,Nipissing University,6,2016,94.0,95.0,98.0
1171,7,Nipissing University,6,2015,97.0,92.0,99.0
1172,7,Nipissing University,6,2014,95.0,91.0,99.0
1173,7,Nipissing University,6,2013,97.0,91.0,98.0
1174,7,Nipissing University,6,2012,97.0,93.0,98.0
1175,7,Nipissing University,6,2011,93.0,88.0,99.0
1176,7,Nipissing University,6,2010,92.0,83.0,98.0
1177,7,Nipissing University,6,2009,96.0,88.0,99.0
1178,7,Nipissing University,6,2008,96.0,95.0,98.0
1179,7,Nipissing University,6,2007,98.0,98.0,96.0
1180,7,Nipissing University,6,2006,97.0,97.0,96.0
1181,7,Nipissing University,6,2005,97.0,95.0,97.0
1182,7,Nipissing University,6,2004,98.0,95.0,96.0
1127,8,Carleton University,6,2021,0.0,0.0,0.0
1256,9,University of Guelph,6,2021,0.0,0.0,0.0
1164,10,McMaster University,6,2021,0.0,0.0,0.0
1184,11,Ontario Tech University,6,2021,97.0,92.0,99.0
1185,11,Ontario Tech University,6,2020,99.0,92.0,99.0
1186,11,Ontario Tech University,6,2019,98.0,95.0,97.0
1187,11,Ontario Tech University,6,2018,97.0,96.0,99.0
1188,11,Ontario Tech University,6,2017,97.0,88.0,96.0
1189,11,Ontario Tech University,6,2016,100.0,100.0,95.0
1190,11,Ontario Tech University,6,2015,97.0,87.0,97.0
1191,11,Ontario Tech University,6,2014,95.0,91.0,96.0
1192,11,Ontario Tech University,6,2013,95.0,92.0,94.0
1193,11,Ontario Tech University,6,2012,98.0,84.0,90.0
1194,11,Ontario Tech University,6,2011,96.0,77.0,89.0
1195,11,Ontario Tech University,6,2010,93.0,90.0,91.0
1196,11,Ontario Tech University,6,2009,95.0,85.0,0.0
1197,11,Ontario Tech University,6,2008,97.0,91.0,0.0
1198,11,Ontario Tech University,6,2007,100.0,98.0,0.0
1199,11,Ontario Tech University,6,2006,100.0,91.0,0.0
1200,11,Ontario Tech University,6,2005,100.0,100.0,0.0
1201,11,Ontario Tech University,6,2004,100.0,87.0,0.0
1257,12,University of Ottawa,6,2021,98.0,97.0,99.0
1258,12,University of Ottawa,6,2020,99.0,98.0,99.0
1259,12,University of Ottawa,6,2019,99.0,98.0,99.0
1260,12,University of Ottawa,6,2018,97.0,99.0,99.0
1261,12,University of Ottawa,6,2017,100.0,99.0,99.0
1262,12,University of Ottawa,6,2016,100.0,93.0,99.0
1263,12,University of Ottawa,6,2015,98.0,92.0,98.0
1264,12,University of Ottawa,6,2014,97.0,92.0,99.0
1265,12,University of Ottawa,6,2013,97.0,92.0,98.0
1266,12,University of Ottawa,6,2012,96.0,88.0,99.0
1267,12,University of Ottawa,6,2011,96.0,88.0,99.0
1268,12,University of Ottawa,6,2010,92.0,83.0,99.0
1269,12,University of Ottawa,6,2009,94.0,89.0,98.0
1270,12,University of Ottawa,6,2008,97.0,94.0,98.0
1271,12,University of Ottawa,6,2007,95.0,96.0,98.0
1272,12,University of Ottawa,6,2006,97.0,96.0,98.0
1273,12,University of Ottawa,6,2005,96.0,94.0,97.0
1274,12,University of Ottawa,6,2004,97.0,95.0,97.0
1202,13,Queens University,6,2021,96.0,98.0,99.0
1203,13,Queens University,6,2020,98.0,97.0,100.0
1204,13,Queens University,6,2019,97.0,98.0,99.0
1205,13,Queens University,6,2018,95.0,99.0,99.0
1206,13,Queens University,6,2017,97.0,97.0,99.0
1207,13,Queens University,6,2016,97.0,95.0,99.0
1208,13,Queens University,6,2015,97.0,92.0,99.0
1209,13,Queens University,6,2014,96.0,92.0,100.0
1210,13,Queens University,6,2013,97.0,90.0,100.0
1211,13,Queens University,6,2012,97.0,91.0,98.0
1212,13,Queens University,6,2011,95.0,95.0,99.0
1213,13,Queens University,6,2010,95.0,88.0,99.0
1214,13,Queens University,6,2009,90.0,87.0,99.0
1215,13,Queens University,6,2008,96.0,92.0,99.0
1216,13,Queens University,6,2007,96.0,95.0,99.0
1217,13,Queens University,6,2006,96.0,94.0,99.0
1218,13,Queens University,6,2005,98.0,96.0,99.0
1219,13,Queens University,6,2004,98.0,96.0,100.0
1220,14,Toronto Metropolitan University,6,2021,90.0,100.0,91.0
1221,14,Toronto Metropolitan University,6,2020,90.0,96.0,0.0
1222,14,Toronto Metropolitan University,6,2019,90.0,98.0,93.0
1223,14,Toronto Metropolitan University,6,2018,91.0,97.0,86.0
1224,14,Toronto Metropolitan University,6,2017,98.0,98.0,0.0
1225,14,Toronto Metropolitan University,6,2016,98.0,100.0,0.0
1226,14,Toronto Metropolitan University,6,2015,90.0,95.0,0.0
1227,14,Toronto Metropolitan University,6,2014,94.0,96.0,92.0
1228,14,Toronto Metropolitan University,6,2013,93.0,99.0,84.0
1229,14,Toronto Metropolitan University,6,2012,100.0,95.0,85.0
1230,14,Toronto Metropolitan University,6,2011,89.0,98.0,87.0
1231,14,Toronto Metropolitan University,6,2010,84.0,75.0,86.0
1232,14,Toronto Metropolitan University,6,2009,89.0,95.0,81.0
1233,14,Toronto Metropolitan University,6,2008,96.0,89.0,84.0
1234,14,Toronto Metropolitan University,6,2007,87.0,94.0,84.0
1235,14,Toronto Metropolitan University,6,2006,100.0,93.0,80.0
1236,14,Toronto Metropolitan University,6,2005,90.0,96.0,87.0
1237,14,Toronto Metropolitan University,6,2004,100.0,100.0,80.0
1275,15,University of Toronto,6,2021,100.0,100.0,98.0
1276,15,University of Toronto,6,2020,85.0,94.0,98.0
1277,15,University of Toronto,6,2019,80.0,83.0,98.0
1278,15,University of Toronto,6,2018,93.0,99.0,98.0
1279,15,University of Toronto,6,2017,97.0,99.0,99.0
1280,15,University of Toronto,6,2016,100.0,97.0,98.0
1281,15,University of Toronto,6,2015,97.0,88.0,98.0
1282,15,University of Toronto,6,2014,95.0,91.0,98.0
1283,15,University of Toronto,6,2013,97.0,86.0,98.0
1284,15,University of Toronto,6,2012,95.0,86.0,99.0
1285,15,University of Toronto,6,2011,96.0,84.0,99.0
1286,15,University of Toronto,6,2010,93.0,81.0,99.0
1287,15,University of Toronto,6,2009,95.0,89.0,99.0
1288,15,University of Toronto,6,2008,95.0,91.0,99.0
1289,15,University of Toronto,6,2007,99.0,96.0,99.0
1290,15,University of Toronto,6,2006,97.0,98.0,99.0
1291,15,University of Toronto,6,2005,99.0,96.0,100.0
1292,15,University of Toronto,6,2004,99.0,97.0,98.0
1293,16,University of Waterloo,6,2021,0.0,0.0,0.0
1294,17,University of Windsor,6,2021,100.0,98.0,99.0
1295,17,University of Windsor,6,2020,99.0,97.0,99.0
1296,17,University of Windsor,6,2019,100.0,90.0,99.0
1297,17,University of Windsor,6,2018,91.0,93.0,98.0
1298,17,University of Windsor,6,2017,92.0,96.0,98.0
1299,17,University of Windsor,6,2016,100.0,100.0,99.0
1300,17,University of Windsor,6,2015,95.0,91.0,98.0
1301,17,University of Windsor,6,2014,95.0,86.0,99.0
1302,17,University of Windsor,6,2013,93.0,84.0,99.0
1303,17,University of Windsor,6,2012,91.0,79.0,99.0
1304,17,University of Windsor,6,2011,87.0,78.0,98.0
1305,17,University of Windsor,6,2010,90.0,80.0,99.0
1306,17,University of Windsor,6,2009,91.0,78.0,99.0
1307,17,University of Windsor,6,2008,94.0,94.0,98.0
1308,17,University of Windsor,6,2007,94.0,89.0,100.0
1309,17,University of Windsor,6,2006,97.0,90.0,99.0
1310,17,University of Windsor,6,2005,99.0,92.0,100.0
1311,17,University of Windsor,6,2004,98.0,95.0,99.0
1312,18,Western University,6,2021,99.0,100.0,99.0
1313,18,Western University,6,2020,97.0,99.0,99.0
1314,18,Western University,6,2019,99.0,99.0,99.0
1315,18,Western University,6,2018,97.0,96.0,99.0
1316,18,Western University,6,2017,99.0,97.0,97.0
1317,18,Western University,6,2016,94.0,88.0,99.0
1318,18,Western University,6,2015,97.0,94.0,100.0
1319,18,Western University,6,2014,93.0,89.0,99.0
1320,18,Western University,6,2013,97.0,87.0,99.0
1321,18,Western University,6,2012,95.0,87.0,99.0
1322,18,Western University,6,2011,98.0,90.0,99.0
1323,18,Western University,6,2010,94.0,88.0,98.0
1324,18,Western University,6,2009,95.0,88.0,99.0
1325,18,Western University,6,2008,96.0,92.0,99.0
1326,18,Western University,6,2007,98.0,93.0,98.0
1327,18,Western University,6,2006,96.0,93.0,99.0
1328,18,Western University,6,2005,99.0,95.0,98.0
1329,18,Western University,6,2004,99.0,94.0,98.0
1330,19,Wilfrid Laurier University ,6,2021,100.0,100.0,87.0
1331,19,Wilfrid Laurier University ,6,2020,100.0,100.0,88.0
1332,19,Wilfrid Laurier University ,6,2019,100.0,100.0,91.0
1333,19,Wilfrid Laurier University ,6,2018,94.0,100.0,89.0
1334,19,Wilfrid Laurier University ,6,2017,100.0,100.0,97.0
1335,19,Wilfrid Laurier University ,6,2016,100.0,100.0,97.0
1336,19,Wilfrid Laurier University ,6,2015,95.0,90.0,100.0
1337,19,Wilfrid Laurier University ,6,2014,100.0,99.0,96.0
1338,19,Wilfrid Laurier University ,6,2013,96.0,92.0,92.0
1339,19,Wilfrid Laurier University ,6,2012,94.0,85.0,96.0
1340,19,Wilfrid Laurier University ,6,2011,92.0,88.0,0.0
1341,19,Wilfrid Laurier University ,6,2010,97.0,92.0,0.0
1342,20,York University,6,2021,100.0,95.0,99.0
1343,20,York University,6,2020,97.0,91.0,96.0
1344,20,York University,6,2019,99.0,94.0,99.0
1345,20,York University,6,2018,94.0,93.0,99.0
1346,20,York University,6,2017,96.0,92.0,99.0
1347,20,York University,6,2016,92.0,75.0,99.0
1348,20,York University,6,2015,96.0,88.0,99.0
1349,20,York University,6,2014,96.0,93.0,99.0
1350,20,York University,6,2013,94.0,81.0,98.0
1351,20,York University,6,2012,94.0,79.0,97.0
1352,20,York University,6,2011,96.0,88.0,98.0
1353,20,York University,6,2010,90.0,81.0,98.0
1354,20,York University,6,2009,96.0,88.0,98.0
1355,20,York University,6,2008,96.0,90.0,99.0
1356,20,York University,6,2007,99.0,96.0,98.0
1357,20,York University,6,2006,100.0,95.0,98.0
1358,20,York University,6,2005,97.0,97.0,98.0
1359,20,York University,6,2004,96.0,98.0,97.0
1360,1,Algoma University,7,2013,98.0,95.0,0.0
1361,2,Brock University,7,2021,0.0,0.0,0.0
1398,3,Laurentian University,7,2021,96.0,88.0,67.0
1399,3,Laurentian University,7,2020,100.0,64.0,65.0
1400,3,Laurentian University,7,2019,89.0,82.0,72.0
1401,3,Laurentian University,7,2018,95.0,85.0,0.0
1402,3,Laurentian University,7,2017,100.0,86.0,59.0
1403,3,Laurentian University,7,2016,100.0,90.0,73.0
1404,3,Laurentian University,7,2015,100.0,78.0,76.0
1405,3,Laurentian University,7,2014,92.0,86.0,71.0
1406,3,Laurentian University,7,2013,89.0,84.0,61.0
1407,3,Laurentian University,7,2012,91.0,100.0,69.0
1408,3,Laurentian University,7,2011,95.0,86.0,71.0
1409,3,Laurentian University,7,2010,100.0,100.0,46.0
1410,3,Laurentian University,7,2008,0.0,0.0,46.0
1411,3,Laurentian University,7,2007,0.0,0.0,46.0
1412,3,Laurentian University,7,2006,0.0,0.0,31.0
1413,3,Laurentian University,7,2004,0.0,0.0,38.0
1414,3,Laurentian University,7,2003,96.0,83.0,32.0
1380,4,Lakehead University,7,2021,96.0,86.0,62.0
1381,4,Lakehead University,7,2020,98.0,73.0,69.0
1382,4,Lakehead University,7,2019,95.0,85.0,68.0
1383,4,Lakehead University,7,2018,93.0,93.0,64.0
1384,4,Lakehead University,7,2017,96.0,86.0,55.0
1385,4,Lakehead University,7,2016,96.0,84.0,74.0
1386,4,Lakehead University,7,2015,93.0,82.0,57.0
1387,4,Lakehead University,7,2014,96.0,85.0,69.0
1388,4,Lakehead University,7,2013,93.0,86.0,71.0
1389,4,Lakehead University,7,2012,95.0,90.0,71.0
1390,4,Lakehead University,7,2011,96.0,89.0,63.0
1391,4,Lakehead University,7,2010,95.0,84.0,0.0
1392,4,Lakehead University,7,2009,91.0,86.0,0.0
1393,4,Lakehead University,7,2008,97.0,100.0,0.0
1394,4,Lakehead University,7,2007,98.0,98.0,0.0
1395,4,Lakehead University,7,2006,97.0,93.0,0.0
1396,4,Lakehead University,7,2005,100.0,93.0,0.0
1397,4,Lakehead University,7,2004,97.0,97.0,0.0
1434,5,OCAD University,7,2021,0.0,0.0,0.0
1485,6,Trent University,7,2021,0.0,0.0,0.0
1433,7,Nipissing University,7,2021,0.0,0.0,0.0
1362,8,Carleton University,7,2021,94.0,84.0,70.0
1363,8,Carleton University,7,2020,95.0,78.0,69.0
1364,8,Carleton University,7,2019,94.0,85.0,74.0
1365,8,Carleton University,7,2018,96.0,88.0,74.0
1366,8,Carleton University,7,2017,92.0,84.0,72.0
1367,8,Carleton University,7,2016,94.0,86.0,73.0
1368,8,Carleton University,7,2015,90.0,79.0,74.0
1369,8,Carleton University,7,2014,89.0,75.0,76.0
1370,8,Carleton University,7,2013,92.0,80.0,73.0
1371,8,Carleton University,7,2012,91.0,86.0,71.0
1372,8,Carleton University,7,2011,93.0,81.0,76.0
1373,8,Carleton University,7,2010,92.0,83.0,72.0
1374,8,Carleton University,7,2009,91.0,83.0,78.0
1375,8,Carleton University,7,2008,96.0,90.0,77.0
1376,8,Carleton University,7,2007,95.0,90.0,73.0
1377,8,Carleton University,7,2006,92.0,90.0,67.0
1378,8,Carleton University,7,2005,94.0,83.0,68.0
1379,8,Carleton University,7,2004,95.0,84.0,68.0
1486,9,University of Guelph,7,2021,92.0,90.0,87.0
1487,9,University of Guelph,7,2020,94.0,79.0,83.0
1488,9,University of Guelph,7,2019,93.0,90.0,82.0
1489,9,University of Guelph,7,2018,93.0,93.0,76.0
1490,9,University of Guelph,7,2017,97.0,88.0,74.0
1491,9,University of Guelph,7,2016,99.0,91.0,72.0
1492,9,University of Guelph,7,2015,98.0,84.0,82.0
1493,9,University of Guelph,7,2014,94.0,88.0,79.0
1494,9,University of Guelph,7,2013,98.0,95.0,74.0
1495,9,University of Guelph,7,2012,95.0,91.0,80.0
1496,9,University of Guelph,7,2011,96.0,93.0,75.0
1497,9,University of Guelph,7,2010,92.0,92.0,77.0
1498,9,University of Guelph,7,2009,100.0,89.0,74.0
1499,9,University of Guelph,7,2008,100.0,87.0,82.0
1500,9,University of Guelph,7,2007,81.0,94.0,80.0
1501,9,University of Guelph,7,2006,97.0,97.0,79.0
1502,9,University of Guelph,7,2005,91.0,75.0,67.0
1503,9,University of Guelph,7,2004,100.0,91.0,85.0
1415,10,McMaster University,7,2021,93.0,87.0,83.0
1416,10,McMaster University,7,2020,97.0,83.0,80.0
1417,10,McMaster University,7,2019,95.0,90.0,80.0
1418,10,McMaster University,7,2018,95.0,90.0,76.0
1419,10,McMaster University,7,2017,96.0,90.0,76.0
1420,10,McMaster University,7,2016,96.0,87.0,79.0
1421,10,McMaster University,7,2015,92.0,87.0,74.0
1422,10,McMaster University,7,2014,95.0,88.0,78.0
1423,10,McMaster University,7,2013,94.0,85.0,78.0
1424,10,McMaster University,7,2012,97.0,90.0,75.0
1425,10,McMaster University,7,2011,96.0,86.0,76.0
1426,10,McMaster University,7,2010,92.0,82.0,88.0
1427,10,McMaster University,7,2009,93.0,82.0,81.0
1428,10,McMaster University,7,2008,94.0,92.0,80.0
1429,10,McMaster University,7,2007,95.0,87.0,80.0
1430,10,McMaster University,7,2006,95.0,92.0,81.0
1431,10,McMaster University,7,2005,95.0,89.0,80.0
1432,10,McMaster University,7,2004,96.0,87.0,77.0
1435,11,Ontario Tech University,7,2021,93.0,87.0,66.0
1436,11,Ontario Tech University,7,2020,91.0,76.0,63.0
1437,11,Ontario Tech University,7,2019,88.0,75.0,64.0
1438,11,Ontario Tech University,7,2018,91.0,77.0,62.0
1439,11,Ontario Tech University,7,2017,94.0,76.0,66.0
1440,11,Ontario Tech University,7,2016,90.0,84.0,69.0
1441,11,Ontario Tech University,7,2015,95.0,83.0,62.0
1442,11,Ontario Tech University,7,2014,96.0,82.0,64.0
1443,11,Ontario Tech University,7,2013,90.0,78.0,67.0
1444,11,Ontario Tech University,7,2012,97.0,87.0,64.0
1445,11,Ontario Tech University,7,2011,94.0,84.0,75.0
1446,11,Ontario Tech University,7,2010,94.0,84.0,73.0
1447,11,Ontario Tech University,7,2009,98.0,83.0,0.0
1448,11,Ontario Tech University,7,2008,100.0,91.0,0.0
1449,11,Ontario Tech University,7,2007,95.0,90.0,0.0
1504,12,University of Ottawa,7,2021,93.0,87.0,67.0
1505,12,University of Ottawa,7,2020,98.0,81.0,63.0
1506,12,University of Ottawa,7,2019,95.0,87.0,62.0
1507,12,University of Ottawa,7,2018,91.0,84.0,60.0
1508,12,University of Ottawa,7,2017,91.0,83.0,66.0
1509,12,University of Ottawa,7,2016,98.0,82.0,60.0
1510,12,University of Ottawa,7,2015,96.0,80.0,59.0
1511,12,University of Ottawa,7,2014,90.0,85.0,62.0
1512,12,University of Ottawa,7,2013,92.0,80.0,64.0
1513,12,University of Ottawa,7,2012,96.0,85.0,61.0
1514,12,University of Ottawa,7,2011,88.0,91.0,66.0
1515,12,University of Ottawa,7,2010,97.0,86.0,68.0
1516,12,University of Ottawa,7,2009,98.0,79.0,71.0
1517,12,University of Ottawa,7,2008,100.0,95.0,73.0
1518,12,University of Ottawa,7,2007,92.0,80.0,70.0
1519,12,University of Ottawa,7,2006,99.0,96.0,66.0
1520,12,University of Ottawa,7,2005,98.0,91.0,62.0
1521,12,University of Ottawa,7,2004,92.0,82.0,63.0
1450,13,Queens University,7,2021,97.0,93.0,94.0
1451,13,Queens University,7,2020,98.0,92.0,92.0
1452,13,Queens University,7,2019,98.0,90.0,91.0
1453,13,Queens University,7,2018,94.0,93.0,88.0
1454,13,Queens University,7,2017,96.0,90.0,90.0
1455,13,Queens University,7,2016,94.0,86.0,90.0
1456,13,Queens University,7,2015,96.0,88.0,89.0
1457,13,Queens University,7,2014,95.0,86.0,87.0
1458,13,Queens University,7,2013,92.0,89.0,90.0
1459,13,Queens University,7,2012,93.0,88.0,87.0
1460,13,Queens University,7,2011,91.0,94.0,89.0
1461,13,Queens University,7,2010,94.0,94.0,93.0
1462,13,Queens University,7,2009,97.0,89.0,90.0
1463,13,Queens University,7,2008,97.0,93.0,92.0
1464,13,Queens University,7,2007,98.0,95.0,88.0
1465,13,Queens University,7,2006,99.0,91.0,89.0
1466,13,Queens University,7,2005,97.0,93.0,87.0
1467,13,Queens University,7,2004,95.0,87.0,88.0
1468,14,Toronto Metropolitan University,7,2021,91.0,82.0,79.0
1469,14,Toronto Metropolitan University,7,2020,93.0,66.0,77.0
1470,14,Toronto Metropolitan University,7,2019,93.0,81.0,76.0
1471,14,Toronto Metropolitan University,7,2018,92.0,85.0,70.0
1472,14,Toronto Metropolitan University,7,2017,88.0,80.0,69.0
1473,14,Toronto Metropolitan University,7,2016,94.0,82.0,66.0
1474,14,Toronto Metropolitan University,7,2015,92.0,79.0,67.0
1475,14,Toronto Metropolitan University,7,2014,89.0,79.0,66.0
1476,14,Toronto Metropolitan University,7,2013,88.0,72.0,70.0
1477,14,Toronto Metropolitan University,7,2012,86.0,77.0,65.0
1478,14,Toronto Metropolitan University,7,2011,90.0,74.0,69.0
1479,14,Toronto Metropolitan University,7,2010,90.0,72.0,79.0
1480,14,Toronto Metropolitan University,7,2009,96.0,83.0,74.0
1481,14,Toronto Metropolitan University,7,2008,97.0,81.0,66.0
1482,14,Toronto Metropolitan University,7,2007,93.0,83.0,62.0
1483,14,Toronto Metropolitan University,7,2005,100.0,83.0,61.0
1484,14,Toronto Metropolitan University,7,2004,85.0,78.0,61.0
1522,15,University of Toronto,7,2021,94.0,93.0,93.0
1523,15,University of Toronto,7,2020,95.0,88.0,90.0
1524,15,University of Toronto,7,2019,96.0,89.0,90.0
1525,15,University of Toronto,7,2018,94.0,90.0,88.0
1526,15,University of Toronto,7,2017,94.0,91.0,87.0
1527,15,University of Toronto,7,2016,94.0,89.0,87.0
1528,15,University of Toronto,7,2015,94.0,85.0,85.0
1529,15,University of Toronto,7,2014,94.0,87.0,82.0
1530,15,University of Toronto,7,2013,93.0,88.0,79.0
1531,15,University of Toronto,7,2012,92.0,87.0,78.0
1532,15,University of Toronto,7,2011,93.0,87.0,83.0
1533,15,University of Toronto,7,2010,91.0,82.0,89.0
1534,15,University of Toronto,7,2009,92.0,85.0,86.0
1535,15,University of Toronto,7,2008,93.0,90.0,87.0
1536,15,University of Toronto,7,2007,92.0,96.0,86.0
1537,15,University of Toronto,7,2006,93.0,94.0,85.0
1538,15,University of Toronto,7,2005,97.0,89.0,86.0
1539,15,University of Toronto,7,2004,98.0,84.0,87.0
1540,16,University of Waterloo,7,2021,96.0,96.0,90.0
1541,16,University of Waterloo,7,2020,98.0,89.0,90.0
1542,16,University of Waterloo,7,2019,95.0,90.0,85.0
1543,16,University of Waterloo,7,2018,98.0,93.0,82.0
1544,16,University of Waterloo,7,2017,96.0,94.0,83.0
1545,16,University of Waterloo,7,2016,96.0,92.0,82.0
1546,16,University of Waterloo,7,2015,95.0,90.0,85.0
1547,16,University of Waterloo,7,2014,97.0,86.0,82.0
1548,16,University of Waterloo,7,2013,96.0,91.0,81.0
1549,16,University of Waterloo,7,2012,97.0,92.0,81.0
1550,16,University of Waterloo,7,2011,95.0,91.0,81.0
1551,16,University of Waterloo,7,2010,96.0,92.0,92.0
1552,16,University of Waterloo,7,2009,95.0,87.0,89.0
1553,16,University of Waterloo,7,2008,93.0,94.0,89.0
1554,16,University of Waterloo,7,2007,97.0,94.0,91.0
1555,16,University of Waterloo,7,2006,99.0,98.0,88.0
1556,16,University of Waterloo,7,2005,98.0,97.0,90.0
1557,16,University of Waterloo,7,2004,97.0,94.0,86.0
1558,17,University of Windsor,7,2021,95.0,84.0,76.0
1559,17,University of Windsor,7,2020,90.0,77.0,75.0
1560,17,University of Windsor,7,2019,92.0,80.0,78.0
1561,17,University of Windsor,7,2018,92.0,81.0,77.0
1562,17,University of Windsor,7,2017,92.0,81.0,76.0
1563,17,University of Windsor,7,2016,94.0,90.0,78.0
1564,17,University of Windsor,7,2015,91.0,76.0,74.0
1565,17,University of Windsor,7,2014,93.0,81.0,69.0
1566,17,University of Windsor,7,2013,94.0,85.0,72.0
1567,17,University of Windsor,7,2012,93.0,88.0,68.0
1568,17,University of Windsor,7,2011,96.0,88.0,67.0
1569,17,University of Windsor,7,2010,95.0,87.0,78.0
1570,17,University of Windsor,7,2009,91.0,66.0,76.0
1571,17,University of Windsor,7,2008,89.0,84.0,67.0
1572,17,University of Windsor,7,2007,91.0,92.0,79.0
1573,17,University of Windsor,7,2006,93.0,88.0,69.0
1574,17,University of Windsor,7,2005,96.0,96.0,69.0
1575,17,University of Windsor,7,2004,92.0,86.0,71.0
1576,18,Western University,7,2021,87.0,87.0,89.0
1577,18,Western University,7,2020,97.0,81.0,83.0
1578,18,Western University,7,2019,95.0,89.0,87.0
1579,18,Western University,7,2018,95.0,88.0,85.0
1580,18,Western University,7,2017,98.0,91.0,82.0
1581,18,Western University,7,2016,92.0,91.0,83.0
1582,18,Western University,7,2015,95.0,86.0,83.0
1583,18,Western University,7,2014,97.0,83.0,85.0
1584,18,Western University,7,2013,90.0,79.0,78.0
1585,18,Western University,7,2012,96.0,90.0,80.0
1586,18,Western University,7,2011,100.0,93.0,76.0
1587,18,Western University,7,2010,96.0,79.0,82.0
1588,18,Western University,7,2009,94.0,82.0,79.0
1589,18,Western University,7,2008,92.0,89.0,80.0
1590,18,Western University,7,2007,99.0,94.0,75.0
1591,18,Western University,7,2006,98.0,96.0,74.0
1592,18,Western University,7,2005,98.0,95.0,75.0
1593,18,Western University,7,2004,98.0,85.0,74.0
1594,19,Wilfrid Laurier University ,7,2021,0.0,0.0,0.0
1595,20,York University,7,2021,88.0,87.0,68.0
1596,20,York University,7,2014,100.0,80.0,72.0
1597,20,York University,7,2013,82.0,100.0,56.0
1598,20,York University,7,2012,100.0,100.0,62.0
1599,20,York University,7,2011,100.0,100.0,0.0
1600,20,York University,7,2010,100.0,0.0,69.0
1601,20,York University,7,2009,100.0,100.0,0.0
1602,20,York University,7,2008,86.0,100.0,0.0
1603,20,York University,7,2007,100.0,100.0,0.0
1604,20,York University,7,2006,0.0,0.0,0.0
1605,20,York University,7,2005,0.0,0.0,0.0
1606,1,Algoma University,8,2013,92.0,89.0,0.0
1607,2,Brock University,8,2021,94.0,85.0,78.0
1608,2,Brock University,8,2020,94.0,71.0,74.0
1609,2,Brock University,8,2019,88.0,92.0,69.0
1610,2,Brock University,8,2018,92.0,82.0,78.0
1611,2,Brock University,8,2017,88.0,73.0,65.0
1612,2,Brock University,8,2016,100.0,88.0,65.0
1613,2,Brock University,8,2015,90.0,89.0,63.0
1614,2,Brock University,8,2014,93.0,79.0,70.0
1615,2,Brock University,8,2013,87.0,81.0,65.0
1616,2,Brock University,8,2012,100.0,90.0,63.0
1617,2,Brock University,8,2011,88.0,89.0,70.0
1618,2,Brock University,8,2010,97.0,88.0,75.0
1619,2,Brock University,8,2009,92.0,96.0,84.0
1620,2,Brock University,8,2008,95.0,97.0,72.0
1621,2,Brock University,8,2007,90.0,88.0,71.0
1622,2,Brock University,8,2006,96.0,82.0,69.0
1623,2,Brock University,8,2005,100.0,88.0,65.0
1624,2,Brock University,8,2004,100.0,100.0,77.0
1661,3,Laurentian University,8,2021,100.0,100.0,67.0
1662,3,Laurentian University,8,2020,100.0,86.0,30.0
1663,3,Laurentian University,8,2019,100.0,100.0,77.0
1664,3,Laurentian University,8,2018,0.0,0.0,0.0
1665,3,Laurentian University,8,2017,0.0,0.0,78.0
1666,3,Laurentian University,8,2016,100.0,100.0,57.0
1667,3,Laurentian University,8,2015,100.0,100.0,65.0
1668,3,Laurentian University,8,2014,88.0,100.0,63.0
1669,3,Laurentian University,8,2013,100.0,86.0,60.0
1670,3,Laurentian University,8,2012,100.0,0.0,79.0
1671,3,Laurentian University,8,2011,0.0,0.0,43.0
1672,3,Laurentian University,8,2010,100.0,100.0,80.0
1673,3,Laurentian University,8,2009,100.0,83.0,64.0
1674,3,Laurentian University,8,2008,0.0,0.0,80.0
1675,3,Laurentian University,8,2007,0.0,0.0,80.0
1676,3,Laurentian University,8,2005,0.0,0.0,100.0
1677,3,Laurentian University,8,2004,0.0,0.0,57.0
1678,3,Laurentian University,8,2003,100.0,100.0,0.0
1643,4,Lakehead University,8,2021,100.0,100.0,88.0
1644,4,Lakehead University,8,2020,0.0,0.0,59.0
1645,4,Lakehead University,8,2019,0.0,0.0,78.0
1646,4,Lakehead University,8,2018,100.0,100.0,71.0
1647,4,Lakehead University,8,2017,71.0,86.0,64.0
1648,4,Lakehead University,8,2016,100.0,0.0,61.0
1649,4,Lakehead University,8,2015,82.0,83.0,57.0
1650,4,Lakehead University,8,2014,92.0,93.0,73.0
1651,4,Lakehead University,8,2013,100.0,88.0,78.0
1652,4,Lakehead University,8,2012,93.0,86.0,60.0
1653,4,Lakehead University,8,2011,88.0,85.0,76.0
1654,4,Lakehead University,8,2010,83.0,69.0,82.0
1655,4,Lakehead University,8,2009,0.0,0.0,73.0
1656,4,Lakehead University,8,2008,0.0,0.0,65.0
1657,4,Lakehead University,8,2007,0.0,0.0,64.0
1658,4,Lakehead University,8,2006,0.0,0.0,40.0
1659,4,Lakehead University,8,2005,0.0,0.0,39.0
1660,4,Lakehead University,8,2004,0.0,0.0,61.0
1715,5,OCAD University,8,2021,84.0,71.0,64.0
1716,5,OCAD University,8,2020,90.0,65.0,66.0
1717,5,OCAD University,8,2019,85.0,78.0,63.0
1718,5,OCAD University,8,2018,84.0,80.0,69.0
1719,5,OCAD University,8,2017,92.0,84.0,65.0
1720,5,OCAD University,8,2016,90.0,79.0,68.0
1721,5,OCAD University,8,2015,93.0,82.0,65.0
1722,5,OCAD University,8,2014,93.0,86.0,68.0
1723,5,OCAD University,8,2013,91.0,79.0,71.0
1724,5,OCAD University,8,2012,90.0,79.0,68.0
1725,5,OCAD University,8,2011,88.0,82.0,65.0
1726,5,OCAD University,8,2010,92.0,82.0,68.0
1727,5,OCAD University,8,2009,91.0,75.0,66.0
1728,5,OCAD University,8,2008,90.0,86.0,62.0
1729,5,OCAD University,8,2007,91.0,94.0,58.0
1730,5,OCAD University,8,2006,94.0,96.0,64.0
1731,5,OCAD University,8,2005,98.0,89.0,54.0
1732,5,OCAD University,8,2004,97.0,90.0,56.0
1769,6,Trent University,8,2021,0.0,0.0,54.0
1770,6,Trent University,8,2018,50.0,100.0,43.0
1771,6,Trent University,8,2016,100.0,67.0,50.0
1772,6,Trent University,8,2014,94.0,92.0,0.0
1773,6,Trent University,8,2013,100.0,73.0,0.0
1774,6,Trent University,8,2012,100.0,0.0,40.0
1775,6,Trent University,8,2011,100.0,86.0,0.0
1776,6,Trent University,8,2010,69.0,67.0,83.0
1777,6,Trent University,8,2009,100.0,100.0,80.0
1778,6,Trent University,8,2008,100.0,100.0,80.0
1779,6,Trent University,8,2007,78.0,92.0,0.0
1697,7,Nipissing University,8,2021,100.0,100.0,67.0
1698,7,Nipissing University,8,2020,0.0,0.0,62.0
1699,7,Nipissing University,8,2019,0.0,0.0,87.0
1700,7,Nipissing University,8,2018,100.0,100.0,48.0
1701,7,Nipissing University,8,2017,100.0,100.0,63.0
1702,7,Nipissing University,8,2016,100.0,100.0,62.0
1703,7,Nipissing University,8,2015,67.0,67.0,58.0
1704,7,Nipissing University,8,2014,100.0,100.0,69.0
1705,7,Nipissing University,8,2013,75.0,75.0,59.0
1706,7,Nipissing University,8,2012,100.0,100.0,64.0
1707,7,Nipissing University,8,2011,0.0,0.0,83.0
1708,7,Nipissing University,8,2010,0.0,0.0,0.0
1709,7,Nipissing University,8,2009,0.0,71.0,0.0
1710,7,Nipissing University,8,2008,0.0,0.0,0.0
1711,7,Nipissing University,8,2007,0.0,0.0,0.0
1712,7,Nipissing University,8,2006,0.0,0.0,0.0
1713,7,Nipissing University,8,2005,0.0,0.0,0.0
1714,7,Nipissing University,8,2004,0.0,0.0,0.0
1625,8,Carleton University,8,2021,96.0,96.0,70.0
1626,8,Carleton University,8,2020,95.0,63.0,71.0
1627,8,Carleton University,8,2019,100.0,100.0,79.0
1628,8,Carleton University,8,2018,93.0,89.0,71.0
1629,8,Carleton University,8,2017,88.0,100.0,70.0
1630,8,Carleton University,8,2016,100.0,96.0,62.0
1631,8,Carleton University,8,2015,92.0,88.0,70.0
1632,8,Carleton University,8,2014,96.0,88.0,55.0
1633,8,Carleton University,8,2013,88.0,85.0,64.0
1634,8,Carleton University,8,2012,100.0,79.0,69.0
1635,8,Carleton University,8,2011,94.0,82.0,78.0
1636,8,Carleton University,8,2010,89.0,83.0,77.0
1637,8,Carleton University,8,2009,86.0,71.0,63.0
1638,8,Carleton University,8,2008,94.0,93.0,63.0
1639,8,Carleton University,8,2007,87.0,88.0,58.0
1640,8,Carleton University,8,2006,100.0,88.0,60.0
1641,8,Carleton University,8,2005,100.0,89.0,59.0
1642,8,Carleton University,8,2004,100.0,92.0,60.0
1780,9,University of Guelph,8,2021,80.0,81.0,65.0
1781,9,University of Guelph,8,2020,89.0,83.0,75.0
1782,9,University of Guelph,8,2019,92.0,93.0,65.0
1783,9,University of Guelph,8,2018,95.0,94.0,65.0
1784,9,University of Guelph,8,2017,92.0,81.0,67.0
1785,9,University of Guelph,8,2016,94.0,100.0,71.0
1786,9,University of Guelph,8,2015,78.0,80.0,76.0
1787,9,University of Guelph,8,2014,96.0,90.0,77.0
1788,9,University of Guelph,8,2013,92.0,89.0,78.0
1789,9,University of Guelph,8,2012,93.0,96.0,75.0
1790,9,University of Guelph,8,2011,89.0,88.0,78.0
1791,9,University of Guelph,8,2010,84.0,89.0,80.0
1792,9,University of Guelph,8,2009,93.0,90.0,79.0
1793,9,University of Guelph,8,2008,92.0,100.0,70.0
1794,9,University of Guelph,8,2007,86.0,96.0,73.0
1795,9,University of Guelph,8,2006,100.0,100.0,66.0
1796,9,University of Guelph,8,2005,0.0,0.0,67.0
1797,9,University of Guelph,8,2004,94.0,93.0,73.0
1679,10,McMaster University,8,2021,100.0,82.0,70.0
1680,10,McMaster University,8,2020,94.0,93.0,84.0
1681,10,McMaster University,8,2019,82.0,91.0,76.0
1682,10,McMaster University,8,2018,86.0,83.0,72.0
1683,10,McMaster University,8,2017,92.0,100.0,84.0
1684,10,McMaster University,8,2016,90.0,90.0,77.0
1685,10,McMaster University,8,2015,93.0,81.0,56.0
1686,10,McMaster University,8,2014,89.0,89.0,69.0
1687,10,McMaster University,8,2013,86.0,89.0,71.0
1688,10,McMaster University,8,2012,96.0,100.0,80.0
1689,10,McMaster University,8,2011,89.0,87.0,76.0
1690,10,McMaster University,8,2010,94.0,86.0,83.0
1691,10,McMaster University,8,2009,88.0,73.0,94.0
1692,10,McMaster University,8,2008,96.0,95.0,61.0
1693,10,McMaster University,8,2007,100.0,77.0,80.0
1694,10,McMaster University,8,2006,100.0,100.0,86.0
1695,10,McMaster University,8,2005,100.0,0.0,81.0
1696,10,McMaster University,8,2004,100.0,78.0,75.0
1733,11,Ontario Tech University,8,2021,0.0,0.0,0.0
1798,12,University of Ottawa,8,2021,100.0,94.0,67.0
1799,12,University of Ottawa,8,2020,95.0,84.0,65.0
1800,12,University of Ottawa,8,2019,100.0,93.0,73.0
1801,12,University of Ottawa,8,2018,97.0,84.0,64.0
1802,12,University of Ottawa,8,2017,100.0,86.0,63.0
1803,12,University of Ottawa,8,2016,98.0,97.0,58.0
1804,12,University of Ottawa,8,2015,96.0,97.0,67.0
1805,12,University of Ottawa,8,2014,100.0,95.0,66.0
1806,12,University of Ottawa,8,2013,97.0,89.0,56.0
1807,12,University of Ottawa,8,2012,92.0,95.0,64.0
1808,12,University of Ottawa,8,2011,98.0,95.0,62.0
1809,12,University of Ottawa,8,2010,92.0,82.0,69.0
1810,12,University of Ottawa,8,2009,85.0,89.0,69.0
1811,12,University of Ottawa,8,2008,95.0,100.0,71.0
1812,12,University of Ottawa,8,2007,92.0,100.0,69.0
1813,12,University of Ottawa,8,2006,93.0,85.0,66.0
1814,12,University of Ottawa,8,2005,93.0,91.0,65.0
1815,12,University of Ottawa,8,2004,86.0,81.0,61.0
1734,13,Queens University,8,2021,91.0,93.0,86.0
1735,13,Queens University,8,2020,90.0,100.0,89.0
1736,13,Queens University,8,2019,93.0,89.0,77.0
1737,13,Queens University,8,2018,88.0,97.0,77.0
1738,13,Queens University,8,2017,94.0,96.0,83.0
1739,13,Queens University,8,2016,95.0,92.0,78.0
1740,13,Queens University,8,2015,93.0,93.0,83.0
1741,13,Queens University,8,2014,97.0,90.0,85.0
1742,13,Queens University,8,2013,94.0,90.0,82.0
1743,13,Queens University,8,2012,94.0,87.0,77.0
1744,13,Queens University,8,2011,92.0,95.0,78.0
1745,13,Queens University,8,2010,95.0,84.0,89.0
1746,13,Queens University,8,2009,81.0,100.0,86.0
1747,13,Queens University,8,2008,100.0,91.0,84.0
1748,13,Queens University,8,2007,95.0,90.0,85.0
1749,13,Queens University,8,2006,96.0,100.0,75.0
1750,13,Queens University,8,2005,100.0,100.0,80.0
1751,13,Queens University,8,2004,93.0,90.0,84.0
1752,14,Toronto Metropolitan University,8,2021,88.0,87.0,77.0
1753,14,Toronto Metropolitan University,8,2020,91.0,78.0,76.0
1754,14,Toronto Metropolitan University,8,2019,91.0,89.0,77.0
1755,14,Toronto Metropolitan University,8,2018,89.0,91.0,77.0
1756,14,Toronto Metropolitan University,8,2017,96.0,90.0,76.0
1757,14,Toronto Metropolitan University,8,2016,97.0,88.0,77.0
1758,14,Toronto Metropolitan University,8,2015,97.0,90.0,75.0
1759,14,Toronto Metropolitan University,8,2014,96.0,85.0,72.0
1760,14,Toronto Metropolitan University,8,2013,93.0,89.0,72.0
1761,14,Toronto Metropolitan University,8,2012,94.0,86.0,69.0
1762,14,Toronto Metropolitan University,8,2011,91.0,84.0,76.0
1763,14,Toronto Metropolitan University,8,2010,91.0,83.0,76.0
1764,14,Toronto Metropolitan University,8,2009,94.0,83.0,78.0
1765,14,Toronto Metropolitan University,8,2008,93.0,92.0,76.0
1766,14,Toronto Metropolitan University,8,2007,95.0,94.0,74.0
1767,14,Toronto Metropolitan University,8,2005,98.0,94.0,68.0
1768,14,Toronto Metropolitan University,8,2004,95.0,89.0,69.0
1816,15,University of Toronto,8,2021,89.0,87.0,79.0
1817,15,University of Toronto,8,2020,86.0,67.0,83.0
1818,15,University of Toronto,8,2019,90.0,85.0,80.0
1819,15,University of Toronto,8,2018,88.0,86.0,83.0
1820,15,University of Toronto,8,2017,93.0,87.0,84.0
1821,15,University of Toronto,8,2016,93.0,86.0,85.0
1822,15,University of Toronto,8,2015,94.0,88.0,81.0
1823,15,University of Toronto,8,2014,96.0,89.0,85.0
1824,15,University of Toronto,8,2013,93.0,86.0,80.0
1825,15,University of Toronto,8,2012,92.0,84.0,73.0
1826,15,University of Toronto,8,2011,95.0,84.0,84.0
1827,15,University of Toronto,8,2010,87.0,85.0,79.0
1828,15,University of Toronto,8,2009,92.0,85.0,80.0
1829,15,University of Toronto,8,2008,89.0,92.0,83.0
1830,15,University of Toronto,8,2007,96.0,100.0,79.0
1831,15,University of Toronto,8,2006,97.0,93.0,78.0
1832,15,University of Toronto,8,2005,100.0,95.0,70.0
1833,15,University of Toronto,8,2004,100.0,93.0,68.0
1834,16,University of Waterloo,8,2021,100.0,100.0,0.0
1835,16,University of Waterloo,8,2020,90.0,0.0,0.0
1836,16,University of Waterloo,8,2019,88.0,75.0,0.0
1837,16,University of Waterloo,8,2018,100.0,100.0,0.0
1838,16,University of Waterloo,8,2017,100.0,100.0,0.0
1839,16,University of Waterloo,8,2016,100.0,87.0,0.0
1840,16,University of Waterloo,8,2015,95.0,95.0,0.0
1841,16,University of Waterloo,8,2014,93.0,91.0,0.0
1842,16,University of Waterloo,8,2013,91.0,97.0,0.0
1843,16,University of Waterloo,8,2012,92.0,91.0,0.0
1844,16,University of Waterloo,8,2011,100.0,85.0,0.0
1845,16,University of Waterloo,8,2010,96.0,83.0,0.0
1846,16,University of Waterloo,8,2009,93.0,86.0,0.0
1847,16,University of Waterloo,8,2008,100.0,92.0,0.0
1848,16,University of Waterloo,8,2007,93.0,90.0,0.0
1849,16,University of Waterloo,8,2006,100.0,88.0,0.0
1850,16,University of Waterloo,8,2005,90.0,82.0,0.0
1851,16,University of Waterloo,8,2004,89.0,88.0,0.0
1852,17,University of Windsor,8,2021,92.0,76.0,62.0
1853,17,University of Windsor,8,2020,100.0,88.0,62.0
1854,17,University of Windsor,8,2019,91.0,95.0,59.0
1855,17,University of Windsor,8,2018,93.0,96.0,69.0
1856,17,University of Windsor,8,2017,86.0,88.0,61.0
1857,17,University of Windsor,8,2016,97.0,97.0,68.0
1858,17,University of Windsor,8,2015,95.0,92.0,63.0
1859,17,University of Windsor,8,2014,92.0,91.0,72.0
1860,17,University of Windsor,8,2013,92.0,82.0,60.0
1861,17,University of Windsor,8,2012,85.0,88.0,70.0
1862,17,University of Windsor,8,2011,89.0,85.0,65.0
1863,17,University of Windsor,8,2010,85.0,91.0,72.0
1864,17,University of Windsor,8,2009,90.0,82.0,72.0
1865,17,University of Windsor,8,2008,97.0,92.0,63.0
1866,17,University of Windsor,8,2007,93.0,91.0,71.0
1867,17,University of Windsor,8,2006,90.0,100.0,67.0
1868,17,University of Windsor,8,2005,100.0,100.0,65.0
1869,17,University of Windsor,8,2004,100.0,100.0,65.0
1870,18,Western University,8,2021,90.0,83.0,82.0
1871,18,Western University,8,2020,88.0,69.0,75.0
1872,18,Western University,8,2019,100.0,100.0,73.0
1873,18,Western University,8,2018,93.0,90.0,86.0
1874,18,Western University,8,2017,89.0,86.0,83.0
1875,18,Western University,8,2016,92.0,93.0,81.0
1876,18,Western University,8,2015,94.0,90.0,80.0
1877,18,Western University,8,2014,93.0,86.0,81.0
1878,18,Western University,8,2013,86.0,91.0,82.0
1879,18,Western University,8,2012,86.0,96.0,78.0
1880,18,Western University,8,2011,94.0,97.0,79.0
1881,18,Western University,8,2010,98.0,86.0,85.0
1882,18,Western University,8,2009,92.0,86.0,76.0
1883,18,Western University,8,2008,92.0,94.0,76.0
1884,18,Western University,8,2007,88.0,93.0,82.0
1885,18,Western University,8,2006,96.0,100.0,78.0
1886,18,Western University,8,2005,100.0,93.0,80.0
1887,18,Western University,8,2004,100.0,0.0,74.0
1888,19,Wilfrid Laurier University ,8,2021,94.0,86.0,75.0
1889,19,Wilfrid Laurier University ,8,2020,100.0,93.0,67.0
1890,19,Wilfrid Laurier University ,8,2019,96.0,86.0,83.0
1891,19,Wilfrid Laurier University ,8,2018,96.0,94.0,82.0
1892,19,Wilfrid Laurier University ,8,2017,100.0,91.0,78.0
1893,19,Wilfrid Laurier University ,8,2016,97.0,90.0,72.0
1894,19,Wilfrid Laurier University ,8,2015,100.0,100.0,81.0
1895,19,Wilfrid Laurier University ,8,2014,98.0,88.0,81.0
1896,19,Wilfrid Laurier University ,8,2013,100.0,96.0,72.0
1897,19,Wilfrid Laurier University ,8,2012,96.0,90.0,79.0
1898,19,Wilfrid Laurier University ,8,2011,92.0,95.0,72.0
1899,19,Wilfrid Laurier University ,8,2010,85.0,85.0,78.0
1900,19,Wilfrid Laurier University ,8,2009,88.0,100.0,80.0
1901,19,Wilfrid Laurier University ,8,2008,100.0,100.0,72.0
1902,19,Wilfrid Laurier University ,8,2007,100.0,92.0,83.0
1903,19,Wilfrid Laurier University ,8,2006,95.0,100.0,77.0
1904,19,Wilfrid Laurier University ,8,2005,100.0,0.0,65.0
1905,19,Wilfrid Laurier University ,8,2004,100.0,100.0,73.0
1906,20,York University,8,2021,93.0,88.0,68.0
1907,20,York University,8,2020,91.0,79.0,62.0
1908,20,York University,8,2019,89.0,89.0,68.0
1909,20,York University,8,2018,91.0,88.0,67.0
1910,20,York University,8,2017,94.0,86.0,70.0
1911,20,York University,8,2016,89.0,84.0,68.0
1912,20,York University,8,2015,95.0,83.0,66.0
1913,20,York University,8,2014,94.0,90.0,69.0
1914,20,York University,8,2013,94.0,89.0,68.0
1915,20,York University,8,2012,91.0,79.0,69.0
1916,20,York University,8,2011,86.0,88.0,72.0
1917,20,York University,8,2010,91.0,85.0,73.0
1918,20,York University,8,2009,86.0,88.0,72.0
1919,20,York University,8,2008,94.0,86.0,73.0
1920,20,York University,8,2007,93.0,87.0,67.0
1921,20,York University,8,2006,89.0,95.0,60.0
1922,20,York University,8,2005,97.0,92.0,64.0
1923,20,York University,8,2004,95.0,89.0,60.0
1924,1,Algoma University,9,2013,93.0,87.0,0.0
1925,2,Brock University,9,2021,0.0,0.0,0.0
1928,3,Laurentian University,9,2021,0.0,0.0,0.0
1927,4,Lakehead University,9,2021,0.0,0.0,0.0
1931,5,OCAD University,9,2021,0.0,0.0,0.0
1951,6,Trent University,9,2021,0.0,0.0,0.0
1930,7,Nipissing University,9,2021,0.0,0.0,0.0
1926,8,Carleton University,9,2021,0.0,0.0,0.0
1952,9,University of Guelph,9,2021,97.0,96.0,85.0
1953,9,University of Guelph,9,2020,97.0,90.0,83.0
1954,9,University of Guelph,9,2019,96.0,93.0,81.0
1955,9,University of Guelph,9,2018,94.0,92.0,81.0
1956,9,University of Guelph,9,2017,94.0,94.0,83.0
1957,9,University of Guelph,9,2016,96.0,91.0,84.0
1958,9,University of Guelph,9,2015,94.0,92.0,83.0
1959,9,University of Guelph,9,2014,96.0,94.0,80.0
1960,9,University of Guelph,9,2013,93.0,87.0,85.0
1961,9,University of Guelph,9,2012,93.0,90.0,84.0
1962,9,University of Guelph,9,2011,97.0,89.0,85.0
1963,9,University of Guelph,9,2010,93.0,88.0,89.0
1964,9,University of Guelph,9,2009,94.0,90.0,81.0
1965,9,University of Guelph,9,2008,93.0,97.0,87.0
1966,9,University of Guelph,9,2007,92.0,97.0,94.0
1967,9,University of Guelph,9,2006,100.0,100.0,84.0
1968,9,University of Guelph,9,2005,97.0,100.0,86.0
1969,9,University of Guelph,9,2004,98.0,93.0,84.0
1929,10,McMaster University,9,2021,0.0,0.0,0.0
1932,11,Ontario Tech University,9,2021,0.0,0.0,0.0
1970,12,University of Ottawa,9,2021,100.0,100.0,78.0
1971,12,University of Ottawa,9,2020,0.0,0.0,84.0
1972,12,University of Ottawa,9,2019,100.0,100.0,87.0
1973,12,University of Ottawa,9,2018,100.0,79.0,85.0
1974,12,University of Ottawa,9,2017,100.0,100.0,71.0
1975,12,University of Ottawa,9,2016,94.0,81.0,93.0
1976,12,University of Ottawa,9,2015,100.0,84.0,81.0
1977,12,University of Ottawa,9,2014,95.0,75.0,86.0
1978,12,University of Ottawa,9,2013,96.0,86.0,0.0
1979,12,University of Ottawa,9,2012,95.0,100.0,0.0
1980,12,University of Ottawa,9,2011,93.0,100.0,0.0
1933,13,Queens University,9,2021,0.0,0.0,0.0
1934,14,Toronto Metropolitan University,9,2021,92.0,85.0,91.0
1935,14,Toronto Metropolitan University,9,2020,94.0,83.0,83.0
1936,14,Toronto Metropolitan University,9,2019,84.0,85.0,90.0
1937,14,Toronto Metropolitan University,9,2018,85.0,88.0,81.0
1938,14,Toronto Metropolitan University,9,2017,93.0,95.0,81.0
1939,14,Toronto Metropolitan University,9,2016,88.0,87.0,82.0
1940,14,Toronto Metropolitan University,9,2015,84.0,81.0,91.0
1941,14,Toronto Metropolitan University,9,2014,83.0,79.0,86.0
1942,14,Toronto Metropolitan University,9,2013,95.0,80.0,94.0
1943,14,Toronto Metropolitan University,9,2012,93.0,79.0,76.0
1944,14,Toronto Metropolitan University,9,2011,91.0,80.0,0.0
1945,14,Toronto Metropolitan University,9,2010,79.0,91.0,0.0
1946,14,Toronto Metropolitan University,9,2009,95.0,94.0,0.0
1947,14,Toronto Metropolitan University,9,2008,89.0,88.0,0.0
1948,14,Toronto Metropolitan University,9,2007,95.0,88.0,86.0
1949,14,Toronto Metropolitan University,9,2005,100.0,91.0,81.0
1950,14,Toronto Metropolitan University,9,2004,92.0,100.0,74.0
1981,15,University of Toronto,9,2021,100.0,89.0,0.0
1982,15,University of Toronto,9,2020,100.0,83.0,0.0
1983,15,University of Toronto,9,2019,100.0,93.0,0.0
1984,15,University of Toronto,9,2017,89.0,93.0,0.0
1985,15,University of Toronto,9,2016,86.0,83.0,0.0
1986,15,University of Toronto,9,2015,100.0,89.0,0.0
1987,15,University of Toronto,9,2014,88.0,67.0,0.0
1988,15,University of Toronto,9,2013,88.0,89.0,0.0
1989,15,University of Toronto,9,2012,80.0,73.0,0.0
1990,15,University of Toronto,9,2011,82.0,70.0,0.0
1991,15,University of Toronto,9,2008,88.0,90.0,0.0
1992,15,University of Toronto,9,2007,0.0,0.0,0.0
1993,16,University of Waterloo,9,2021,0.0,0.0,0.0
1994,17,University of Windsor,9,2021,0.0,0.0,0.0
1995,18,Western University,9,2021,94.0,94.0,90.0
1996,18,Western University,9,2020,94.0,89.0,92.0
1997,18,Western University,9,2019,100.0,91.0,85.0
1998,18,Western University,9,2018,100.0,0.0,80.0
1999,18,Western University,9,2017,75.0,100.0,86.0
2000,18,Western University,9,2016,88.0,86.0,90.0
2001,18,Western University,9,2015,88.0,74.0,89.0
2002,18,Western University,9,2013,100.0,67.0,100.0
2003,18,Western University,9,2012,67.0,100.0,100.0
2004,18,Western University,9,2010,85.0,81.0,86.0
2005,18,Western University,9,2009,96.0,92.0,81.0
2006,18,Western University,9,2008,100.0,87.0,82.0
2007,18,Western University,9,2007,96.0,100.0,83.0
2008,18,Western University,9,2006,95.0,93.0,88.0
2009,18,Western University,9,2005,92.0,86.0,92.0
2010,18,Western University,9,2004,93.0,100.0,82.0
2011,19,Wilfrid Laurier University ,9,2021,0.0,0.0,0.0
2012,20,York University,9,2021,0.0,0.0,0.0
2013,2,Brock University,10,2021,0.0,0.0,0.0
2033,3,Laurentian University,10,2021,0.0,0.0,0.0
2015,4,Lakehead University,10,2021,100.0,100.0,75.0
2016,4,Lakehead University,10,2020,100.0,100.0,62.0
2017,4,Lakehead University,10,2019,92.0,85.0,44.0
2018,4,Lakehead University,10,2018,100.0,91.0,100.0
2019,4,Lakehead University,10,2017,100.0,100.0,0.0
2020,4,Lakehead University,10,2016,88.0,100.0,43.0
2021,4,Lakehead University,10,2015,100.0,100.0,56.0
2022,4,Lakehead University,10,2014,100.0,100.0,75.0
2023,4,Lakehead University,10,2013,100.0,90.0,68.0
2024,4,Lakehead University,10,2012,89.0,88.0,73.0
2025,4,Lakehead University,10,2011,100.0,100.0,74.0
2026,4,Lakehead University,10,2010,100.0,100.0,68.0
2027,4,Lakehead University,10,2009,100.0,75.0,63.0
2028,4,Lakehead University,10,2008,100.0,100.0,71.0
2029,4,Lakehead University,10,2007,100.0,0.0,72.0
2030,4,Lakehead University,10,2006,0.0,0.0,87.0
2031,4,Lakehead University,10,2005,0.0,0.0,65.0
2032,4,Lakehead University,10,2004,100.0,0.0,61.0
2036,5,OCAD University,10,2021,0.0,0.0,0.0
2040,6,Trent University,10,2021,0.0,0.0,0.0
2035,7,Nipissing University,10,2021,0.0,0.0,0.0
2014,8,Carleton University,10,2021,0.0,0.0,0.0
2041,9,University of Guelph,10,2021,0.0,0.0,0.0
2034,10,McMaster University,10,2021,0.0,0.0,0.0
2037,11,Ontario Tech University,10,2021,0.0,0.0,0.0
2042,12,University of Ottawa,10,2021,0.0,0.0,0.0
2038,13,Queens University,10,2021,0.0,0.0,0.0
2039,14,Toronto Metropolitan University,10,2021,0.0,0.0,0.0
2043,15,University of Toronto,10,2021,100.0,0.0,0.0
2044,15,University of Toronto,10,2020,0.0,0.0,0.0
2045,15,University of Toronto,10,2019,0.0,0.0,0.0
2046,15,University of Toronto,10,2017,100.0,100.0,0.0
2047,15,University of Toronto,10,2016,0.0,100.0,0.0
2048,15,University of Toronto,10,2015,100.0,100.0,0.0
2049,15,University of Toronto,10,2014,100.0,67.0,0.0
2050,15,University of Toronto,10,2013,0.0,0.0,0.0
2051,15,University of Toronto,10,2012,100.0,50.0,0.0
2052,15,University of Toronto,10,2011,100.0,88.0,0.0
2053,15,University of Toronto,10,2010,0.0,0.0,0.0
2054,15,University of Toronto,10,2009,0.0,0.0,0.0
2055,15,University of Toronto,10,2008,0.0,0.0,0.0
2056,15,University of Toronto,10,2007,0.0,0.0,0.0
2057,15,University of Toronto,10,2006,0.0,0.0,0.0
2058,15,University of Toronto,10,2005,0.0,0.0,0.0
2059,15,University of Toronto,10,2004,0.0,0.0,0.0
2060,16,University of Waterloo,10,2021,0.0,0.0,0.0
2061,17,University of Windsor,10,2021,0.0,0.0,0.0
2062,18,Western University,10,2021,0.0,0.0,0.0
2063,19,Wilfrid Laurier University ,10,2021,0.0,0.0,0.0
2064,20,York University,10,2021,0.0,0.0,0.0
3814,1,Algoma University,11,2013,75.0,100.0,0.0
3815,1,Algoma University,11,2008,32.0,0.0,0.0
3816,2,Brock University,11,2021,91.0,79.0,72.0
3817,2,Brock University,11,2020,92.0,91.0,77.0
3818,2,Brock University,11,2019,89.0,91.0,69.0
3819,2,Brock University,11,2018,86.0,91.0,70.0
3820,2,Brock University,11,2017,97.0,81.0,65.0
3821,2,Brock University,11,2016,96.0,83.0,66.0
3822,2,Brock University,11,2015,97.0,90.0,71.0
3823,2,Brock University,11,2014,95.0,65.0,69.0
3824,2,Brock University,11,2013,95.0,84.0,67.0
3825,2,Brock University,11,2012,85.0,79.0,62.0
3826,2,Brock University,11,2011,90.0,95.0,66.0
3827,2,Brock University,11,2010,87.0,100.0,74.0
3828,2,Brock University,11,2009,89.0,75.0,74.0
3829,2,Brock University,11,2008,82.0,69.0,76.0
3830,2,Brock University,11,2007,100.0,89.0,73.0
3831,2,Brock University,11,2006,100.0,88.0,65.0
3832,2,Brock University,11,2005,100.0,88.0,62.0
3833,2,Brock University,11,2004,100.0,93.0,77.0
3836,3,Laurentian University,11,2021,100.0,100.0,82.0
3837,3,Laurentian University,11,2020,100.0,80.0,79.0
3838,3,Laurentian University,11,2019,100.0,86.0,81.0
3839,3,Laurentian University,11,2018,100.0,100.0,0.0
3840,3,Laurentian University,11,2017,0.0,0.0,83.0
3841,3,Laurentian University,11,2016,100.0,90.0,82.0
3842,3,Laurentian University,11,2015,100.0,90.0,87.0
3843,3,Laurentian University,11,2014,100.0,87.0,72.0
3844,3,Laurentian University,11,2013,88.0,76.0,70.0
3845,3,Laurentian University,11,2012,100.0,92.0,83.0
3846,3,Laurentian University,11,2011,100.0,90.0,82.0
3847,3,Laurentian University,11,2010,100.0,100.0,86.0
3848,3,Laurentian University,11,2009,100.0,100.0,0.0
3849,3,Laurentian University,11,2008,100.0,100.0,0.0
3850,3,Laurentian University,11,2007,0.0,0.0,0.0
3851,3,Laurentian University,11,2006,0.0,0.0,88.0
3852,3,Laurentian University,11,2005,0.0,0.0,0.0
3853,3,Laurentian University,11,2003,88.0,100.0,0.0
3835,4,Lakehead University,11,2021,0.0,0.0,0.0
3873,5,OCAD University,11,2021,0.0,0.0,0.0
3909,6,Trent University,11,2021,0.0,0.0,0.0
3910,6,Trent University,11,2009,100.0,96.0,0.0
3872,7,Nipissing University,11,2021,0.0,0.0,0.0
3834,8,Carleton University,11,2021,100.0,91.0,70.0
3911,9,University of Guelph,11,2021,94.0,100.0,0.0
3912,9,University of Guelph,11,2020,82.0,79.0,0.0
3913,9,University of Guelph,11,2019,100.0,89.0,0.0
3914,9,University of Guelph,11,2018,100.0,60.0,0.0
3915,9,University of Guelph,11,2017,60.0,50.0,0.0
3916,9,University of Guelph,11,2014,100.0,100.0,89.0
3917,9,University of Guelph,11,2013,75.0,100.0,91.0
3918,9,University of Guelph,11,2012,0.0,0.0,90.0
3919,9,University of Guelph,11,2011,0.0,0.0,68.0
3920,9,University of Guelph,11,2010,100.0,80.0,75.0
3921,9,University of Guelph,11,2009,100.0,0.0,0.0
3922,9,University of Guelph,11,2008,0.0,88.0,0.0
3923,9,University of Guelph,11,2007,88.0,88.0,0.0
3924,9,University of Guelph,11,2006,100.0,0.0,0.0
3925,9,University of Guelph,11,2005,0.0,0.0,0.0
3926,9,University of Guelph,11,2004,100.0,100.0,0.0
3854,10,McMaster University,11,2021,98.0,98.0,94.0
3855,10,McMaster University,11,2020,96.0,95.0,93.0
3856,10,McMaster University,11,2019,98.0,94.0,94.0
3857,10,McMaster University,11,2018,94.0,95.0,96.0
3858,10,McMaster University,11,2017,96.0,91.0,91.0
3859,10,McMaster University,11,2016,96.0,88.0,95.0
3860,10,McMaster University,11,2015,99.0,91.0,92.0
3861,10,McMaster University,11,2014,99.0,94.0,94.0
3862,10,McMaster University,11,2013,94.0,92.0,92.0
3863,10,McMaster University,11,2012,96.0,90.0,94.0
3864,10,McMaster University,11,2011,97.0,91.0,93.0
3865,10,McMaster University,11,2010,96.0,92.0,95.0
3866,10,McMaster University,11,2009,97.0,95.0,99.0
3867,10,McMaster University,11,2008,98.0,96.0,98.0
3868,10,McMaster University,11,2007,100.0,100.0,97.0
3869,10,McMaster University,11,2006,100.0,100.0,0.0
3870,10,McMaster University,11,2005,100.0,100.0,0.0
3871,10,McMaster University,11,2004,100.0,100.0,0.0
3874,11,Ontario Tech University,11,2021,91.0,90.0,75.0
3875,11,Ontario Tech University,11,2020,98.0,90.0,71.0
3876,11,Ontario Tech University,11,2019,98.0,94.0,73.0
3877,11,Ontario Tech University,11,2018,93.0,87.0,63.0
3878,11,Ontario Tech University,11,2017,95.0,88.0,62.0
3879,11,Ontario Tech University,11,2016,92.0,79.0,71.0
3880,11,Ontario Tech University,11,2015,98.0,83.0,66.0
3881,11,Ontario Tech University,11,2014,93.0,80.0,68.0
3882,11,Ontario Tech University,11,2013,92.0,85.0,75.0
3883,11,Ontario Tech University,11,2012,93.0,84.0,67.0
3884,11,Ontario Tech University,11,2011,88.0,68.0,68.0
3885,11,Ontario Tech University,11,2010,78.0,74.0,55.0
3886,11,Ontario Tech University,11,2009,100.0,89.0,0.0
3887,11,Ontario Tech University,11,2008,86.0,100.0,0.0
3927,12,University of Ottawa,11,2021,93.0,93.0,81.0
3928,12,University of Ottawa,11,2020,96.0,89.0,80.0
3929,12,University of Ottawa,11,2019,95.0,90.0,76.0
3930,12,University of Ottawa,11,2018,95.0,96.0,80.0
3931,12,University of Ottawa,11,2017,96.0,86.0,79.0
3932,12,University of Ottawa,11,2016,93.0,93.0,85.0
3933,12,University of Ottawa,11,2015,92.0,90.0,80.0
3934,12,University of Ottawa,11,2014,93.0,93.0,82.0
3935,12,University of Ottawa,11,2013,86.0,94.0,83.0
3936,12,University of Ottawa,11,2012,94.0,81.0,75.0
3937,12,University of Ottawa,11,2011,87.0,93.0,0.0
3938,12,University of Ottawa,11,2010,100.0,83.0,0.0
3939,12,University of Ottawa,11,2009,90.0,100.0,0.0
3940,12,University of Ottawa,11,2008,90.0,90.0,0.0
3941,12,University of Ottawa,11,2007,100.0,100.0,0.0
3942,12,University of Ottawa,11,2006,0.0,0.0,0.0
3943,12,University of Ottawa,11,2005,0.0,0.0,0.0
3888,13,Queens University,11,2021,100.0,100.0,0.0
3889,13,Queens University,11,2020,0.0,0.0,0.0
3890,13,Queens University,11,2019,0.0,0.0,0.0
3891,13,Queens University,11,2004,95.0,100.0,0.0
3892,14,Toronto Metropolitan University,11,2021,86.0,83.0,69.0
3893,14,Toronto Metropolitan University,11,2020,91.0,78.0,68.0
3894,14,Toronto Metropolitan University,11,2019,91.0,85.0,70.0
3895,14,Toronto Metropolitan University,11,2018,88.0,85.0,77.0
3896,14,Toronto Metropolitan University,11,2017,92.0,83.0,70.0
3897,14,Toronto Metropolitan University,11,2016,88.0,73.0,69.0
3898,14,Toronto Metropolitan University,11,2015,93.0,70.0,67.0
3899,14,Toronto Metropolitan University,11,2014,90.0,69.0,81.0
3900,14,Toronto Metropolitan University,11,2013,76.0,63.0,78.0
3901,14,Toronto Metropolitan University,11,2012,88.0,63.0,81.0
3902,14,Toronto Metropolitan University,11,2011,85.0,72.0,0.0
3903,14,Toronto Metropolitan University,11,2010,83.0,71.0,0.0
3904,14,Toronto Metropolitan University,11,2009,97.0,84.0,0.0
3905,14,Toronto Metropolitan University,11,2008,97.0,86.0,0.0
3906,14,Toronto Metropolitan University,11,2007,98.0,82.0,79.0
3907,14,Toronto Metropolitan University,11,2005,100.0,86.0,65.0
3908,14,Toronto Metropolitan University,11,2004,93.0,93.0,57.0
3944,15,University of Toronto,11,2021,91.0,87.0,0.0
3945,15,University of Toronto,11,2020,96.0,80.0,71.0
3946,15,University of Toronto,11,2019,94.0,82.0,89.0
3947,15,University of Toronto,11,2018,100.0,97.0,88.0
3948,15,University of Toronto,11,2017,94.0,87.0,96.0
3949,15,University of Toronto,11,2016,93.0,81.0,74.0
3950,15,University of Toronto,11,2015,89.0,87.0,93.0
3951,15,University of Toronto,11,2014,94.0,85.0,0.0
3952,15,University of Toronto,11,2013,94.0,73.0,86.0
3953,15,University of Toronto,11,2012,92.0,85.0,88.0
3954,15,University of Toronto,11,2011,95.0,74.0,91.0
3955,15,University of Toronto,11,2010,87.0,84.0,0.0
3956,15,University of Toronto,11,2009,94.0,81.0,0.0
3957,15,University of Toronto,11,2008,94.0,87.0,87.0
3958,15,University of Toronto,11,2007,93.0,91.0,86.0
3959,15,University of Toronto,11,2006,96.0,85.0,82.0
3960,15,University of Toronto,11,2005,90.0,91.0,0.0
3961,15,University of Toronto,11,2004,96.0,96.0,0.0
3962,16,University of Waterloo,11,2021,96.0,93.0,87.0
3963,16,University of Waterloo,11,2020,94.0,86.0,85.0
3964,16,University of Waterloo,11,2019,98.0,92.0,85.0
3965,16,University of Waterloo,11,2018,88.0,89.0,86.0
3966,16,University of Waterloo,11,2017,95.0,87.0,81.0
3967,16,University of Waterloo,11,2016,97.0,83.0,85.0
3968,16,University of Waterloo,11,2015,97.0,75.0,83.0
3969,16,University of Waterloo,11,2014,92.0,73.0,83.0
3970,16,University of Waterloo,11,2013,94.0,73.0,76.0
3971,16,University of Waterloo,11,2012,96.0,82.0,82.0
3972,16,University of Waterloo,11,2011,97.0,92.0,79.0
3973,16,University of Waterloo,11,2010,92.0,86.0,87.0
3974,16,University of Waterloo,11,2009,90.0,75.0,0.0
3975,16,University of Waterloo,11,2008,100.0,88.0,0.0
3976,16,University of Waterloo,11,2007,88.0,94.0,0.0
3977,16,University of Waterloo,11,2006,93.0,100.0,0.0
3978,16,University of Waterloo,11,2005,100.0,100.0,0.0
3979,16,University of Waterloo,11,2004,100.0,100.0,0.0
3980,17,University of Windsor,11,2021,0.0,0.0,0.0
3981,17,University of Windsor,11,2013,0.0,0.0,100.0
3982,17,University of Windsor,11,2012,0.0,0.0,50.0
3983,17,University of Windsor,11,2011,0.0,0.0,0.0
3984,17,University of Windsor,11,2010,0.0,0.0,0.0
3985,17,University of Windsor,11,2009,0.0,0.0,0.0
3986,17,University of Windsor,11,2008,0.0,0.0,0.0
3987,17,University of Windsor,11,2007,0.0,0.0,0.0
3988,17,University of Windsor,11,2006,0.0,0.0,0.0
3989,17,University of Windsor,11,2005,0.0,0.0,0.0
3990,17,University of Windsor,11,2004,0.0,0.0,0.0
3991,18,Western University,11,2021,94.0,93.0,90.0
3992,18,Western University,11,2020,93.0,92.0,87.0
3993,18,Western University,11,2019,96.0,86.0,85.0
3994,18,Western University,11,2018,90.0,89.0,86.0
3995,18,Western University,11,2017,93.0,92.0,87.0
3996,18,Western University,11,2016,91.0,86.0,84.0
3997,18,Western University,11,2015,87.0,84.0,83.0
3998,18,Western University,11,2014,91.0,88.0,84.0
3999,18,Western University,11,2013,89.0,85.0,82.0
4000,18,Western University,11,2012,93.0,81.0,84.0
4001,18,Western University,11,2011,92.0,85.0,83.0
4002,18,Western University,11,2010,93.0,85.0,90.0
4003,18,Western University,11,2009,87.0,81.0,88.0
4004,18,Western University,11,2008,93.0,81.0,85.0
4005,18,Western University,11,2007,95.0,92.0,86.0
4006,18,Western University,11,2006,93.0,85.0,85.0
4007,18,Western University,11,2005,98.0,97.0,0.0
4008,18,Western University,11,2004,97.0,100.0,0.0
4009,19,Wilfrid Laurier University ,11,2021,97.0,90.0,77.0
4010,20,York University,11,2021,88.0,71.0,0.0
2065,1,Algoma University,12,2013,90.0,87.0,0.0
2066,2,Brock University,12,2021,94.0,86.0,67.0
2067,2,Brock University,12,2020,93.0,94.0,64.0
2068,2,Brock University,12,2019,94.0,90.0,66.0
2069,2,Brock University,12,2018,89.0,92.0,64.0
2070,2,Brock University,12,2017,90.0,93.0,62.0
2071,2,Brock University,12,2016,93.0,87.0,63.0
2072,2,Brock University,12,2015,100.0,96.0,63.0
2073,2,Brock University,12,2014,96.0,90.0,65.0
2074,2,Brock University,12,2013,94.0,92.0,66.0
2075,2,Brock University,12,2012,90.0,94.0,67.0
2076,2,Brock University,12,2011,91.0,92.0,66.0
2077,2,Brock University,12,2010,88.0,88.0,75.0
2078,2,Brock University,12,2009,88.0,89.0,74.0
2079,2,Brock University,12,2008,92.0,97.0,73.0
2080,2,Brock University,12,2007,93.0,94.0,70.0
2081,2,Brock University,12,2006,90.0,91.0,67.0
2082,2,Brock University,12,2005,95.0,100.0,65.0
2083,2,Brock University,12,2004,96.0,94.0,63.0
2120,3,Laurentian University,12,2021,91.0,95.0,49.0
2121,3,Laurentian University,12,2020,95.0,88.0,56.0
2122,3,Laurentian University,12,2019,93.0,80.0,77.0
2123,3,Laurentian University,12,2018,84.0,100.0,0.0
2124,3,Laurentian University,12,2017,90.0,89.0,66.0
2125,3,Laurentian University,12,2016,91.0,87.0,46.0
2126,3,Laurentian University,12,2015,95.0,87.0,51.0
2127,3,Laurentian University,12,2014,93.0,97.0,46.0
2128,3,Laurentian University,12,2013,89.0,88.0,57.0
2129,3,Laurentian University,12,2012,95.0,90.0,69.0
2130,3,Laurentian University,12,2011,86.0,88.0,60.0
2131,3,Laurentian University,12,2010,93.0,88.0,58.0
2132,3,Laurentian University,12,2009,87.0,87.0,65.0
2133,3,Laurentian University,12,2008,98.0,96.0,69.0
2134,3,Laurentian University,12,2007,93.0,98.0,71.0
2135,3,Laurentian University,12,2006,91.0,85.0,73.0
2136,3,Laurentian University,12,2005,100.0,91.0,63.0
2137,3,Laurentian University,12,2004,86.0,86.0,64.0
2138,3,Laurentian University,12,2003,93.0,86.0,70.0
2102,4,Lakehead University,12,2021,80.0,87.0,66.0
2103,4,Lakehead University,12,2020,100.0,94.0,68.0
2104,4,Lakehead University,12,2019,80.0,100.0,68.0
2105,4,Lakehead University,12,2018,91.0,92.0,60.0
2106,4,Lakehead University,12,2017,82.0,88.0,69.0
2107,4,Lakehead University,12,2016,100.0,100.0,71.0
2108,4,Lakehead University,12,2015,94.0,89.0,73.0
2109,4,Lakehead University,12,2014,93.0,82.0,78.0
2110,4,Lakehead University,12,2013,94.0,89.0,70.0
2111,4,Lakehead University,12,2012,92.0,91.0,76.0
2112,4,Lakehead University,12,2011,97.0,86.0,73.0
2113,4,Lakehead University,12,2010,94.0,82.0,74.0
2114,4,Lakehead University,12,2009,90.0,87.0,79.0
2115,4,Lakehead University,12,2008,83.0,90.0,77.0
2116,4,Lakehead University,12,2007,87.0,92.0,80.0
2117,4,Lakehead University,12,2006,100.0,100.0,82.0
2118,4,Lakehead University,12,2005,91.0,83.0,64.0
2119,4,Lakehead University,12,2004,100.0,88.0,56.0
2175,5,OCAD University,12,2021,0.0,0.0,0.0
2222,6,Trent University,12,2021,97.0,95.0,67.0
2223,6,Trent University,12,2020,91.0,85.0,59.0
2224,6,Trent University,12,2019,96.0,96.0,56.0
2225,6,Trent University,12,2018,95.0,91.0,55.0
2226,6,Trent University,12,2017,99.0,95.0,55.0
2227,6,Trent University,12,2016,91.0,94.0,53.0
2228,6,Trent University,12,2015,94.0,88.0,36.0
2229,6,Trent University,12,2014,94.0,97.0,25.0
2230,6,Trent University,12,2013,92.0,93.0,71.0
2231,6,Trent University,12,2012,93.0,98.0,70.0
2232,6,Trent University,12,2011,95.0,90.0,82.0
2233,6,Trent University,12,2010,93.0,90.0,77.0
2234,6,Trent University,12,2009,92.0,88.0,83.0
2235,6,Trent University,12,2008,93.0,92.0,81.0
2236,6,Trent University,12,2007,91.0,93.0,64.0
2237,6,Trent University,12,2006,91.0,93.0,72.0
2238,6,Trent University,12,2005,98.0,97.0,65.0
2239,6,Trent University,12,2004,96.0,97.0,70.0
2157,7,Nipissing University,12,2021,100.0,95.0,75.0
2158,7,Nipissing University,12,2020,100.0,80.0,77.0
2159,7,Nipissing University,12,2019,96.0,96.0,61.0
2160,7,Nipissing University,12,2018,100.0,100.0,64.0
2161,7,Nipissing University,12,2017,96.0,100.0,65.0
2162,7,Nipissing University,12,2016,97.0,96.0,73.0
2163,7,Nipissing University,12,2015,92.0,95.0,73.0
2164,7,Nipissing University,12,2014,93.0,95.0,76.0
2165,7,Nipissing University,12,2013,94.0,89.0,69.0
2166,7,Nipissing University,12,2012,91.0,90.0,75.0
2167,7,Nipissing University,12,2011,92.0,84.0,80.0
2168,7,Nipissing University,12,2010,89.0,96.0,0.0
2169,7,Nipissing University,12,2009,89.0,82.0,0.0
2170,7,Nipissing University,12,2008,94.0,91.0,0.0
2171,7,Nipissing University,12,2007,94.0,97.0,0.0
2172,7,Nipissing University,12,2006,97.0,100.0,0.0
2173,7,Nipissing University,12,2005,95.0,82.0,0.0
2174,7,Nipissing University,12,2004,100.0,91.0,0.0
2084,8,Carleton University,12,2021,92.0,85.0,64.0
2085,8,Carleton University,12,2020,93.0,85.0,64.0
2086,8,Carleton University,12,2019,90.0,90.0,63.0
2087,8,Carleton University,12,2018,87.0,90.0,64.0
2088,8,Carleton University,12,2017,93.0,88.0,58.0
2089,8,Carleton University,12,2016,96.0,86.0,62.0
2090,8,Carleton University,12,2015,94.0,84.0,64.0
2091,8,Carleton University,12,2014,90.0,89.0,62.0
2092,8,Carleton University,12,2013,92.0,87.0,61.0
2093,8,Carleton University,12,2012,90.0,86.0,61.0
2094,8,Carleton University,12,2011,93.0,81.0,61.0
2095,8,Carleton University,12,2010,92.0,88.0,63.0
2096,8,Carleton University,12,2009,90.0,88.0,60.0
2097,8,Carleton University,12,2008,94.0,92.0,62.0
2098,8,Carleton University,12,2007,95.0,88.0,61.0
2099,8,Carleton University,12,2006,96.0,93.0,47.0
2100,8,Carleton University,12,2005,94.0,98.0,53.0
2101,8,Carleton University,12,2004,97.0,98.0,48.0
2240,9,University of Guelph,12,2021,91.0,86.0,79.0
2241,9,University of Guelph,12,2020,95.0,73.0,79.0
2242,9,University of Guelph,12,2019,84.0,92.0,76.0
2243,9,University of Guelph,12,2018,90.0,93.0,75.0
2244,9,University of Guelph,12,2017,96.0,92.0,74.0
2245,9,University of Guelph,12,2016,94.0,93.0,76.0
2246,9,University of Guelph,12,2015,94.0,94.0,75.0
2247,9,University of Guelph,12,2014,92.0,92.0,74.0
2248,9,University of Guelph,12,2013,90.0,87.0,76.0
2249,9,University of Guelph,12,2012,96.0,89.0,77.0
2250,9,University of Guelph,12,2011,94.0,87.0,79.0
2251,9,University of Guelph,12,2010,93.0,90.0,83.0
2252,9,University of Guelph,12,2009,93.0,86.0,80.0
2253,9,University of Guelph,12,2008,91.0,86.0,73.0
2254,9,University of Guelph,12,2007,95.0,92.0,70.0
2255,9,University of Guelph,12,2006,90.0,98.0,72.0
2256,9,University of Guelph,12,2005,97.0,91.0,71.0
2257,9,University of Guelph,12,2004,96.0,93.0,70.0
2139,10,McMaster University,12,2021,91.0,90.0,0.0
2140,10,McMaster University,12,2020,94.0,87.0,0.0
2141,10,McMaster University,12,2019,98.0,89.0,0.0
2142,10,McMaster University,12,2018,86.0,89.0,0.0
2143,10,McMaster University,12,2017,95.0,81.0,0.0
2144,10,McMaster University,12,2016,93.0,90.0,0.0
2145,10,McMaster University,12,2015,93.0,90.0,0.0
2146,10,McMaster University,12,2014,91.0,94.0,0.0
2147,10,McMaster University,12,2013,94.0,93.0,0.0
2148,10,McMaster University,12,2012,92.0,87.0,0.0
2149,10,McMaster University,12,2011,89.0,88.0,0.0
2150,10,McMaster University,12,2010,92.0,92.0,0.0
2151,10,McMaster University,12,2009,92.0,91.0,0.0
2152,10,McMaster University,12,2008,93.0,91.0,0.0
2153,10,McMaster University,12,2007,92.0,93.0,0.0
2154,10,McMaster University,12,2006,95.0,95.0,0.0
2155,10,McMaster University,12,2005,97.0,94.0,0.0
2156,10,McMaster University,12,2004,92.0,87.0,0.0
2176,11,Ontario Tech University,12,2021,78.0,89.0,61.0
2177,11,Ontario Tech University,12,2020,90.0,84.0,64.0
2178,11,Ontario Tech University,12,2019,88.0,78.0,56.0
2179,11,Ontario Tech University,12,2018,91.0,89.0,53.0
2180,11,Ontario Tech University,12,2017,88.0,87.0,61.0
2181,11,Ontario Tech University,12,2016,100.0,58.0,60.0
2182,11,Ontario Tech University,12,2015,80.0,86.0,75.0
2183,11,Ontario Tech University,12,2014,100.0,90.0,0.0
2184,11,Ontario Tech University,12,2013,89.0,89.0,0.0
2185,11,Ontario Tech University,12,2012,100.0,81.0,0.0
2258,12,University of Ottawa,12,2021,96.0,93.0,70.0
2259,12,University of Ottawa,12,2020,94.0,87.0,69.0
2260,12,University of Ottawa,12,2019,95.0,97.0,66.0
2261,12,University of Ottawa,12,2018,94.0,98.0,64.0
2262,12,University of Ottawa,12,2017,98.0,94.0,67.0
2263,12,University of Ottawa,12,2016,94.0,92.0,66.0
2264,12,University of Ottawa,12,2015,96.0,91.0,68.0
2265,12,University of Ottawa,12,2014,96.0,91.0,71.0
2266,12,University of Ottawa,12,2013,93.0,89.0,70.0
2267,12,University of Ottawa,12,2012,93.0,89.0,70.0
2268,12,University of Ottawa,12,2011,94.0,90.0,73.0
2269,12,University of Ottawa,12,2010,90.0,91.0,76.0
2270,12,University of Ottawa,12,2009,93.0,91.0,76.0
2271,12,University of Ottawa,12,2008,90.0,95.0,77.0
2272,12,University of Ottawa,12,2007,95.0,97.0,75.0
2273,12,University of Ottawa,12,2006,96.0,99.0,72.0
2274,12,University of Ottawa,12,2005,100.0,99.0,71.0
2275,12,University of Ottawa,12,2004,97.0,92.0,66.0
2186,13,Queens University,12,2021,97.0,94.0,100.0
2187,13,Queens University,12,2020,96.0,93.0,50.0
2188,13,Queens University,12,2019,96.0,91.0,0.0
2189,13,Queens University,12,2018,91.0,92.0,0.0
2190,13,Queens University,12,2017,95.0,95.0,100.0
2191,13,Queens University,12,2016,93.0,90.0,100.0
2192,13,Queens University,12,2015,94.0,89.0,67.0
2193,13,Queens University,12,2014,93.0,91.0,0.0
2194,13,Queens University,12,2013,94.0,89.0,100.0
2195,13,Queens University,12,2012,92.0,96.0,81.0
2196,13,Queens University,12,2011,88.0,86.0,83.0
2197,13,Queens University,12,2010,94.0,88.0,86.0
2198,13,Queens University,12,2009,90.0,92.0,87.0
2199,13,Queens University,12,2008,93.0,94.0,85.0
2200,13,Queens University,12,2007,96.0,93.0,87.0
2201,13,Queens University,12,2006,95.0,100.0,82.0
2202,13,Queens University,12,2005,95.0,94.0,77.0
2203,13,Queens University,12,2004,99.0,98.0,80.0
2204,14,Toronto Metropolitan University,12,2021,90.0,88.0,77.0
2205,14,Toronto Metropolitan University,12,2020,97.0,72.0,75.0
2206,14,Toronto Metropolitan University,12,2019,85.0,85.0,80.0
2207,14,Toronto Metropolitan University,12,2018,85.0,91.0,81.0
2208,14,Toronto Metropolitan University,12,2017,96.0,89.0,90.0
2209,14,Toronto Metropolitan University,12,2016,93.0,87.0,90.0
2210,14,Toronto Metropolitan University,12,2015,87.0,83.0,82.0
2211,14,Toronto Metropolitan University,12,2014,92.0,87.0,88.0
2212,14,Toronto Metropolitan University,12,2013,89.0,85.0,91.0
2213,14,Toronto Metropolitan University,12,2012,100.0,89.0,93.0
2214,14,Toronto Metropolitan University,12,2011,88.0,88.0,87.0
2215,14,Toronto Metropolitan University,12,2010,89.0,91.0,96.0
2216,14,Toronto Metropolitan University,12,2009,94.0,89.0,90.0
2217,14,Toronto Metropolitan University,12,2008,97.0,93.0,89.0
2218,14,Toronto Metropolitan University,12,2007,82.0,88.0,85.0
2219,14,Toronto Metropolitan University,12,2006,91.0,93.0,88.0
2220,14,Toronto Metropolitan University,12,2005,100.0,100.0,86.0
2221,14,Toronto Metropolitan University,12,2004,96.0,91.0,86.0
2276,15,University of Toronto,12,2021,90.0,88.0,0.0
2277,15,University of Toronto,12,2020,91.0,75.0,0.0
2278,15,University of Toronto,12,2019,91.0,89.0,0.0
2279,15,University of Toronto,12,2018,100.0,50.0,0.0
2280,15,University of Toronto,12,2017,95.0,91.0,0.0
2281,15,University of Toronto,12,2016,91.0,87.0,100.0
2282,15,University of Toronto,12,2015,92.0,86.0,80.0
2283,15,University of Toronto,12,2014,92.0,87.0,69.0
2284,15,University of Toronto,12,2013,90.0,85.0,71.0
2285,15,University of Toronto,12,2012,91.0,83.0,75.0
2286,15,University of Toronto,12,2011,89.0,85.0,73.0
2287,15,University of Toronto,12,2010,88.0,83.0,75.0
2288,15,University of Toronto,12,2009,88.0,84.0,77.0
2289,15,University of Toronto,12,2008,87.0,86.0,75.0
2290,15,University of Toronto,12,2007,94.0,90.0,79.0
2291,15,University of Toronto,12,2006,93.0,92.0,0.0
2292,15,University of Toronto,12,2005,96.0,92.0,0.0
2293,15,University of Toronto,12,2004,97.0,91.0,0.0
2294,16,University of Waterloo,12,2021,90.0,93.0,0.0
2295,16,University of Waterloo,12,2020,97.0,80.0,0.0
2296,16,University of Waterloo,12,2019,98.0,87.0,100.0
2297,16,University of Waterloo,12,2018,93.0,94.0,0.0
2298,16,University of Waterloo,12,2017,94.0,94.0,0.0
2299,16,University of Waterloo,12,2016,100.0,93.0,0.0
2300,16,University of Waterloo,12,2015,98.0,95.0,0.0
2301,16,University of Waterloo,12,2014,97.0,89.0,0.0
2302,16,University of Waterloo,12,2013,92.0,83.0,0.0
2303,16,University of Waterloo,12,2012,97.0,89.0,0.0
2304,16,University of Waterloo,12,2011,93.0,85.0,0.0
2305,16,University of Waterloo,12,2010,90.0,91.0,0.0
2306,16,University of Waterloo,12,2009,88.0,80.0,0.0
2307,16,University of Waterloo,12,2008,94.0,91.0,100.0
2308,16,University of Waterloo,12,2007,92.0,89.0,0.0
2309,16,University of Waterloo,12,2006,91.0,87.0,0.0
2310,16,University of Waterloo,12,2005,97.0,96.0,0.0
2311,16,University of Waterloo,12,2004,98.0,100.0,0.0
2312,17,University of Windsor,12,2021,89.0,84.0,60.0
2313,17,University of Windsor,12,2020,97.0,83.0,66.0
2314,17,University of Windsor,12,2019,98.0,87.0,66.0
2315,17,University of Windsor,12,2018,95.0,92.0,66.0
2316,17,University of Windsor,12,2017,93.0,87.0,63.0
2317,17,University of Windsor,12,2016,97.0,92.0,70.0
2318,17,University of Windsor,12,2015,97.0,96.0,70.0
2319,17,University of Windsor,12,2014,90.0,91.0,65.0
2320,17,University of Windsor,12,2013,88.0,85.0,63.0
2321,17,University of Windsor,12,2012,86.0,82.0,66.0
2322,17,University of Windsor,12,2011,88.0,82.0,64.0
2323,17,University of Windsor,12,2010,90.0,86.0,72.0
2324,17,University of Windsor,12,2009,92.0,93.0,61.0
2325,17,University of Windsor,12,2008,87.0,87.0,62.0
2326,17,University of Windsor,12,2007,89.0,89.0,66.0
2327,17,University of Windsor,12,2006,94.0,94.0,61.0
2328,17,University of Windsor,12,2005,91.0,96.0,66.0
2329,17,University of Windsor,12,2004,91.0,89.0,65.0
2330,18,Western University,12,2021,95.0,93.0,89.0
2331,18,Western University,12,2020,95.0,86.0,89.0
2332,18,Western University,12,2019,93.0,92.0,86.0
2333,18,Western University,12,2018,94.0,91.0,84.0
2334,18,Western University,12,2017,93.0,87.0,86.0
2335,18,Western University,12,2016,93.0,89.0,86.0
2336,18,Western University,12,2015,97.0,88.0,87.0
2337,18,Western University,12,2014,91.0,89.0,83.0
2338,18,Western University,12,2013,94.0,90.0,84.0
2339,18,Western University,12,2012,92.0,83.0,87.0
2340,18,Western University,12,2011,90.0,89.0,81.0
2341,18,Western University,12,2010,87.0,87.0,85.0
2342,18,Western University,12,2009,95.0,88.0,84.0
2343,18,Western University,12,2008,89.0,97.0,77.0
2344,18,Western University,12,2007,96.0,97.0,80.0
2345,18,Western University,12,2006,90.0,95.0,0.0
2346,18,Western University,12,2005,94.0,91.0,0.0
2347,18,Western University,12,2004,92.0,92.0,0.0
2348,19,Wilfrid Laurier University ,12,2021,96.0,95.0,72.0
2349,19,Wilfrid Laurier University ,12,2020,97.0,89.0,70.0
2350,19,Wilfrid Laurier University ,12,2019,95.0,91.0,67.0
2351,19,Wilfrid Laurier University ,12,2018,87.0,92.0,67.0
2352,19,Wilfrid Laurier University ,12,2017,98.0,94.0,70.0
2353,19,Wilfrid Laurier University ,12,2016,96.0,92.0,70.0
2354,19,Wilfrid Laurier University ,12,2015,96.0,95.0,100.0
2355,19,Wilfrid Laurier University ,12,2014,94.0,92.0,80.0
2356,19,Wilfrid Laurier University ,12,2013,93.0,90.0,71.0
2357,19,Wilfrid Laurier University ,12,2012,94.0,91.0,67.0
2358,19,Wilfrid Laurier University ,12,2011,94.0,90.0,72.0
2359,19,Wilfrid Laurier University ,12,2010,92.0,93.0,83.0
2360,19,Wilfrid Laurier University ,12,2009,93.0,85.0,78.0
2361,19,Wilfrid Laurier University ,12,2008,93.0,92.0,77.0
2362,19,Wilfrid Laurier University ,12,2007,95.0,94.0,78.0
2363,19,Wilfrid Laurier University ,12,2006,96.0,95.0,76.0
2364,19,Wilfrid Laurier University ,12,2005,100.0,94.0,76.0
2365,19,Wilfrid Laurier University ,12,2004,93.0,96.0,73.0
2366,20,York University,12,2021,94.0,86.0,67.0
2367,20,York University,12,2020,92.0,82.0,65.0
2368,20,York University,12,2019,88.0,83.0,62.0
2369,20,York University,12,2018,83.0,89.0,65.0
2370,20,York University,12,2017,93.0,85.0,66.0
2371,20,York University,12,2016,93.0,88.0,64.0
2372,20,York University,12,2015,93.0,84.0,67.0
2373,20,York University,12,2014,93.0,85.0,70.0
2374,20,York University,12,2013,89.0,83.0,69.0
2375,20,York University,12,2012,90.0,83.0,71.0
2376,20,York University,12,2011,88.0,90.0,69.0
2377,20,York University,12,2010,91.0,86.0,75.0
2378,20,York University,12,2009,88.0,90.0,69.0
2379,20,York University,12,2008,91.0,92.0,71.0
2380,20,York University,12,2007,93.0,91.0,65.0
2381,20,York University,12,2006,95.0,88.0,65.0
2382,20,York University,12,2005,96.0,95.0,63.0
2383,20,York University,12,2004,94.0,91.0,65.0
2384,2,Brock University,13,2021,0.0,0.0,0.0
2404,3,Laurentian University,13,2021,0.0,0.0,0.0
2403,4,Lakehead University,13,2021,0.0,0.0,0.0
2407,5,OCAD University,13,2021,0.0,0.0,0.0
2427,6,Trent University,13,2021,0.0,0.0,0.0
2406,7,Nipissing University,13,2021,0.0,0.0,0.0
2385,8,Carleton University,13,2021,100.0,81.0,80.0
2386,8,Carleton University,13,2020,97.0,85.0,79.0
2387,8,Carleton University,13,2019,97.0,94.0,80.0
2388,8,Carleton University,13,2018,95.0,97.0,76.0
2389,8,Carleton University,13,2017,100.0,90.0,77.0
2390,8,Carleton University,13,2016,89.0,89.0,79.0
2391,8,Carleton University,13,2015,93.0,90.0,82.0
2392,8,Carleton University,13,2014,100.0,93.0,75.0
2393,8,Carleton University,13,2013,95.0,97.0,80.0
2394,8,Carleton University,13,2012,91.0,83.0,84.0
2395,8,Carleton University,13,2011,91.0,80.0,83.0
2396,8,Carleton University,13,2010,95.0,93.0,78.0
2397,8,Carleton University,13,2009,100.0,81.0,74.0
2398,8,Carleton University,13,2008,95.0,95.0,76.0
2399,8,Carleton University,13,2007,96.0,76.0,79.0
2400,8,Carleton University,13,2006,96.0,92.0,75.0
2401,8,Carleton University,13,2005,96.0,88.0,75.0
2402,8,Carleton University,13,2004,100.0,88.0,74.0
2428,9,University of Guelph,13,2021,0.0,0.0,0.0
2405,10,McMaster University,13,2021,0.0,0.0,0.0
2408,11,Ontario Tech University,13,2021,0.0,0.0,0.0
2429,12,University of Ottawa,13,2021,100.0,83.0,0.0
2430,12,University of Ottawa,13,2020,0.0,0.0,0.0
2431,12,University of Ottawa,13,2019,0.0,0.0,46.0
2432,12,University of Ottawa,13,2016,100.0,75.0,63.0
2433,12,University of Ottawa,13,2015,100.0,100.0,83.0
2434,12,University of Ottawa,13,2014,100.0,60.0,55.0
2435,12,University of Ottawa,13,2013,100.0,86.0,64.0
2436,12,University of Ottawa,13,2012,0.0,0.0,77.0
2437,12,University of Ottawa,13,2011,0.0,0.0,76.0
2438,12,University of Ottawa,13,2010,100.0,86.0,72.0
2439,12,University of Ottawa,13,2009,82.0,73.0,63.0
2440,12,University of Ottawa,13,2008,0.0,0.0,80.0
2441,12,University of Ottawa,13,2007,100.0,100.0,100.0
2442,12,University of Ottawa,13,2006,0.0,0.0,57.0
2443,12,University of Ottawa,13,2005,0.0,0.0,0.0
2444,12,University of Ottawa,13,2004,0.0,0.0,0.0
2409,13,Queens University,13,2021,0.0,0.0,0.0
2410,14,Toronto Metropolitan University,13,2021,92.0,89.0,84.0
2411,14,Toronto Metropolitan University,13,2020,94.0,88.0,88.0
2412,14,Toronto Metropolitan University,13,2019,91.0,91.0,81.0
2413,14,Toronto Metropolitan University,13,2018,93.0,88.0,82.0
2414,14,Toronto Metropolitan University,13,2017,93.0,98.0,81.0
2415,14,Toronto Metropolitan University,13,2016,100.0,92.0,82.0
2416,14,Toronto Metropolitan University,13,2015,95.0,79.0,82.0
2417,14,Toronto Metropolitan University,13,2014,95.0,79.0,82.0
2418,14,Toronto Metropolitan University,13,2013,87.0,82.0,88.0
2419,14,Toronto Metropolitan University,13,2012,100.0,90.0,84.0
2420,14,Toronto Metropolitan University,13,2011,91.0,82.0,83.0
2421,14,Toronto Metropolitan University,13,2010,96.0,95.0,89.0
2422,14,Toronto Metropolitan University,13,2009,89.0,89.0,93.0
2423,14,Toronto Metropolitan University,13,2008,97.0,93.0,84.0
2424,14,Toronto Metropolitan University,13,2007,86.0,91.0,87.0
2425,14,Toronto Metropolitan University,13,2005,96.0,89.0,74.0
2426,14,Toronto Metropolitan University,13,2004,100.0,79.0,79.0
2445,15,University of Toronto,13,2021,100.0,75.0,0.0
2446,15,University of Toronto,13,2020,100.0,83.0,0.0
2447,15,University of Toronto,13,2019,100.0,0.0,0.0
2448,15,University of Toronto,13,2017,90.0,90.0,0.0
2449,15,University of Toronto,13,2016,67.0,50.0,0.0
2450,15,University of Toronto,13,2015,100.0,100.0,0.0
2451,15,University of Toronto,13,2014,100.0,83.0,73.0
2452,15,University of Toronto,13,2013,100.0,0.0,84.0
2453,15,University of Toronto,13,2012,67.0,67.0,76.0
2454,15,University of Toronto,13,2011,0.0,0.0,0.0
2455,15,University of Toronto,13,2008,0.0,0.0,0.0
2456,15,University of Toronto,13,2007,0.0,0.0,0.0
2457,16,University of Waterloo,13,2021,0.0,0.0,0.0
2458,17,University of Windsor,13,2021,100.0,100.0,0.0
2459,18,Western University,13,2021,0.0,0.0,0.0
2460,19,Wilfrid Laurier University ,13,2021,100.0,75.0,75.0
2461,19,Wilfrid Laurier University ,13,2020,0.0,0.0,56.0
2462,19,Wilfrid Laurier University ,13,2019,0.0,0.0,68.0
2463,19,Wilfrid Laurier University ,13,2018,100.0,75.0,76.0
2464,19,Wilfrid Laurier University ,13,2017,100.0,67.0,68.0
2465,19,Wilfrid Laurier University ,13,2016,93.0,93.0,79.0
2466,19,Wilfrid Laurier University ,13,2015,100.0,86.0,70.0
2467,19,Wilfrid Laurier University ,13,2014,100.0,100.0,67.0
2468,19,Wilfrid Laurier University ,13,2013,87.0,62.0,67.0
2469,19,Wilfrid Laurier University ,13,2012,100.0,90.0,77.0
2470,19,Wilfrid Laurier University ,13,2011,93.0,87.0,0.0
2471,19,Wilfrid Laurier University ,13,2010,100.0,86.0,0.0
2472,19,Wilfrid Laurier University ,13,2009,0.0,0.0,0.0
2473,20,York University,13,2021,0.0,0.0,0.0
2474,1,Algoma University,14,2013,93.0,93.0,0.0
2475,2,Brock University,14,2021,98.0,94.0,79.0
2476,2,Brock University,14,2020,95.0,85.0,78.0
2477,2,Brock University,14,2019,97.0,93.0,78.0
2478,2,Brock University,14,2018,93.0,91.0,82.0
2479,2,Brock University,14,2017,97.0,95.0,81.0
2480,2,Brock University,14,2016,95.0,93.0,80.0
2481,2,Brock University,14,2015,98.0,93.0,80.0
2482,2,Brock University,14,2014,97.0,91.0,82.0
2483,2,Brock University,14,2013,96.0,91.0,82.0
2484,2,Brock University,14,2012,96.0,93.0,79.0
2485,2,Brock University,14,2011,90.0,91.0,78.0
2486,2,Brock University,14,2010,94.0,86.0,86.0
2487,2,Brock University,14,2009,94.0,97.0,85.0
2488,2,Brock University,14,2008,95.0,96.0,85.0
2489,2,Brock University,14,2007,97.0,92.0,83.0
2490,2,Brock University,14,2006,97.0,92.0,79.0
2491,2,Brock University,14,2005,100.0,96.0,76.0
2492,2,Brock University,14,2004,90.0,93.0,77.0
2512,3,Laurentian University,14,2021,97.0,96.0,81.0
2513,3,Laurentian University,14,2020,96.0,95.0,82.0
2514,3,Laurentian University,14,2019,100.0,100.0,79.0
2515,3,Laurentian University,14,2018,93.0,86.0,0.0
2516,3,Laurentian University,14,2017,100.0,90.0,88.0
2517,3,Laurentian University,14,2016,100.0,100.0,75.0
2518,3,Laurentian University,14,2015,96.0,92.0,90.0
2519,3,Laurentian University,14,2014,96.0,87.0,86.0
2520,3,Laurentian University,14,2013,93.0,96.0,79.0
2521,3,Laurentian University,14,2012,97.0,94.0,70.0
2522,3,Laurentian University,14,2011,100.0,100.0,91.0
2523,3,Laurentian University,14,2010,97.0,93.0,89.0
2524,3,Laurentian University,14,2009,100.0,94.0,88.0
2525,3,Laurentian University,14,2008,96.0,100.0,85.0
2526,3,Laurentian University,14,2007,91.0,84.0,71.0
2527,3,Laurentian University,14,2006,85.0,100.0,70.0
2528,3,Laurentian University,14,2005,100.0,100.0,70.0
2529,3,Laurentian University,14,2004,100.0,100.0,77.0
2530,3,Laurentian University,14,2003,97.0,97.0,71.0
2494,4,Lakehead University,14,2021,96.0,91.0,70.0
2495,4,Lakehead University,14,2020,93.0,93.0,72.0
2496,4,Lakehead University,14,2019,97.0,97.0,67.0
2497,4,Lakehead University,14,2018,92.0,100.0,69.0
2498,4,Lakehead University,14,2017,100.0,100.0,73.0
2499,4,Lakehead University,14,2016,100.0,95.0,78.0
2500,4,Lakehead University,14,2015,92.0,90.0,74.0
2501,4,Lakehead University,14,2014,92.0,91.0,71.0
2502,4,Lakehead University,14,2013,89.0,94.0,70.0
2503,4,Lakehead University,14,2012,96.0,95.0,79.0
2504,4,Lakehead University,14,2011,90.0,89.0,72.0
2505,4,Lakehead University,14,2010,92.0,97.0,74.0
2506,4,Lakehead University,14,2009,91.0,86.0,75.0
2507,4,Lakehead University,14,2008,100.0,85.0,78.0
2508,4,Lakehead University,14,2007,96.0,100.0,79.0
2509,4,Lakehead University,14,2006,86.0,93.0,76.0
2510,4,Lakehead University,14,2005,100.0,100.0,70.0
2511,4,Lakehead University,14,2004,91.0,91.0,77.0
2560,5,OCAD University,14,2021,0.0,0.0,0.0
2581,6,Trent University,14,2021,0.0,0.0,0.0
2549,7,Nipissing University,14,2021,96.0,100.0,79.0
2550,7,Nipissing University,14,2020,100.0,100.0,88.0
2551,7,Nipissing University,14,2019,100.0,100.0,78.0
2552,7,Nipissing University,14,2018,96.0,95.0,82.0
2553,7,Nipissing University,14,2017,100.0,94.0,82.0
2554,7,Nipissing University,14,2016,94.0,87.0,79.0
2555,7,Nipissing University,14,2015,100.0,91.0,88.0
2556,7,Nipissing University,14,2014,94.0,96.0,85.0
2557,7,Nipissing University,14,2013,100.0,96.0,0.0
2558,7,Nipissing University,14,2012,97.0,100.0,0.0
2559,7,Nipissing University,14,2011,96.0,95.0,0.0
2493,8,Carleton University,14,2021,0.0,0.0,0.0
2582,9,University of Guelph,14,2021,95.0,93.0,89.0
2583,9,University of Guelph,14,2020,96.0,87.0,89.0
2584,9,University of Guelph,14,2019,92.0,92.0,90.0
2585,9,University of Guelph,14,2018,95.0,92.0,89.0
2586,9,University of Guelph,14,2017,98.0,94.0,88.0
2587,9,University of Guelph,14,2016,96.0,91.0,90.0
2588,9,University of Guelph,14,2015,91.0,91.0,88.0
2589,9,University of Guelph,14,2014,99.0,92.0,84.0
2590,9,University of Guelph,14,2013,93.0,93.0,81.0
2591,9,University of Guelph,14,2012,91.0,92.0,78.0
2592,9,University of Guelph,14,2011,91.0,100.0,77.0
2593,9,University of Guelph,14,2010,96.0,84.0,83.0
2594,9,University of Guelph,14,2009,97.0,93.0,75.0
2595,9,University of Guelph,14,2008,88.0,97.0,82.0
2596,9,University of Guelph,14,2007,94.0,90.0,79.0
2597,9,University of Guelph,14,2006,94.0,100.0,84.0
2598,9,University of Guelph,14,2005,100.0,93.0,55.0
2599,9,University of Guelph,14,2004,92.0,96.0,86.0
2531,10,McMaster University,14,2021,97.0,94.0,95.0
2532,10,McMaster University,14,2020,100.0,98.0,93.0
2533,10,McMaster University,14,2019,100.0,96.0,92.0
2534,10,McMaster University,14,2018,92.0,93.0,94.0
2535,10,McMaster University,14,2017,88.0,96.0,93.0
2536,10,McMaster University,14,2016,93.0,92.0,94.0
2537,10,McMaster University,14,2015,91.0,100.0,93.0
2538,10,McMaster University,14,2014,93.0,94.0,93.0
2539,10,McMaster University,14,2013,89.0,97.0,90.0
2540,10,McMaster University,14,2012,94.0,95.0,93.0
2541,10,McMaster University,14,2011,87.0,100.0,90.0
2542,10,McMaster University,14,2010,87.0,92.0,97.0
2543,10,McMaster University,14,2009,96.0,90.0,94.0
2544,10,McMaster University,14,2008,93.0,94.0,94.0
2545,10,McMaster University,14,2007,100.0,97.0,93.0
2546,10,McMaster University,14,2006,100.0,89.0,90.0
2547,10,McMaster University,14,2005,100.0,100.0,92.0
2548,10,McMaster University,14,2004,93.0,91.0,94.0
2561,11,Ontario Tech University,14,2021,95.0,83.0,0.0
2600,12,University of Ottawa,14,2021,95.0,95.0,76.0
2601,12,University of Ottawa,14,2020,98.0,90.0,79.0
2602,12,University of Ottawa,14,2019,100.0,100.0,74.0
2603,12,University of Ottawa,14,2018,92.0,96.0,78.0
2604,12,University of Ottawa,14,2017,96.0,96.0,74.0
2605,12,University of Ottawa,14,2016,94.0,100.0,79.0
2606,12,University of Ottawa,14,2015,96.0,86.0,76.0
2607,12,University of Ottawa,14,2014,92.0,94.0,75.0
2608,12,University of Ottawa,14,2013,90.0,93.0,76.0
2609,12,University of Ottawa,14,2012,95.0,95.0,76.0
2610,12,University of Ottawa,14,2011,94.0,93.0,77.0
2611,12,University of Ottawa,14,2010,91.0,93.0,83.0
2612,12,University of Ottawa,14,2009,97.0,93.0,80.0
2613,12,University of Ottawa,14,2008,93.0,97.0,76.0
2614,12,University of Ottawa,14,2007,97.0,96.0,78.0
2615,12,University of Ottawa,14,2006,100.0,100.0,76.0
2616,12,University of Ottawa,14,2005,85.0,80.0,74.0
2617,12,University of Ottawa,14,2004,100.0,96.0,71.0
2562,13,Queens University,14,2021,100.0,92.0,91.0
2563,13,Queens University,14,2020,100.0,93.0,94.0
2564,13,Queens University,14,2019,91.0,93.0,99.0
2565,13,Queens University,14,2018,94.0,100.0,96.0
2566,13,Queens University,14,2017,93.0,100.0,97.0
2567,13,Queens University,14,2016,94.0,91.0,95.0
2568,13,Queens University,14,2015,90.0,93.0,88.0
2569,13,Queens University,14,2014,89.0,89.0,94.0
2570,13,Queens University,14,2013,91.0,90.0,94.0
2571,13,Queens University,14,2012,91.0,95.0,93.0
2572,13,Queens University,14,2011,100.0,92.0,98.0
2573,13,Queens University,14,2010,77.0,83.0,97.0
2574,13,Queens University,14,2009,100.0,70.0,95.0
2575,13,Queens University,14,2008,100.0,93.0,92.0
2576,13,Queens University,14,2007,92.0,100.0,93.0
2577,13,Queens University,14,2006,0.0,0.0,90.0
2578,13,Queens University,14,2005,100.0,89.0,94.0
2579,13,Queens University,14,2004,91.0,100.0,93.0
2580,14,Toronto Metropolitan University,14,2021,0.0,0.0,0.0
2618,15,University of Toronto,14,2021,98.0,94.0,80.0
2619,15,University of Toronto,14,2020,98.0,84.0,86.0
2620,15,University of Toronto,14,2019,97.0,100.0,88.0
2621,15,University of Toronto,14,2018,96.0,90.0,87.0
2622,15,University of Toronto,14,2017,98.0,89.0,91.0
2623,15,University of Toronto,14,2016,95.0,98.0,84.0
2624,15,University of Toronto,14,2015,96.0,96.0,82.0
2625,15,University of Toronto,14,2014,98.0,88.0,88.0
2626,15,University of Toronto,14,2013,82.0,86.0,91.0
2627,15,University of Toronto,14,2012,88.0,90.0,81.0
2628,15,University of Toronto,14,2011,87.0,86.0,87.0
2629,15,University of Toronto,14,2010,92.0,97.0,90.0
2630,15,University of Toronto,14,2009,94.0,90.0,91.0
2631,15,University of Toronto,14,2008,97.0,91.0,90.0
2632,15,University of Toronto,14,2007,100.0,91.0,90.0
2633,15,University of Toronto,14,2006,93.0,100.0,80.0
2634,15,University of Toronto,14,2005,100.0,100.0,84.0
2635,15,University of Toronto,14,2004,94.0,100.0,89.0
2636,16,University of Waterloo,14,2021,93.0,94.0,87.0
2637,16,University of Waterloo,14,2020,92.0,90.0,79.0
2638,16,University of Waterloo,14,2019,97.0,99.0,86.0
2639,16,University of Waterloo,14,2018,89.0,90.0,81.0
2640,16,University of Waterloo,14,2017,96.0,93.0,84.0
2641,16,University of Waterloo,14,2016,91.0,89.0,81.0
2642,16,University of Waterloo,14,2015,93.0,91.0,81.0
2643,16,University of Waterloo,14,2014,97.0,93.0,85.0
2644,16,University of Waterloo,14,2013,96.0,92.0,82.0
2645,16,University of Waterloo,14,2012,90.0,89.0,74.0
2646,16,University of Waterloo,14,2011,99.0,91.0,79.0
2647,16,University of Waterloo,14,2010,90.0,86.0,86.0
2648,16,University of Waterloo,14,2009,94.0,93.0,81.0
2649,16,University of Waterloo,14,2008,95.0,98.0,78.0
2650,16,University of Waterloo,14,2007,99.0,94.0,81.0
2651,16,University of Waterloo,14,2006,98.0,87.0,88.0
2652,16,University of Waterloo,14,2005,100.0,97.0,82.0
2653,16,University of Waterloo,14,2004,94.0,100.0,84.0
2654,17,University of Windsor,14,2021,97.0,86.0,86.0
2655,17,University of Windsor,14,2020,98.0,93.0,82.0
2656,17,University of Windsor,14,2019,95.0,97.0,85.0
2657,17,University of Windsor,14,2018,94.0,94.0,79.0
2658,17,University of Windsor,14,2017,93.0,92.0,81.0
2659,17,University of Windsor,14,2016,98.0,95.0,78.0
2660,17,University of Windsor,14,2015,96.0,97.0,78.0
2661,17,University of Windsor,14,2014,98.0,90.0,78.0
2662,17,University of Windsor,14,2013,83.0,84.0,72.0
2663,17,University of Windsor,14,2012,92.0,87.0,77.0
2664,17,University of Windsor,14,2011,85.0,92.0,86.0
2665,17,University of Windsor,14,2010,91.0,93.0,91.0
2666,17,University of Windsor,14,2009,97.0,93.0,80.0
2667,17,University of Windsor,14,2008,94.0,92.0,78.0
2668,17,University of Windsor,14,2007,97.0,100.0,74.0
2669,17,University of Windsor,14,2006,94.0,100.0,76.0
2670,17,University of Windsor,14,2005,100.0,94.0,78.0
2671,17,University of Windsor,14,2004,100.0,85.0,81.0
2672,18,Western University,14,2021,98.0,92.0,89.0
2673,18,Western University,14,2020,95.0,93.0,86.0
2674,18,Western University,14,2019,98.0,94.0,83.0
2675,18,Western University,14,2018,93.0,92.0,86.0
2676,18,Western University,14,2017,93.0,91.0,86.0
2677,18,Western University,14,2016,93.0,86.0,90.0
2678,18,Western University,14,2015,94.0,86.0,88.0
2679,18,Western University,14,2014,91.0,94.0,85.0
2680,18,Western University,14,2013,100.0,95.0,84.0
2681,18,Western University,14,2012,98.0,94.0,88.0
2682,18,Western University,14,2011,90.0,85.0,86.0
2683,18,Western University,14,2010,96.0,90.0,91.0
2684,18,Western University,14,2009,98.0,93.0,82.0
2685,18,Western University,14,2008,90.0,82.0,82.0
2686,18,Western University,14,2007,100.0,95.0,83.0
2687,18,Western University,14,2006,97.0,89.0,80.0
2688,18,Western University,14,2005,96.0,100.0,78.0
2689,18,Western University,14,2004,96.0,100.0,79.0
2690,19,Wilfrid Laurier University ,14,2021,100.0,97.0,87.0
2691,19,Wilfrid Laurier University ,14,2020,95.0,88.0,81.0
2692,19,Wilfrid Laurier University ,14,2019,98.0,92.0,90.0
2693,19,Wilfrid Laurier University ,14,2018,89.0,95.0,89.0
2694,19,Wilfrid Laurier University ,14,2017,100.0,97.0,95.0
2695,19,Wilfrid Laurier University ,14,2016,98.0,93.0,80.0
2696,19,Wilfrid Laurier University ,14,2015,92.0,98.0,88.0
2697,19,Wilfrid Laurier University ,14,2014,95.0,93.0,88.0
2698,19,Wilfrid Laurier University ,14,2013,96.0,83.0,93.0
2699,19,Wilfrid Laurier University ,14,2012,96.0,95.0,89.0
2700,19,Wilfrid Laurier University ,14,2011,96.0,95.0,90.0
2701,19,Wilfrid Laurier University ,14,2010,96.0,92.0,89.0
2702,19,Wilfrid Laurier University ,14,2009,88.0,100.0,94.0
2703,19,Wilfrid Laurier University ,14,2008,97.0,100.0,96.0
2704,19,Wilfrid Laurier University ,14,2007,100.0,100.0,94.0
2705,19,Wilfrid Laurier University ,14,2006,100.0,100.0,90.0
2706,19,Wilfrid Laurier University ,14,2005,96.0,100.0,86.0
2707,19,Wilfrid Laurier University ,14,2004,100.0,100.0,82.0
2708,20,York University,14,2021,88.0,83.0,66.0
2709,20,York University,14,2020,88.0,79.0,61.0
2710,20,York University,14,2019,87.0,91.0,65.0
2711,20,York University,14,2018,87.0,89.0,70.0
2712,20,York University,14,2017,95.0,84.0,70.0
2713,20,York University,14,2016,92.0,88.0,67.0
2714,20,York University,14,2015,92.0,88.0,69.0
2715,20,York University,14,2014,94.0,85.0,68.0
2716,20,York University,14,2013,91.0,83.0,67.0
2717,20,York University,14,2012,86.0,82.0,74.0
2718,20,York University,14,2011,88.0,85.0,72.0
2719,20,York University,14,2010,88.0,91.0,79.0
2720,20,York University,14,2009,88.0,85.0,72.0
2721,20,York University,14,2008,87.0,94.0,68.0
2722,20,York University,14,2007,96.0,89.0,66.0
2723,20,York University,14,2006,85.0,93.0,70.0
2724,20,York University,14,2005,93.0,96.0,66.0
2725,20,York University,14,2004,90.0,95.0,66.0
2726,2,Brock University,15,2021,0.0,0.0,0.0
2729,3,Laurentian University,15,2021,0.0,0.0,0.0
2728,4,Lakehead University,15,2021,96.0,100.0,0.0
2732,5,OCAD University,15,2021,0.0,0.0,0.0
2753,6,Trent University,15,2021,0.0,0.0,0.0
2731,7,Nipissing University,15,2021,0.0,0.0,0.0
2727,8,Carleton University,15,2021,0.0,0.0,0.0
2754,9,University of Guelph,15,2021,0.0,0.0,0.0
2730,10,McMaster University,15,2021,0.0,0.0,0.0
2733,11,Ontario Tech University,15,2021,0.0,0.0,0.0
2755,12,University of Ottawa,15,2021,94.0,96.0,90.0
2756,12,University of Ottawa,15,2020,95.0,98.0,90.0
2757,12,University of Ottawa,15,2019,96.0,95.0,91.0
2758,12,University of Ottawa,15,2018,92.0,93.0,90.0
2759,12,University of Ottawa,15,2017,97.0,97.0,91.0
2760,12,University of Ottawa,15,2016,93.0,96.0,90.0
2761,12,University of Ottawa,15,2015,93.0,92.0,91.0
2762,12,University of Ottawa,15,2014,88.0,89.0,87.0
2763,12,University of Ottawa,15,2013,89.0,92.0,91.0
2764,12,University of Ottawa,15,2012,88.0,91.0,91.0
2765,12,University of Ottawa,15,2011,91.0,92.0,89.0
2766,12,University of Ottawa,15,2010,93.0,92.0,91.0
2767,12,University of Ottawa,15,2009,94.0,94.0,89.0
2768,12,University of Ottawa,15,2008,94.0,97.0,89.0
2769,12,University of Ottawa,15,2007,93.0,96.0,87.0
2770,12,University of Ottawa,15,2006,95.0,96.0,85.0
2771,12,University of Ottawa,15,2005,97.0,98.0,88.0
2772,12,University of Ottawa,15,2004,96.0,95.0,82.0
2734,13,Queens University,15,2021,96.0,100.0,96.0
2735,13,Queens University,15,2020,98.0,97.0,100.0
2736,13,Queens University,15,2019,92.0,98.0,96.0
2737,13,Queens University,15,2018,92.0,93.0,96.0
2738,13,Queens University,15,2017,97.0,97.0,95.0
2739,13,Queens University,15,2016,92.0,98.0,96.0
2740,13,Queens University,15,2015,95.0,97.0,96.0
2741,13,Queens University,15,2014,95.0,96.0,96.0
2742,13,Queens University,15,2013,93.0,93.0,92.0
2743,13,Queens University,15,2012,91.0,94.0,92.0
2744,13,Queens University,15,2011,100.0,100.0,90.0
2745,13,Queens University,15,2010,96.0,93.0,93.0
2746,13,Queens University,15,2009,95.0,84.0,93.0
2747,13,Queens University,15,2008,94.0,97.0,98.0
2748,13,Queens University,15,2007,95.0,97.0,96.0
2749,13,Queens University,15,2006,100.0,96.0,94.0
2750,13,Queens University,15,2005,100.0,94.0,94.0
2751,13,Queens University,15,2004,100.0,88.0,96.0
2752,14,Toronto Metropolitan University,15,2021,0.0,0.0,0.0
2773,15,University of Toronto,15,2021,98.0,93.0,98.0
2774,15,University of Toronto,15,2020,96.0,93.0,97.0
2775,15,University of Toronto,15,2019,93.0,91.0,96.0
2776,15,University of Toronto,15,2018,100.0,98.0,96.0
2777,15,University of Toronto,15,2017,94.0,94.0,96.0
2778,15,University of Toronto,15,2016,99.0,91.0,99.0
2779,15,University of Toronto,15,2015,92.0,91.0,95.0
2780,15,University of Toronto,15,2014,97.0,98.0,97.0
2781,15,University of Toronto,15,2013,89.0,90.0,96.0
2782,15,University of Toronto,15,2012,96.0,92.0,94.0
2783,15,University of Toronto,15,2011,94.0,95.0,97.0
2784,15,University of Toronto,15,2010,94.0,91.0,95.0
2785,15,University of Toronto,15,2009,93.0,94.0,97.0
2786,15,University of Toronto,15,2008,92.0,93.0,96.0
2787,15,University of Toronto,15,2007,94.0,98.0,94.0
2788,15,University of Toronto,15,2005,96.0,100.0,95.0
2789,15,University of Toronto,15,2004,95.0,100.0,97.0
2790,16,University of Waterloo,15,2021,95.0,95.0,0.0
2791,16,University of Waterloo,15,2020,100.0,90.0,0.0
2792,16,University of Waterloo,15,2019,94.0,86.0,0.0
2793,16,University of Waterloo,15,2018,93.0,91.0,0.0
2794,16,University of Waterloo,15,2017,88.0,88.0,0.0
2795,16,University of Waterloo,15,2016,93.0,83.0,0.0
2796,16,University of Waterloo,15,2015,87.0,93.0,0.0
2797,16,University of Waterloo,15,2014,93.0,80.0,0.0
2798,16,University of Waterloo,15,2013,93.0,82.0,0.0
2799,16,University of Waterloo,15,2012,91.0,63.0,0.0
2800,16,University of Waterloo,15,2011,92.0,86.0,0.0
2801,16,University of Waterloo,15,2010,90.0,91.0,0.0
2802,16,University of Waterloo,15,2009,94.0,79.0,0.0
2803,16,University of Waterloo,15,2008,0.0,0.0,0.0
2804,16,University of Waterloo,15,2007,0.0,0.0,0.0
2805,16,University of Waterloo,15,2006,0.0,0.0,0.0
2806,17,University of Windsor,15,2021,96.0,94.0,88.0
2807,17,University of Windsor,15,2020,99.0,96.0,85.0
2808,17,University of Windsor,15,2019,95.0,94.0,86.0
2809,17,University of Windsor,15,2018,88.0,92.0,89.0
2810,17,University of Windsor,15,2017,93.0,95.0,86.0
2811,17,University of Windsor,15,2016,91.0,95.0,85.0
2812,17,University of Windsor,15,2015,99.0,90.0,89.0
2813,17,University of Windsor,15,2014,91.0,92.0,87.0
2814,17,University of Windsor,15,2013,92.0,94.0,93.0
2815,17,University of Windsor,15,2012,96.0,97.0,91.0
2816,17,University of Windsor,15,2011,93.0,95.0,90.0
2817,17,University of Windsor,15,2010,100.0,96.0,89.0
2818,17,University of Windsor,15,2009,95.0,94.0,88.0
2819,17,University of Windsor,15,2008,97.0,97.0,95.0
2820,17,University of Windsor,15,2007,92.0,100.0,93.0
2821,17,University of Windsor,15,2006,96.0,100.0,90.0
2822,17,University of Windsor,15,2005,96.0,96.0,89.0
2823,17,University of Windsor,15,2004,90.0,95.0,89.0
2824,18,Western University,15,2021,95.0,97.0,98.0
2825,18,Western University,15,2020,98.0,98.0,96.0
2826,18,Western University,15,2019,97.0,97.0,96.0
2827,18,Western University,15,2018,96.0,100.0,98.0
2828,18,Western University,15,2017,98.0,100.0,98.0
2829,18,Western University,15,2016,98.0,98.0,96.0
2830,18,Western University,15,2015,93.0,96.0,96.0
2831,18,Western University,15,2014,98.0,100.0,98.0
2832,18,Western University,15,2013,100.0,96.0,97.0
2833,18,Western University,15,2012,100.0,93.0,96.0
2834,18,Western University,15,2011,100.0,90.0,96.0
2835,18,Western University,15,2010,100.0,93.0,94.0
2836,18,Western University,15,2009,90.0,95.0,93.0
2837,18,Western University,15,2008,97.0,100.0,99.0
2838,18,Western University,15,2007,92.0,88.0,94.0
2839,18,Western University,15,2006,100.0,96.0,94.0
2840,18,Western University,15,2005,95.0,95.0,95.0
2841,18,Western University,15,2004,96.0,96.0,94.0
2842,19,Wilfrid Laurier University ,15,2021,0.0,0.0,0.0
2843,20,York University,15,2021,95.0,98.0,99.0
2844,20,York University,15,2020,97.0,95.0,97.0
2845,20,York University,15,2019,94.0,98.0,95.0
2846,20,York University,15,2018,92.0,96.0,0.0
2847,20,York University,15,2017,95.0,96.0,0.0
2848,20,York University,15,2016,98.0,97.0,100.0
2849,20,York University,15,2015,95.0,89.0,100.0
2850,20,York University,15,2014,98.0,99.0,95.0
2851,20,York University,15,2013,95.0,91.0,94.0
2852,20,York University,15,2012,88.0,86.0,95.0
2853,20,York University,15,2011,99.0,96.0,94.0
2854,20,York University,15,2010,89.0,95.0,97.0
2855,20,York University,15,2009,99.0,96.0,94.0
2856,20,York University,15,2008,95.0,98.0,95.0
2857,20,York University,15,2007,96.0,98.0,92.0
2858,20,York University,15,2006,98.0,97.0,93.0
2859,20,York University,15,2005,93.0,100.0,92.0
2860,20,York University,15,2004,100.0,100.0,94.0
2861,1,Algoma University,16,2013,100.0,67.0,0.0
2862,2,Brock University,16,2021,100.0,85.0,85.0
2863,2,Brock University,16,2020,0.0,0.0,80.0
2864,2,Brock University,16,2019,100.0,100.0,77.0
2865,2,Brock University,16,2018,100.0,88.0,63.0
2866,2,Brock University,16,2017,100.0,91.0,75.0
2867,2,Brock University,16,2016,100.0,86.0,82.0
2868,2,Brock University,16,2015,100.0,100.0,83.0
2869,2,Brock University,16,2014,75.0,100.0,73.0
2870,2,Brock University,16,2013,100.0,89.0,60.0
2871,2,Brock University,16,2012,100.0,100.0,64.0
2872,2,Brock University,16,2011,93.0,100.0,66.0
2873,2,Brock University,16,2010,0.0,0.0,91.0
2874,2,Brock University,16,2009,0.0,0.0,60.0
2875,2,Brock University,16,2008,88.0,0.0,89.0
2876,2,Brock University,16,2007,90.0,100.0,78.0
2877,2,Brock University,16,2006,100.0,0.0,68.0
2878,2,Brock University,16,2005,0.0,0.0,81.0
2879,2,Brock University,16,2004,0.0,0.0,85.0
2912,3,Laurentian University,16,2021,100.0,100.0,43.0
2913,3,Laurentian University,16,2020,0.0,0.0,83.0
2914,3,Laurentian University,16,2019,0.0,0.0,100.0
2915,3,Laurentian University,16,2018,0.0,0.0,0.0
2916,3,Laurentian University,16,2017,0.0,0.0,83.0
2917,3,Laurentian University,16,2016,100.0,0.0,73.0
2918,3,Laurentian University,16,2014,100.0,100.0,63.0
2919,3,Laurentian University,16,2013,100.0,0.0,88.0
2920,3,Laurentian University,16,2012,0.0,0.0,70.0
2921,3,Laurentian University,16,2011,0.0,0.0,0.0
2922,3,Laurentian University,16,2010,0.0,0.0,0.0
2923,3,Laurentian University,16,2009,100.0,0.0,25.0
2924,3,Laurentian University,16,2008,0.0,0.0,75.0
2925,3,Laurentian University,16,2007,0.0,0.0,90.0
2926,3,Laurentian University,16,2006,0.0,0.0,75.0
2927,3,Laurentian University,16,2003,93.0,60.0,63.0
2898,4,Lakehead University,16,2021,0.0,0.0,100.0
2899,4,Lakehead University,16,2020,0.0,0.0,73.0
2900,4,Lakehead University,16,2019,0.0,0.0,50.0
2901,4,Lakehead University,16,2018,75.0,100.0,79.0
2902,4,Lakehead University,16,2017,100.0,100.0,74.0
2903,4,Lakehead University,16,2012,100.0,0.0,80.0
2904,4,Lakehead University,16,2011,0.0,0.0,88.0
2905,4,Lakehead University,16,2010,0.0,0.0,66.0
2906,4,Lakehead University,16,2009,0.0,0.0,77.0
2907,4,Lakehead University,16,2008,0.0,0.0,71.0
2908,4,Lakehead University,16,2007,0.0,0.0,76.0
2909,4,Lakehead University,16,2006,0.0,0.0,77.0
2910,4,Lakehead University,16,2005,0.0,0.0,40.0
2911,4,Lakehead University,16,2004,100.0,0.0,60.0
2962,5,OCAD University,16,2021,0.0,0.0,0.0
3004,6,Trent University,16,2021,0.0,0.0,77.0
3005,6,Trent University,16,2018,100.0,100.0,56.0
3006,6,Trent University,16,2017,100.0,100.0,56.0
3007,6,Trent University,16,2016,100.0,100.0,100.0
3008,6,Trent University,16,2015,100.0,100.0,100.0
3009,6,Trent University,16,2014,100.0,100.0,0.0
3010,6,Trent University,16,2013,0.0,0.0,0.0
3011,6,Trent University,16,2012,0.0,0.0,100.0
3012,6,Trent University,16,2011,0.0,0.0,0.0
3013,6,Trent University,16,2010,0.0,0.0,85.0
3014,6,Trent University,16,2008,0.0,0.0,100.0
3015,6,Trent University,16,2007,0.0,0.0,0.0
3016,6,Trent University,16,2006,0.0,0.0,0.0
3017,6,Trent University,16,2005,0.0,0.0,71.0
3018,6,Trent University,16,2004,0.0,0.0,58.0
2946,7,Nipissing University,16,2021,100.0,100.0,78.0
2947,7,Nipissing University,16,2020,0.0,0.0,60.0
2948,7,Nipissing University,16,2019,0.0,0.0,79.0
2949,7,Nipissing University,16,2018,67.0,75.0,82.0
2950,7,Nipissing University,16,2017,100.0,83.0,85.0
2951,7,Nipissing University,16,2016,100.0,100.0,78.0
2952,7,Nipissing University,16,2015,78.0,100.0,83.0
2953,7,Nipissing University,16,2014,80.0,100.0,86.0
2954,7,Nipissing University,16,2013,0.0,0.0,91.0
2955,7,Nipissing University,16,2012,0.0,100.0,100.0
2956,7,Nipissing University,16,2011,0.0,0.0,65.0
2957,7,Nipissing University,16,2010,0.0,0.0,67.0
2958,7,Nipissing University,16,2008,0.0,0.0,0.0
2959,7,Nipissing University,16,2007,100.0,100.0,0.0
2960,7,Nipissing University,16,2005,0.0,0.0,0.0
2961,7,Nipissing University,16,2004,0.0,0.0,0.0
2880,8,Carleton University,16,2021,100.0,88.0,53.0
2881,8,Carleton University,16,2020,100.0,79.0,62.0
2882,8,Carleton University,16,2019,91.0,86.0,42.0
2883,8,Carleton University,16,2018,100.0,92.0,59.0
2884,8,Carleton University,16,2017,94.0,85.0,60.0
2885,8,Carleton University,16,2016,88.0,88.0,67.0
2886,8,Carleton University,16,2015,100.0,88.0,83.0
2887,8,Carleton University,16,2014,100.0,78.0,59.0
2888,8,Carleton University,16,2013,100.0,94.0,65.0
2889,8,Carleton University,16,2012,93.0,93.0,67.0
2890,8,Carleton University,16,2011,91.0,91.0,62.0
2891,8,Carleton University,16,2010,89.0,80.0,66.0
2892,8,Carleton University,16,2009,91.0,83.0,69.0
2893,8,Carleton University,16,2008,88.0,80.0,58.0
2894,8,Carleton University,16,2007,0.0,0.0,54.0
2895,8,Carleton University,16,2006,92.0,92.0,58.0
2896,8,Carleton University,16,2005,100.0,0.0,64.0
2897,8,Carleton University,16,2004,86.0,86.0,58.0
3019,9,University of Guelph,16,2021,100.0,75.0,100.0
3020,9,University of Guelph,16,2020,100.0,100.0,50.0
3021,9,University of Guelph,16,2019,0.0,0.0,88.0
3022,9,University of Guelph,16,2018,100.0,100.0,75.0
3023,9,University of Guelph,16,2017,100.0,100.0,72.0
3024,9,University of Guelph,16,2016,100.0,75.0,83.0
3025,9,University of Guelph,16,2015,100.0,100.0,63.0
3026,9,University of Guelph,16,2014,100.0,100.0,86.0
3027,9,University of Guelph,16,2013,100.0,67.0,48.0
3028,9,University of Guelph,16,2012,100.0,0.0,67.0
3029,9,University of Guelph,16,2011,0.0,0.0,80.0
3030,9,University of Guelph,16,2010,100.0,100.0,84.0
3031,9,University of Guelph,16,2009,0.0,0.0,73.0
3032,9,University of Guelph,16,2008,0.0,0.0,89.0
3033,9,University of Guelph,16,2007,0.0,0.0,80.0
3034,9,University of Guelph,16,2006,0.0,0.0,82.0
3035,9,University of Guelph,16,2005,0.0,0.0,53.0
3036,9,University of Guelph,16,2004,88.0,0.0,64.0
2928,10,McMaster University,16,2021,88.0,89.0,81.0
2929,10,McMaster University,16,2020,92.0,78.0,80.0
2930,10,McMaster University,16,2019,84.0,85.0,78.0
2931,10,McMaster University,16,2018,94.0,90.0,72.0
2932,10,McMaster University,16,2017,100.0,95.0,66.0
2933,10,McMaster University,16,2016,100.0,71.0,72.0
2934,10,McMaster University,16,2015,100.0,100.0,60.0
2935,10,McMaster University,16,2014,96.0,91.0,79.0
2936,10,McMaster University,16,2013,97.0,77.0,88.0
2937,10,McMaster University,16,2012,88.0,90.0,89.0
2938,10,McMaster University,16,2011,92.0,90.0,80.0
2939,10,McMaster University,16,2010,85.0,81.0,88.0
2940,10,McMaster University,16,2009,85.0,88.0,74.0
2941,10,McMaster University,16,2008,100.0,0.0,81.0
2942,10,McMaster University,16,2007,100.0,100.0,0.0
2943,10,McMaster University,16,2006,100.0,82.0,0.0
2944,10,McMaster University,16,2005,100.0,0.0,0.0
2945,10,McMaster University,16,2004,100.0,86.0,0.0
2963,11,Ontario Tech University,16,2021,100.0,100.0,57.0
2964,11,Ontario Tech University,16,2020,0.0,0.0,58.0
2965,11,Ontario Tech University,16,2019,0.0,0.0,36.0
2966,11,Ontario Tech University,16,2018,100.0,100.0,33.0
2967,11,Ontario Tech University,16,2016,83.0,80.0,50.0
2968,11,Ontario Tech University,16,2015,88.0,100.0,33.0
2969,11,Ontario Tech University,16,2014,83.0,75.0,0.0
2970,11,Ontario Tech University,16,2013,0.0,0.0,100.0
2971,11,Ontario Tech University,16,2012,0.0,0.0,0.0
2972,11,Ontario Tech University,16,2010,0.0,0.0,0.0
2973,11,Ontario Tech University,16,2009,0.0,0.0,0.0
2974,11,Ontario Tech University,16,2008,0.0,0.0,0.0
3037,12,University of Ottawa,16,2021,69.0,100.0,78.0
3038,12,University of Ottawa,16,2020,95.0,85.0,64.0
3039,12,University of Ottawa,16,2019,100.0,100.0,73.0
3040,12,University of Ottawa,16,2018,100.0,100.0,61.0
3041,12,University of Ottawa,16,2017,100.0,100.0,62.0
3042,12,University of Ottawa,16,2016,80.0,100.0,62.0
3043,12,University of Ottawa,16,2015,92.0,100.0,59.0
3044,12,University of Ottawa,16,2014,86.0,82.0,72.0
3045,12,University of Ottawa,16,2013,86.0,91.0,57.0
3046,12,University of Ottawa,16,2012,89.0,100.0,59.0
3047,12,University of Ottawa,16,2011,0.0,0.0,58.0
3048,12,University of Ottawa,16,2010,100.0,100.0,67.0
3049,12,University of Ottawa,16,2009,91.0,100.0,71.0
3050,12,University of Ottawa,16,2008,0.0,0.0,68.0
3051,12,University of Ottawa,16,2007,0.0,0.0,77.0
3052,12,University of Ottawa,16,2006,100.0,100.0,60.0
3053,12,University of Ottawa,16,2005,0.0,0.0,63.0
3054,12,University of Ottawa,16,2004,100.0,0.0,63.0
2975,13,Queens University,16,2021,94.0,100.0,100.0
2976,13,Queens University,16,2020,94.0,93.0,0.0
2977,13,Queens University,16,2019,100.0,92.0,0.0
2978,13,Queens University,16,2018,100.0,100.0,0.0
2979,13,Queens University,16,2017,93.0,89.0,0.0
2980,13,Queens University,16,2016,80.0,60.0,0.0
2981,13,Queens University,16,2015,100.0,100.0,0.0
2982,13,Queens University,16,2014,91.0,88.0,0.0
2983,13,Queens University,16,2013,95.0,100.0,0.0
2984,13,Queens University,16,2012,100.0,0.0,79.0
2985,13,Queens University,16,2011,90.0,88.0,81.0
2986,13,Queens University,16,2010,88.0,80.0,91.0
2987,13,Queens University,16,2009,100.0,83.0,85.0
2988,13,Queens University,16,2008,100.0,100.0,95.0
2989,13,Queens University,16,2007,100.0,82.0,93.0
2990,13,Queens University,16,2006,0.0,0.0,87.0
2991,13,Queens University,16,2005,100.0,0.0,84.0
2992,13,Queens University,16,2004,0.0,0.0,90.0
2993,14,Toronto Metropolitan University,16,2021,100.0,90.0,57.0
2994,14,Toronto Metropolitan University,16,2020,92.0,80.0,55.0
2995,14,Toronto Metropolitan University,16,2019,92.0,82.0,50.0
2996,14,Toronto Metropolitan University,16,2018,75.0,70.0,45.0
2997,14,Toronto Metropolitan University,16,2017,100.0,57.0,59.0
2998,14,Toronto Metropolitan University,16,2016,100.0,100.0,62.0
2999,14,Toronto Metropolitan University,16,2015,100.0,67.0,33.0
3000,14,Toronto Metropolitan University,16,2014,67.0,100.0,0.0
3001,14,Toronto Metropolitan University,16,2013,0.0,0.0,0.0
3002,14,Toronto Metropolitan University,16,2012,0.0,0.0,0.0
3003,14,Toronto Metropolitan University,16,2006,0.0,0.0,0.0
3055,15,University of Toronto,16,2021,86.0,83.0,0.0
3056,15,University of Toronto,16,2020,89.0,68.0,0.0
3057,15,University of Toronto,16,2019,90.0,87.0,0.0
3058,15,University of Toronto,16,2017,87.0,83.0,0.0
3059,15,University of Toronto,16,2016,94.0,81.0,63.0
3060,15,University of Toronto,16,2015,96.0,78.0,100.0
3061,15,University of Toronto,16,2014,92.0,83.0,91.0
3062,15,University of Toronto,16,2013,94.0,83.0,92.0
3063,15,University of Toronto,16,2012,88.0,75.0,69.0
3064,15,University of Toronto,16,2011,88.0,86.0,83.0
3065,15,University of Toronto,16,2010,92.0,74.0,74.0
3066,15,University of Toronto,16,2009,88.0,73.0,91.0
3067,15,University of Toronto,16,2008,84.0,76.0,60.0
3068,15,University of Toronto,16,2007,95.0,97.0,80.0
3069,15,University of Toronto,16,2005,96.0,71.0,0.0
3070,15,University of Toronto,16,2004,91.0,90.0,0.0
3071,16,University of Waterloo,16,2021,98.0,90.0,87.0
3072,16,University of Waterloo,16,2020,98.0,85.0,82.0
3073,16,University of Waterloo,16,2019,95.0,90.0,85.0
3074,16,University of Waterloo,16,2018,96.0,89.0,81.0
3075,16,University of Waterloo,16,2017,97.0,91.0,82.0
3076,16,University of Waterloo,16,2016,94.0,91.0,81.0
3077,16,University of Waterloo,16,2015,96.0,84.0,83.0
3078,16,University of Waterloo,16,2014,97.0,87.0,81.0
3079,16,University of Waterloo,16,2013,94.0,84.0,84.0
3080,16,University of Waterloo,16,2012,91.0,85.0,83.0
3081,16,University of Waterloo,16,2011,95.0,86.0,80.0
3082,16,University of Waterloo,16,2010,92.0,80.0,86.0
3083,16,University of Waterloo,16,2009,96.0,83.0,85.0
3084,16,University of Waterloo,16,2008,92.0,94.0,82.0
3085,16,University of Waterloo,16,2007,95.0,92.0,80.0
3086,16,University of Waterloo,16,2006,98.0,99.0,82.0
3087,16,University of Waterloo,16,2005,100.0,94.0,81.0
3088,16,University of Waterloo,16,2004,98.0,95.0,82.0
3089,17,University of Windsor,16,2021,100.0,69.0,72.0
3090,17,University of Windsor,16,2020,0.0,0.0,77.0
3091,17,University of Windsor,16,2019,0.0,0.0,85.0
3092,17,University of Windsor,16,2018,75.0,100.0,81.0
3093,17,University of Windsor,16,2017,0.0,0.0,63.0
3094,17,University of Windsor,16,2016,100.0,100.0,73.0
3095,17,University of Windsor,16,2015,100.0,100.0,74.0
3096,17,University of Windsor,16,2014,80.0,100.0,62.0
3097,17,University of Windsor,16,2013,88.0,0.0,86.0
3098,17,University of Windsor,16,2012,100.0,100.0,62.0
3099,17,University of Windsor,16,2011,75.0,100.0,70.0
3100,17,University of Windsor,16,2010,100.0,100.0,77.0
3101,17,University of Windsor,16,2009,86.0,83.0,75.0
3102,17,University of Windsor,16,2008,0.0,0.0,53.0
3103,17,University of Windsor,16,2007,100.0,100.0,75.0
3104,17,University of Windsor,16,2006,0.0,0.0,63.0
3105,17,University of Windsor,16,2005,0.0,0.0,78.0
3106,17,University of Windsor,16,2004,0.0,0.0,80.0
3107,18,Western University,16,2021,95.0,100.0,0.0
3108,18,Western University,16,2020,85.0,94.0,0.0
3109,18,Western University,16,2019,100.0,100.0,0.0
3110,18,Western University,16,2018,90.0,89.0,0.0
3111,18,Western University,16,2017,100.0,67.0,0.0
3112,18,Western University,16,2016,89.0,78.0,0.0
3113,18,Western University,16,2015,85.0,85.0,0.0
3114,18,Western University,16,2014,93.0,93.0,0.0
3115,18,Western University,16,2013,92.0,83.0,0.0
3116,18,Western University,16,2012,100.0,80.0,0.0
3117,18,Western University,16,2011,100.0,87.0,0.0
3118,18,Western University,16,2010,100.0,88.0,0.0
3119,18,Western University,16,2009,100.0,89.0,0.0
3120,18,Western University,16,2008,92.0,80.0,0.0
3121,18,Western University,16,2007,94.0,100.0,0.0
3122,18,Western University,16,2006,100.0,100.0,0.0
3123,18,Western University,16,2005,85.0,91.0,0.0
3124,18,Western University,16,2004,0.0,0.0,0.0
3125,19,Wilfrid Laurier University ,16,2021,100.0,94.0,66.0
3126,19,Wilfrid Laurier University ,16,2020,100.0,82.0,57.0
3127,19,Wilfrid Laurier University ,16,2019,100.0,100.0,60.0
3128,19,Wilfrid Laurier University ,16,2018,90.0,100.0,48.0
3129,19,Wilfrid Laurier University ,16,2017,100.0,87.0,57.0
3130,19,Wilfrid Laurier University ,16,2016,100.0,100.0,53.0
3131,19,Wilfrid Laurier University ,16,2015,100.0,90.0,57.0
3132,19,Wilfrid Laurier University ,16,2014,88.0,83.0,60.0
3133,19,Wilfrid Laurier University ,16,2013,93.0,100.0,65.0
3134,19,Wilfrid Laurier University ,16,2012,0.0,0.0,79.0
3135,19,Wilfrid Laurier University ,16,2011,89.0,0.0,53.0
3136,19,Wilfrid Laurier University ,16,2010,100.0,0.0,91.0
3137,19,Wilfrid Laurier University ,16,2009,86.0,0.0,65.0
3138,19,Wilfrid Laurier University ,16,2008,100.0,0.0,82.0
3139,19,Wilfrid Laurier University ,16,2007,100.0,100.0,52.0
3140,19,Wilfrid Laurier University ,16,2006,0.0,0.0,59.0
3141,19,Wilfrid Laurier University ,16,2005,0.0,0.0,47.0
3142,19,Wilfrid Laurier University ,16,2004,0.0,0.0,79.0
3143,20,York University,16,2021,94.0,80.0,51.0
3144,20,York University,16,2020,84.0,89.0,62.0
3145,20,York University,16,2019,78.0,95.0,62.0
3146,20,York University,16,2018,90.0,86.0,66.0
3147,20,York University,16,2017,100.0,100.0,65.0
3148,20,York University,16,2016,93.0,80.0,65.0
3149,20,York University,16,2015,95.0,84.0,68.0
3150,20,York University,16,2014,93.0,80.0,57.0
3151,20,York University,16,2013,91.0,86.0,77.0
3152,20,York University,16,2012,79.0,81.0,67.0
3153,20,York University,16,2011,83.0,100.0,67.0
3154,20,York University,16,2010,82.0,62.0,65.0
3155,20,York University,16,2009,83.0,0.0,67.0
3156,20,York University,16,2008,91.0,83.0,68.0
3157,20,York University,16,2007,88.0,89.0,71.0
3158,20,York University,16,2006,100.0,91.0,46.0
3159,20,York University,16,2005,100.0,100.0,59.0
3160,20,York University,16,2004,91.0,89.0,64.0
3161,2,Brock University,17,2021,0.0,0.0,0.0
3164,3,Laurentian University,17,2021,0.0,0.0,0.0
3165,3,Laurentian University,17,2020,100.0,100.0,0.0
3166,3,Laurentian University,17,2019,100.0,100.0,0.0
3167,3,Laurentian University,17,2018,100.0,100.0,0.0
3168,3,Laurentian University,17,2016,100.0,100.0,0.0
3169,3,Laurentian University,17,2015,100.0,100.0,0.0
3170,3,Laurentian University,17,2014,100.0,100.0,0.0
3171,3,Laurentian University,17,2013,100.0,100.0,0.0
3172,3,Laurentian University,17,2012,0.0,0.0,0.0
3173,3,Laurentian University,17,2011,100.0,100.0,0.0
3174,3,Laurentian University,17,2010,100.0,100.0,0.0
3175,3,Laurentian University,17,2003,100.0,100.0,0.0
3163,4,Lakehead University,17,2021,0.0,0.0,0.0
3193,5,OCAD University,17,2021,0.0,0.0,0.0
3214,6,Trent University,17,2021,0.0,0.0,0.0
3192,7,Nipissing University,17,2021,0.0,0.0,0.0
3162,8,Carleton University,17,2021,0.0,0.0,0.0
3215,9,University of Guelph,17,2021,0.0,0.0,0.0
3176,10,McMaster University,17,2021,100.0,99.0,100.0
3177,10,McMaster University,17,2020,99.0,99.0,99.0
3178,10,McMaster University,17,2019,99.0,100.0,100.0
3179,10,McMaster University,17,2018,100.0,100.0,100.0
3180,10,McMaster University,17,2017,100.0,100.0,99.0
3181,10,McMaster University,17,2016,99.0,98.0,100.0
3182,10,McMaster University,17,2015,99.0,98.0,100.0
3183,10,McMaster University,17,2014,100.0,97.0,99.0
3184,10,McMaster University,17,2013,100.0,99.0,99.0
3185,10,McMaster University,17,2012,100.0,100.0,99.0
3186,10,McMaster University,17,2011,98.0,100.0,100.0
3187,10,McMaster University,17,2010,98.0,100.0,99.0
3188,10,McMaster University,17,2009,100.0,100.0,99.0
3189,10,McMaster University,17,2006,100.0,100.0,100.0
3190,10,McMaster University,17,2005,100.0,100.0,99.0
3191,10,McMaster University,17,2004,100.0,100.0,100.0
3194,11,Ontario Tech University,17,2021,0.0,0.0,0.0
3216,12,University of Ottawa,17,2021,0.0,0.0,98.0
3217,12,University of Ottawa,17,2010,98.0,100.0,97.0
3218,12,University of Ottawa,17,2009,100.0,100.0,99.0
3219,12,University of Ottawa,17,2008,100.0,100.0,98.0
3220,12,University of Ottawa,17,2007,100.0,100.0,98.0
3221,12,University of Ottawa,17,2006,100.0,100.0,98.0
3222,12,University of Ottawa,17,2005,100.0,100.0,99.0
3223,12,University of Ottawa,17,2004,100.0,100.0,100.0
3195,13,Queens University,17,2021,100.0,100.0,99.0
3196,13,Queens University,17,2020,100.0,100.0,100.0
3197,13,Queens University,17,2019,100.0,100.0,100.0
3198,13,Queens University,17,2018,100.0,100.0,100.0
3199,13,Queens University,17,2017,100.0,100.0,100.0
3200,13,Queens University,17,2016,100.0,100.0,100.0
3201,13,Queens University,17,2015,100.0,100.0,100.0
3202,13,Queens University,17,2014,100.0,98.0,98.0
3203,13,Queens University,17,2013,100.0,100.0,99.0
3204,13,Queens University,17,2012,100.0,100.0,99.0
3205,13,Queens University,17,2011,96.0,100.0,100.0
3206,13,Queens University,17,2010,93.0,73.0,99.0
3207,13,Queens University,17,2009,90.0,82.0,100.0
3208,13,Queens University,17,2008,97.0,100.0,100.0
3209,13,Queens University,17,2007,100.0,100.0,96.0
3210,13,Queens University,17,2006,100.0,100.0,100.0
3211,13,Queens University,17,2005,100.0,100.0,100.0
3212,13,Queens University,17,2004,100.0,100.0,97.0
3213,14,Toronto Metropolitan University,17,2021,0.0,0.0,0.0
3224,15,University of Toronto,17,2021,100.0,100.0,95.0
3225,15,University of Toronto,17,2020,98.0,100.0,96.0
3226,15,University of Toronto,17,2019,99.0,100.0,96.0
3227,15,University of Toronto,17,2018,100.0,99.0,98.0
3228,15,University of Toronto,17,2017,100.0,100.0,96.0
3229,15,University of Toronto,17,2016,97.0,94.0,97.0
3230,15,University of Toronto,17,2015,99.0,98.0,99.0
3231,15,University of Toronto,17,2014,100.0,99.0,98.0
3232,15,University of Toronto,17,2013,100.0,100.0,97.0
3233,15,University of Toronto,17,2012,99.0,100.0,100.0
3234,15,University of Toronto,17,2011,100.0,100.0,98.0
3235,15,University of Toronto,17,2010,100.0,98.0,97.0
3236,15,University of Toronto,17,2009,100.0,100.0,97.0
3237,15,University of Toronto,17,2008,100.0,100.0,98.0
3238,15,University of Toronto,17,2007,100.0,100.0,96.0
3239,15,University of Toronto,17,2006,100.0,97.0,98.0
3240,15,University of Toronto,17,2005,100.0,100.0,95.0
3241,15,University of Toronto,17,2004,100.0,100.0,96.0
3242,16,University of Waterloo,17,2021,0.0,0.0,0.0
3243,17,University of Windsor,17,2021,0.0,0.0,0.0
3244,18,Western University,17,2021,100.0,100.0,99.0
3245,18,Western University,17,2020,100.0,98.0,99.0
3246,18,Western University,17,2019,98.0,100.0,99.0
3247,18,Western University,17,2018,98.0,100.0,98.0
3248,18,Western University,17,2017,98.0,100.0,99.0
3249,18,Western University,17,2016,100.0,100.0,100.0
3250,18,Western University,17,2015,100.0,100.0,100.0
3251,18,Western University,17,2014,98.0,100.0,99.0
3252,18,Western University,17,2013,100.0,100.0,100.0
3253,18,Western University,17,2012,100.0,100.0,99.0
3254,18,Western University,17,2011,100.0,100.0,100.0
3255,18,Western University,17,2010,100.0,100.0,97.0
3256,18,Western University,17,2009,100.0,100.0,99.0
3257,18,Western University,17,2008,100.0,100.0,99.0
3258,18,Western University,17,2007,100.0,100.0,100.0
3259,18,Western University,17,2006,100.0,100.0,100.0
3260,18,Western University,17,2005,100.0,100.0,99.0
3261,18,Western University,17,2004,100.0,100.0,99.0
3262,19,Wilfrid Laurier University ,17,2021,0.0,0.0,0.0
3263,20,York University,17,2021,0.0,0.0,0.0
3264,2,Brock University,18,2021,100.0,94.0,84.0
3265,2,Brock University,18,2020,100.0,98.0,91.0
3266,2,Brock University,18,2019,100.0,97.0,84.0
3267,2,Brock University,18,2018,100.0,97.0,100.0
3268,2,Brock University,18,2017,100.0,97.0,96.0
3269,2,Brock University,18,2016,93.0,93.0,91.0
3270,2,Brock University,18,2015,100.0,92.0,90.0
3271,2,Brock University,18,2014,100.0,100.0,89.0
3272,2,Brock University,18,2013,100.0,100.0,80.0
3273,2,Brock University,18,2012,100.0,96.0,83.0
3274,2,Brock University,18,2011,95.0,95.0,0.0
3275,2,Brock University,18,2010,94.0,94.0,0.0
3276,2,Brock University,18,2009,100.0,100.0,0.0
3277,2,Brock University,18,2008,100.0,94.0,0.0
3278,2,Brock University,18,2007,100.0,100.0,0.0
3279,2,Brock University,18,2006,100.0,100.0,0.0
3280,2,Brock University,18,2005,100.0,100.0,0.0
3281,2,Brock University,18,2004,100.0,100.0,0.0
3301,3,Laurentian University,18,2021,98.0,99.0,93.0
3302,3,Laurentian University,18,2020,99.0,98.0,86.0
3303,3,Laurentian University,18,2019,98.0,97.0,71.0
3304,3,Laurentian University,18,2018,99.0,96.0,0.0
3305,3,Laurentian University,18,2017,99.0,97.0,85.0
3306,3,Laurentian University,18,2016,98.0,96.0,75.0
3307,3,Laurentian University,18,2015,99.0,94.0,81.0
3308,3,Laurentian University,18,2014,99.0,96.0,79.0
3309,3,Laurentian University,18,2013,99.0,98.0,64.0
3310,3,Laurentian University,18,2012,98.0,96.0,80.0
3311,3,Laurentian University,18,2011,97.0,93.0,84.0
3312,3,Laurentian University,18,2010,100.0,98.0,93.0
3313,3,Laurentian University,18,2009,100.0,98.0,74.0
3314,3,Laurentian University,18,2008,100.0,100.0,86.0
3315,3,Laurentian University,18,2007,100.0,97.0,85.0
3316,3,Laurentian University,18,2006,100.0,100.0,79.0
3317,3,Laurentian University,18,2005,100.0,100.0,71.0
3318,3,Laurentian University,18,2004,100.0,100.0,74.0
3319,3,Laurentian University,18,2003,100.0,98.0,73.0
3283,4,Lakehead University,18,2021,100.0,100.0,84.0
3284,4,Lakehead University,18,2020,100.0,98.0,89.0
3285,4,Lakehead University,18,2019,98.0,98.0,88.0
3286,4,Lakehead University,18,2018,100.0,97.0,82.0
3287,4,Lakehead University,18,2017,100.0,95.0,88.0
3288,4,Lakehead University,18,2016,97.0,95.0,92.0
3289,4,Lakehead University,18,2015,100.0,97.0,83.0
3290,4,Lakehead University,18,2014,97.0,96.0,93.0
3291,4,Lakehead University,18,2013,97.0,97.0,85.0
3292,4,Lakehead University,18,2012,98.0,95.0,83.0
3293,4,Lakehead University,18,2011,98.0,97.0,86.0
3294,4,Lakehead University,18,2010,98.0,96.0,81.0
3295,4,Lakehead University,18,2009,100.0,94.0,93.0
3296,4,Lakehead University,18,2008,100.0,100.0,84.0
3297,4,Lakehead University,18,2007,100.0,96.0,89.0
3298,4,Lakehead University,18,2006,100.0,100.0,67.0
3299,4,Lakehead University,18,2005,100.0,93.0,60.0
3300,4,Lakehead University,18,2004,100.0,100.0,50.0
3355,5,OCAD University,18,2021,0.0,0.0,0.0
3406,6,Trent University,18,2021,98.0,94.0,88.0
3407,6,Trent University,18,2020,98.0,99.0,87.0
3408,6,Trent University,18,2019,99.0,97.0,84.0
3409,6,Trent University,18,2018,98.0,100.0,85.0
3410,6,Trent University,18,2017,99.0,93.0,86.0
3411,6,Trent University,18,2016,99.0,95.0,87.0
3412,6,Trent University,18,2015,99.0,91.0,81.0
3413,6,Trent University,18,2014,100.0,97.0,76.0
3414,6,Trent University,18,2013,100.0,86.0,79.0
3415,6,Trent University,18,2012,100.0,94.0,79.0
3416,6,Trent University,18,2011,96.0,88.0,79.0
3417,6,Trent University,18,2010,92.0,96.0,89.0
3418,6,Trent University,18,2008,100.0,100.0,0.0
3419,6,Trent University,18,2007,100.0,100.0,0.0
3420,6,Trent University,18,2006,0.0,0.0,0.0
3421,6,Trent University,18,2005,100.0,100.0,0.0
3422,6,Trent University,18,2004,100.0,100.0,0.0
3338,7,Nipissing University,18,2021,98.0,99.0,92.0
3339,7,Nipissing University,18,2020,98.0,98.0,91.0
3340,7,Nipissing University,18,2019,100.0,97.0,93.0
3341,7,Nipissing University,18,2018,99.0,99.0,87.0
3342,7,Nipissing University,18,2017,99.0,99.0,80.0
3343,7,Nipissing University,18,2016,97.0,92.0,96.0
3344,7,Nipissing University,18,2015,100.0,96.0,95.0
3345,7,Nipissing University,18,2014,100.0,94.0,86.0
3346,7,Nipissing University,18,2013,96.0,85.0,78.0
3347,7,Nipissing University,18,2012,100.0,96.0,85.0
3348,7,Nipissing University,18,2011,100.0,100.0,64.0
3349,7,Nipissing University,18,2010,100.0,100.0,79.0
3350,7,Nipissing University,18,2009,100.0,100.0,70.0
3351,7,Nipissing University,18,2008,100.0,100.0,81.0
3352,7,Nipissing University,18,2007,0.0,0.0,0.0
3353,7,Nipissing University,18,2006,0.0,0.0,0.0
3354,7,Nipissing University,18,2005,0.0,0.0,0.0
3282,8,Carleton University,18,2021,0.0,0.0,0.0
3423,9,University of Guelph,18,2021,0.0,0.0,0.0
3320,10,McMaster University,18,2021,99.0,99.0,90.0
3321,10,McMaster University,18,2020,99.0,97.0,89.0
3322,10,McMaster University,18,2019,99.0,98.0,84.0
3323,10,McMaster University,18,2018,99.0,95.0,81.0
3324,10,McMaster University,18,2017,99.0,95.0,82.0
3325,10,McMaster University,18,2016,97.0,95.0,79.0
3326,10,McMaster University,18,2015,99.0,91.0,82.0
3327,10,McMaster University,18,2014,99.0,94.0,87.0
3328,10,McMaster University,18,2013,98.0,92.0,84.0
3329,10,McMaster University,18,2012,97.0,97.0,84.0
3330,10,McMaster University,18,2011,98.0,97.0,81.0
3331,10,McMaster University,18,2010,98.0,92.0,90.0
3332,10,McMaster University,18,2009,99.0,97.0,92.0
3333,10,McMaster University,18,2008,99.0,99.0,91.0
3334,10,McMaster University,18,2007,100.0,98.0,93.0
3335,10,McMaster University,18,2006,100.0,100.0,90.0
3336,10,McMaster University,18,2005,100.0,98.0,88.0
3337,10,McMaster University,18,2004,100.0,98.0,80.0
3356,11,Ontario Tech University,18,2021,99.0,97.0,91.0
3357,11,Ontario Tech University,18,2020,97.0,92.0,80.0
3358,11,Ontario Tech University,18,2019,99.0,94.0,82.0
3359,11,Ontario Tech University,18,2018,99.0,98.0,87.0
3360,11,Ontario Tech University,18,2017,99.0,89.0,88.0
3361,11,Ontario Tech University,18,2016,97.0,85.0,86.0
3362,11,Ontario Tech University,18,2015,99.0,95.0,86.0
3363,11,Ontario Tech University,18,2014,100.0,88.0,82.0
3364,11,Ontario Tech University,18,2013,100.0,92.0,82.0
3365,11,Ontario Tech University,18,2012,100.0,95.0,74.0
3366,11,Ontario Tech University,18,2011,97.0,91.0,71.0
3367,11,Ontario Tech University,18,2010,100.0,91.0,81.0
3368,11,Ontario Tech University,18,2009,98.0,100.0,0.0
3369,11,Ontario Tech University,18,2008,100.0,100.0,0.0
3370,11,Ontario Tech University,18,2007,100.0,97.0,0.0
3424,12,University of Ottawa,18,2021,98.0,97.0,85.0
3425,12,University of Ottawa,18,2020,99.0,98.0,82.0
3426,12,University of Ottawa,18,2019,99.0,96.0,83.0
3427,12,University of Ottawa,18,2018,100.0,97.0,84.0
3428,12,University of Ottawa,18,2017,98.0,95.0,76.0
3429,12,University of Ottawa,18,2016,100.0,95.0,81.0
3430,12,University of Ottawa,18,2015,98.0,95.0,84.0
3431,12,University of Ottawa,18,2014,97.0,97.0,79.0
3432,12,University of Ottawa,18,2013,98.0,97.0,82.0
3433,12,University of Ottawa,18,2012,99.0,95.0,81.0
3434,12,University of Ottawa,18,2011,99.0,98.0,83.0
3435,12,University of Ottawa,18,2010,99.0,96.0,88.0
3436,12,University of Ottawa,18,2009,98.0,99.0,86.0
3437,12,University of Ottawa,18,2008,100.0,100.0,87.0
3438,12,University of Ottawa,18,2007,100.0,100.0,87.0
3439,12,University of Ottawa,18,2006,100.0,100.0,86.0
3440,12,University of Ottawa,18,2005,100.0,100.0,84.0
3441,12,University of Ottawa,18,2004,100.0,100.0,85.0
3371,13,Queens University,18,2021,100.0,100.0,87.0
3372,13,Queens University,18,2020,100.0,98.0,92.0
3373,13,Queens University,18,2019,96.0,94.0,85.0
3374,13,Queens University,18,2018,100.0,100.0,95.0
3375,13,Queens University,18,2017,100.0,98.0,95.0
3376,13,Queens University,18,2016,100.0,93.0,87.0
3377,13,Queens University,18,2015,100.0,98.0,90.0
3378,13,Queens University,18,2014,100.0,93.0,88.0
3379,13,Queens University,18,2013,100.0,93.0,89.0
3380,13,Queens University,18,2012,100.0,94.0,88.0
3381,13,Queens University,18,2011,100.0,100.0,87.0
3382,13,Queens University,18,2010,88.0,89.0,96.0
3383,13,Queens University,18,2009,100.0,96.0,89.0
3384,13,Queens University,18,2008,98.0,98.0,82.0
3385,13,Queens University,18,2007,100.0,100.0,93.0
3386,13,Queens University,18,2006,100.0,100.0,88.0
3387,13,Queens University,18,2005,100.0,100.0,89.0
3388,14,Toronto Metropolitan University,18,2021,98.0,97.0,83.0
3389,14,Toronto Metropolitan University,18,2020,96.0,98.0,84.0
3390,14,Toronto Metropolitan University,18,2019,96.0,93.0,89.0
3391,14,Toronto Metropolitan University,18,2018,98.0,92.0,84.0
3392,14,Toronto Metropolitan University,18,2017,97.0,90.0,83.0
3393,14,Toronto Metropolitan University,18,2016,98.0,81.0,84.0
3394,14,Toronto Metropolitan University,18,2015,92.0,72.0,85.0
3395,14,Toronto Metropolitan University,18,2014,98.0,86.0,82.0
3396,14,Toronto Metropolitan University,18,2013,94.0,79.0,78.0
3397,14,Toronto Metropolitan University,18,2012,96.0,83.0,0.0
3398,14,Toronto Metropolitan University,18,2011,96.0,85.0,0.0
3399,14,Toronto Metropolitan University,18,2010,97.0,85.0,0.0
3400,14,Toronto Metropolitan University,18,2009,98.0,93.0,0.0
3401,14,Toronto Metropolitan University,18,2008,98.0,98.0,0.0
3402,14,Toronto Metropolitan University,18,2007,100.0,98.0,92.0
3403,14,Toronto Metropolitan University,18,2006,0.0,0.0,0.0
3404,14,Toronto Metropolitan University,18,2005,100.0,97.0,0.0
3405,14,Toronto Metropolitan University,18,2004,100.0,99.0,75.0
3442,15,University of Toronto,18,2021,98.0,100.0,96.0
3443,15,University of Toronto,18,2020,99.0,97.0,97.0
3444,15,University of Toronto,18,2019,100.0,91.0,97.0
3445,15,University of Toronto,18,2018,98.0,97.0,97.0
3446,15,University of Toronto,18,2017,98.0,93.0,98.0
3447,15,University of Toronto,18,2016,100.0,94.0,98.0
3448,15,University of Toronto,18,2015,97.0,89.0,96.0
3449,15,University of Toronto,18,2014,94.0,93.0,96.0
3450,15,University of Toronto,18,2013,100.0,89.0,97.0
3451,15,University of Toronto,18,2012,98.0,96.0,95.0
3452,15,University of Toronto,18,2011,98.0,98.0,98.0
3453,15,University of Toronto,18,2010,100.0,94.0,98.0
3454,15,University of Toronto,18,2009,100.0,94.0,98.0
3455,15,University of Toronto,18,2008,97.0,97.0,95.0
3456,15,University of Toronto,18,2007,100.0,100.0,100.0
3457,15,University of Toronto,18,2006,100.0,100.0,100.0
3458,15,University of Toronto,18,2005,93.0,93.0,91.0
3459,15,University of Toronto,18,2004,100.0,100.0,92.0
3460,16,University of Waterloo,18,2021,0.0,0.0,0.0
3461,17,University of Windsor,18,2021,99.0,97.0,90.0
3462,17,University of Windsor,18,2020,97.0,99.0,94.0
3463,17,University of Windsor,18,2019,99.0,99.0,98.0
3464,17,University of Windsor,18,2018,99.0,96.0,90.0
3465,17,University of Windsor,18,2017,99.0,97.0,94.0
3466,17,University of Windsor,18,2016,98.0,94.0,95.0
3467,17,University of Windsor,18,2015,99.0,91.0,88.0
3468,17,University of Windsor,18,2014,100.0,85.0,87.0
3469,17,University of Windsor,18,2013,99.0,91.0,87.0
3470,17,University of Windsor,18,2012,97.0,89.0,85.0
3471,17,University of Windsor,18,2011,97.0,90.0,85.0
3472,17,University of Windsor,18,2010,98.0,85.0,91.0
3473,17,University of Windsor,18,2009,98.0,93.0,84.0
3474,17,University of Windsor,18,2008,98.0,97.0,79.0
3475,17,University of Windsor,18,2007,100.0,100.0,75.0
3476,17,University of Windsor,18,2006,100.0,97.0,74.0
3477,17,University of Windsor,18,2005,100.0,100.0,64.0
3478,17,University of Windsor,18,2004,100.0,100.0,69.0
3479,18,Western University,18,2021,96.0,99.0,86.0
3480,18,Western University,18,2020,100.0,96.0,93.0
3481,18,Western University,18,2019,98.0,95.0,92.0
3482,18,Western University,18,2018,99.0,97.0,90.0
3483,18,Western University,18,2017,98.0,94.0,98.0
3484,18,Western University,18,2016,99.0,93.0,96.0
3485,18,Western University,18,2015,98.0,90.0,90.0
3486,18,Western University,18,2014,100.0,97.0,91.0
3487,18,Western University,18,2013,99.0,96.0,91.0
3488,18,Western University,18,2012,99.0,98.0,90.0
3489,18,Western University,18,2011,98.0,99.0,91.0
3490,18,Western University,18,2010,99.0,92.0,99.0
3491,18,Western University,18,2009,100.0,97.0,99.0
3492,18,Western University,18,2008,100.0,100.0,96.0
3493,18,Western University,18,2007,100.0,100.0,93.0
3494,18,Western University,18,2006,100.0,97.0,87.0
3495,18,Western University,18,2005,95.0,100.0,88.0
3496,18,Western University,18,2004,100.0,100.0,86.0
3497,19,Wilfrid Laurier University ,18,2021,0.0,0.0,0.0
3498,20,York University,18,2021,96.0,91.0,0.0
3499,20,York University,18,2020,98.0,97.0,100.0
3500,20,York University,18,2019,95.0,89.0,0.0
3501,20,York University,18,2018,98.0,91.0,0.0
3502,20,York University,18,2017,98.0,90.0,50.0
3503,20,York University,18,2016,99.0,85.0,0.0
3504,20,York University,18,2015,94.0,81.0,100.0
3505,20,York University,18,2014,98.0,80.0,0.0
3506,20,York University,18,2013,94.0,83.0,100.0
3507,20,York University,18,2012,98.0,83.0,0.0
3508,20,York University,18,2011,98.0,89.0,0.0
3509,20,York University,18,2010,95.0,80.0,0.0
3510,20,York University,18,2009,98.0,89.0,0.0
3511,20,York University,18,2008,100.0,96.0,0.0
3512,20,York University,18,2007,98.0,99.0,0.0
3513,20,York University,18,2006,98.0,98.0,83.0
3514,20,York University,18,2005,97.0,95.0,0.0
3515,20,York University,18,2004,97.0,97.0,0.0
3516,2,Brock University,19,2021,0.0,0.0,0.0
3519,3,Laurentian University,19,2021,0.0,0.0,0.0
3518,4,Lakehead University,19,2021,0.0,0.0,0.0
3522,5,OCAD University,19,2021,0.0,0.0,0.0
3526,6,Trent University,19,2021,0.0,0.0,0.0
3521,7,Nipissing University,19,2021,0.0,0.0,0.0
3517,8,Carleton University,19,2021,0.0,0.0,0.0
3527,9,University of Guelph,19,2021,0.0,0.0,0.0
3520,10,McMaster University,19,2021,0.0,0.0,0.0
3523,11,Ontario Tech University,19,2021,0.0,0.0,0.0
3528,12,University of Ottawa,19,2021,0.0,0.0,0.0
3524,13,Queens University,19,2021,0.0,0.0,0.0
3525,14,Toronto Metropolitan University,19,2021,0.0,0.0,0.0
3529,15,University of Toronto,19,2021,0.0,0.0,0.0
3530,16,University of Waterloo,19,2021,100.0,100.0,99.0
3531,16,University of Waterloo,19,2020,98.0,98.0,97.0
3532,16,University of Waterloo,19,2019,100.0,100.0,96.0
3533,16,University of Waterloo,19,2018,100.0,98.0,98.0
3534,16,University of Waterloo,19,2017,100.0,100.0,99.0
3535,16,University of Waterloo,19,2016,97.0,97.0,100.0
3536,16,University of Waterloo,19,2015,100.0,100.0,100.0
3537,16,University of Waterloo,19,2014,98.0,100.0,100.0
3538,16,University of Waterloo,19,2013,100.0,98.0,100.0
3539,16,University of Waterloo,19,2012,100.0,100.0,99.0
3540,16,University of Waterloo,19,2011,100.0,100.0,100.0
3541,16,University of Waterloo,19,2010,100.0,100.0,100.0
3542,16,University of Waterloo,19,2009,97.0,100.0,97.0
3543,16,University of Waterloo,19,2008,100.0,100.0,98.0
3544,16,University of Waterloo,19,2007,100.0,100.0,100.0
3545,16,University of Waterloo,19,2006,100.0,100.0,100.0
3546,16,University of Waterloo,19,2005,100.0,100.0,93.0
3547,16,University of Waterloo,19,2004,100.0,100.0,98.0
3548,17,University of Windsor,19,2021,0.0,0.0,0.0
3549,18,Western University,19,2021,0.0,0.0,0.0
3550,19,Wilfrid Laurier University ,19,2021,0.0,0.0,0.0
3551,20,York University,19,2021,0.0,0.0,0.0
3552,1,Algoma University,20,2013,96.0,92.0,0.0
3553,2,Brock University,20,2021,100.0,94.0,64.0
3554,2,Brock University,20,2020,100.0,100.0,59.0
3555,2,Brock University,20,2019,95.0,97.0,61.0
3556,2,Brock University,20,2018,79.0,92.0,65.0
3557,2,Brock University,20,2017,100.0,100.0,68.0
3558,2,Brock University,20,2016,100.0,98.0,64.0
3559,2,Brock University,20,2015,97.0,93.0,67.0
3560,2,Brock University,20,2014,95.0,92.0,63.0
3561,2,Brock University,20,2013,94.0,91.0,67.0
3562,2,Brock University,20,2012,97.0,92.0,65.0
3563,2,Brock University,20,2010,93.0,93.0,72.0
3564,2,Brock University,20,2009,100.0,94.0,76.0
3565,2,Brock University,20,2005,89.0,100.0,53.0
3566,2,Brock University,20,2004,88.0,86.0,57.0
3603,3,Laurentian University,20,2021,89.0,86.0,55.0
3604,3,Laurentian University,20,2020,100.0,100.0,57.0
3605,3,Laurentian University,20,2019,88.0,88.0,61.0
3606,3,Laurentian University,20,2018,0.0,0.0,0.0
3607,3,Laurentian University,20,2017,0.0,0.0,60.0
3608,3,Laurentian University,20,2016,100.0,50.0,61.0
3609,3,Laurentian University,20,2015,67.0,100.0,59.0
3610,3,Laurentian University,20,2014,100.0,100.0,61.0
3611,3,Laurentian University,20,2013,100.0,0.0,63.0
3612,3,Laurentian University,20,2012,0.0,0.0,59.0
3613,3,Laurentian University,20,2011,0.0,0.0,61.0
3614,3,Laurentian University,20,2010,0.0,0.0,67.0
3615,3,Laurentian University,20,2009,75.0,67.0,65.0
3616,3,Laurentian University,20,2008,100.0,100.0,64.0
3617,3,Laurentian University,20,2007,0.0,0.0,63.0
3618,3,Laurentian University,20,2006,0.0,0.0,53.0
3619,3,Laurentian University,20,2005,0.0,0.0,57.0
3620,3,Laurentian University,20,2004,100.0,100.0,57.0
3621,3,Laurentian University,20,2003,83.0,67.0,56.0
3585,4,Lakehead University,20,2021,95.0,95.0,63.0
3586,4,Lakehead University,20,2020,97.0,81.0,59.0
3587,4,Lakehead University,20,2019,92.0,83.0,61.0
3588,4,Lakehead University,20,2018,93.0,86.0,57.0
3589,4,Lakehead University,20,2017,97.0,94.0,64.0
3590,4,Lakehead University,20,2016,97.0,85.0,66.0
3591,4,Lakehead University,20,2015,94.0,84.0,71.0
3592,4,Lakehead University,20,2014,91.0,86.0,60.0
3593,4,Lakehead University,20,2013,92.0,95.0,64.0
3594,4,Lakehead University,20,2012,96.0,90.0,51.0
3595,4,Lakehead University,20,2011,84.0,85.0,54.0
3596,4,Lakehead University,20,2010,82.0,93.0,60.0
3597,4,Lakehead University,20,2009,91.0,91.0,59.0
3598,4,Lakehead University,20,2008,82.0,100.0,55.0
3599,4,Lakehead University,20,2007,90.0,100.0,60.0
3600,4,Lakehead University,20,2006,0.0,0.0,57.0
3601,4,Lakehead University,20,2005,0.0,0.0,35.0
3602,4,Lakehead University,20,2004,0.0,0.0,42.0
3658,5,OCAD University,20,2021,0.0,0.0,0.0
3669,6,Trent University,20,2021,100.0,100.0,68.0
3670,6,Trent University,20,2020,0.0,0.0,64.0
3671,6,Trent University,20,2019,0.0,0.0,68.0
3672,6,Trent University,20,2018,50.0,0.0,67.0
3673,6,Trent University,20,2017,100.0,100.0,68.0
3674,6,Trent University,20,2016,100.0,0.0,64.0
3675,6,Trent University,20,2005,100.0,100.0,66.0
3676,6,Trent University,20,2004,0.0,0.0,62.0
3640,7,Nipissing University,20,2021,100.0,100.0,50.0
3641,7,Nipissing University,20,2020,0.0,0.0,48.0
3642,7,Nipissing University,20,2019,0.0,0.0,37.0
3643,7,Nipissing University,20,2018,100.0,100.0,40.0
3644,7,Nipissing University,20,2017,100.0,100.0,52.0
3645,7,Nipissing University,20,2016,100.0,100.0,59.0
3646,7,Nipissing University,20,2015,100.0,100.0,58.0
3647,7,Nipissing University,20,2014,90.0,89.0,54.0
3648,7,Nipissing University,20,2013,88.0,93.0,80.0
3649,7,Nipissing University,20,2012,0.0,0.0,56.0
3650,7,Nipissing University,20,2011,89.0,96.0,79.0
3651,7,Nipissing University,20,2010,94.0,93.0,77.0
3652,7,Nipissing University,20,2009,75.0,85.0,79.0
3653,7,Nipissing University,20,2008,90.0,77.0,77.0
3654,7,Nipissing University,20,2007,96.0,95.0,69.0
3655,7,Nipissing University,20,2006,100.0,100.0,69.0
3656,7,Nipissing University,20,2005,90.0,86.0,70.0
3657,7,Nipissing University,20,2004,100.0,100.0,64.0
3567,8,Carleton University,20,2021,95.0,84.0,80.0
3568,8,Carleton University,20,2020,91.0,79.0,68.0
3569,8,Carleton University,20,2019,92.0,87.0,73.0
3570,8,Carleton University,20,2018,94.0,89.0,72.0
3571,8,Carleton University,20,2017,92.0,86.0,76.0
3572,8,Carleton University,20,2016,94.0,84.0,73.0
3573,8,Carleton University,20,2015,93.0,77.0,68.0
3574,8,Carleton University,20,2014,93.0,84.0,74.0
3575,8,Carleton University,20,2013,94.0,81.0,75.0
3576,8,Carleton University,20,2012,88.0,84.0,72.0
3577,8,Carleton University,20,2011,91.0,88.0,75.0
3578,8,Carleton University,20,2010,85.0,72.0,80.0
3579,8,Carleton University,20,2009,85.0,81.0,64.0
3580,8,Carleton University,20,2008,94.0,71.0,60.0
3581,8,Carleton University,20,2007,96.0,96.0,63.0
3582,8,Carleton University,20,2006,83.0,85.0,58.0
3583,8,Carleton University,20,2005,95.0,100.0,53.0
3584,8,Carleton University,20,2004,95.0,90.0,57.0
3677,9,University of Guelph,20,2021,97.0,100.0,72.0
3678,9,University of Guelph,20,2020,97.0,89.0,74.0
3679,9,University of Guelph,20,2019,69.0,86.0,74.0
3680,9,University of Guelph,20,2018,85.0,94.0,74.0
3681,9,University of Guelph,20,2017,94.0,89.0,76.0
3682,9,University of Guelph,20,2016,98.0,94.0,76.0
3683,9,University of Guelph,20,2015,98.0,91.0,77.0
3684,9,University of Guelph,20,2014,85.0,98.0,77.0
3685,9,University of Guelph,20,2013,96.0,92.0,75.0
3686,9,University of Guelph,20,2012,94.0,95.0,76.0
3687,9,University of Guelph,20,2011,93.0,96.0,77.0
3688,9,University of Guelph,20,2010,93.0,96.0,76.0
3689,9,University of Guelph,20,2009,99.0,94.0,68.0
3690,9,University of Guelph,20,2008,96.0,93.0,77.0
3691,9,University of Guelph,20,2007,89.0,98.0,76.0
3692,9,University of Guelph,20,2006,85.0,79.0,75.0
3693,9,University of Guelph,20,2005,83.0,89.0,72.0
3694,9,University of Guelph,20,2004,100.0,92.0,78.0
3622,10,McMaster University,20,2021,100.0,100.0,74.0
3623,10,McMaster University,20,2020,95.0,75.0,74.0
3624,10,McMaster University,20,2019,100.0,75.0,73.0
3625,10,McMaster University,20,2018,100.0,96.0,74.0
3626,10,McMaster University,20,2017,92.0,94.0,69.0
3627,10,McMaster University,20,2016,100.0,100.0,71.0
3628,10,McMaster University,20,2015,94.0,93.0,73.0
3629,10,McMaster University,20,2014,91.0,82.0,76.0
3630,10,McMaster University,20,2013,89.0,79.0,77.0
3631,10,McMaster University,20,2012,93.0,89.0,78.0
3632,10,McMaster University,20,2011,90.0,82.0,79.0
3633,10,McMaster University,20,2010,92.0,87.0,85.0
3634,10,McMaster University,20,2009,85.0,80.0,80.0
3635,10,McMaster University,20,2008,89.0,96.0,76.0
3636,10,McMaster University,20,2007,92.0,89.0,78.0
3637,10,McMaster University,20,2006,100.0,94.0,76.0
3638,10,McMaster University,20,2005,92.0,88.0,78.0
3639,10,McMaster University,20,2004,0.0,100.0,77.0
3659,11,Ontario Tech University,20,2021,0.0,0.0,0.0
3695,12,University of Ottawa,20,2021,93.0,89.0,54.0
3696,12,University of Ottawa,20,2020,97.0,89.0,54.0
3697,12,University of Ottawa,20,2019,92.0,84.0,48.0
3698,12,University of Ottawa,20,2018,94.0,93.0,46.0
3699,12,University of Ottawa,20,2017,93.0,88.0,48.0
3700,12,University of Ottawa,20,2016,98.0,83.0,49.0
3701,12,University of Ottawa,20,2015,94.0,89.0,62.0
3702,12,University of Ottawa,20,2014,95.0,86.0,53.0
3703,12,University of Ottawa,20,2013,93.0,88.0,57.0
3704,12,University of Ottawa,20,2012,95.0,87.0,59.0
3705,12,University of Ottawa,20,2011,93.0,85.0,54.0
3706,12,University of Ottawa,20,2010,96.0,88.0,64.0
3707,12,University of Ottawa,20,2009,93.0,94.0,63.0
3708,12,University of Ottawa,20,2008,96.0,96.0,58.0
3709,12,University of Ottawa,20,2007,99.0,94.0,56.0
3710,12,University of Ottawa,20,2006,97.0,94.0,60.0
3711,12,University of Ottawa,20,2005,96.0,90.0,58.0
3712,12,University of Ottawa,20,2004,96.0,92.0,57.0
3660,13,Queens University,20,2021,100.0,100.0,83.0
3661,14,Toronto Metropolitan University,20,2021,0.0,0.0,69.0
3662,14,Toronto Metropolitan University,20,2019,0.0,0.0,62.0
3663,14,Toronto Metropolitan University,20,2018,0.0,100.0,63.0
3664,14,Toronto Metropolitan University,20,2017,100.0,0.0,66.0
3665,14,Toronto Metropolitan University,20,2016,100.0,100.0,46.0
3666,14,Toronto Metropolitan University,20,2015,100.0,100.0,54.0
3667,14,Toronto Metropolitan University,20,2014,100.0,50.0,56.0
3668,14,Toronto Metropolitan University,20,2013,0.0,0.0,58.0
3713,15,University of Toronto,20,2021,91.0,95.0,77.0
3714,15,University of Toronto,20,2020,94.0,100.0,77.0
3715,15,University of Toronto,20,2018,90.0,86.0,76.0
3716,15,University of Toronto,20,2017,91.0,82.0,75.0
3717,15,University of Toronto,20,2016,89.0,84.0,74.0
3718,15,University of Toronto,20,2015,88.0,81.0,72.0
3719,15,University of Toronto,20,2014,84.0,77.0,74.0
3720,15,University of Toronto,20,2013,90.0,85.0,74.0
3721,15,University of Toronto,20,2012,86.0,78.0,71.0
3722,15,University of Toronto,20,2011,87.0,83.0,73.0
3723,15,University of Toronto,20,2010,91.0,85.0,79.0
3724,15,University of Toronto,20,2009,87.0,78.0,76.0
3725,15,University of Toronto,20,2008,78.0,76.0,74.0
3726,15,University of Toronto,20,2007,95.0,92.0,74.0
3727,15,University of Toronto,20,2006,89.0,87.0,75.0
3728,15,University of Toronto,20,2005,98.0,90.0,74.0
3729,15,University of Toronto,20,2004,94.0,87.0,74.0
3730,16,University of Waterloo,20,2021,96.0,85.0,82.0
3731,16,University of Waterloo,20,2020,93.0,78.0,76.0
3732,16,University of Waterloo,20,2019,88.0,88.0,76.0
3733,16,University of Waterloo,20,2018,92.0,88.0,74.0
3734,16,University of Waterloo,20,2017,98.0,90.0,75.0
3735,16,University of Waterloo,20,2016,95.0,88.0,76.0
3736,16,University of Waterloo,20,2015,94.0,87.0,75.0
3737,16,University of Waterloo,20,2014,94.0,82.0,77.0
3738,16,University of Waterloo,20,2013,96.0,90.0,75.0
3739,16,University of Waterloo,20,2012,90.0,80.0,74.0
3740,16,University of Waterloo,20,2011,92.0,89.0,72.0
3741,16,University of Waterloo,20,2010,90.0,89.0,78.0
3742,16,University of Waterloo,20,2009,92.0,90.0,73.0
3743,16,University of Waterloo,20,2008,93.0,89.0,71.0
3744,16,University of Waterloo,20,2007,98.0,96.0,74.0
3745,16,University of Waterloo,20,2006,95.0,96.0,73.0
3746,16,University of Waterloo,20,2005,100.0,94.0,71.0
3747,16,University of Waterloo,20,2004,98.0,93.0,71.0
3748,17,University of Windsor,20,2021,92.0,87.0,44.0
3749,17,University of Windsor,20,2017,0.0,0.0,56.0
3750,17,University of Windsor,20,2016,97.0,100.0,46.0
3751,17,University of Windsor,20,2015,96.0,86.0,51.0
3752,17,University of Windsor,20,2014,87.0,83.0,57.0
3753,17,University of Windsor,20,2013,93.0,91.0,53.0
3754,17,University of Windsor,20,2012,94.0,92.0,58.0
3755,17,University of Windsor,20,2011,90.0,88.0,54.0
3756,17,University of Windsor,20,2010,83.0,80.0,58.0
3757,17,University of Windsor,20,2009,89.0,79.0,50.0
3758,17,University of Windsor,20,2008,100.0,100.0,45.0
3759,17,University of Windsor,20,2007,94.0,94.0,43.0
3760,17,University of Windsor,20,2006,92.0,92.0,49.0
3761,17,University of Windsor,20,2005,100.0,100.0,50.0
3762,17,University of Windsor,20,2004,100.0,93.0,56.0
3763,18,Western University,20,2021,100.0,100.0,83.0
3764,18,Western University,20,2020,82.0,88.0,79.0
3765,18,Western University,20,2019,67.0,89.0,83.0
3766,18,Western University,20,2018,100.0,100.0,82.0
3767,18,Western University,20,2017,100.0,100.0,79.0
3768,18,Western University,20,2016,100.0,92.0,81.0
3769,18,Western University,20,2015,100.0,87.0,82.0
3770,18,Western University,20,2014,93.0,75.0,80.0
3771,18,Western University,20,2013,71.0,73.0,76.0
3772,18,Western University,20,2012,81.0,85.0,79.0
3773,18,Western University,20,2011,100.0,92.0,76.0
3774,18,Western University,20,2010,100.0,88.0,85.0
3775,18,Western University,20,2009,91.0,83.0,79.0
3776,18,Western University,20,2008,100.0,93.0,74.0
3777,18,Western University,20,2007,0.0,0.0,74.0
3778,18,Western University,20,2006,0.0,0.0,74.0
3779,18,Western University,20,2005,0.0,0.0,74.0
3780,19,Wilfrid Laurier University ,20,2021,90.0,86.0,53.0
3781,19,Wilfrid Laurier University ,20,2020,95.0,89.0,54.0
3782,19,Wilfrid Laurier University ,20,2019,97.0,94.0,62.0
3783,19,Wilfrid Laurier University ,20,2018,92.0,93.0,57.0
3784,19,Wilfrid Laurier University ,20,2017,97.0,90.0,53.0
3785,19,Wilfrid Laurier University ,20,2016,96.0,90.0,63.0
3786,19,Wilfrid Laurier University ,20,2015,93.0,87.0,70.0
3787,19,Wilfrid Laurier University ,20,2014,93.0,88.0,73.0
3788,19,Wilfrid Laurier University ,20,2013,94.0,89.0,72.0
3789,19,Wilfrid Laurier University ,20,2012,93.0,84.0,73.0
3790,19,Wilfrid Laurier University ,20,2011,95.0,85.0,68.0
3791,19,Wilfrid Laurier University ,20,2010,90.0,86.0,82.0
3792,19,Wilfrid Laurier University ,20,2009,91.0,100.0,77.0
3793,19,Wilfrid Laurier University ,20,2008,82.0,80.0,67.0
3794,19,Wilfrid Laurier University ,20,2007,94.0,87.0,64.0
3795,19,Wilfrid Laurier University ,20,2005,0.0,0.0,58.0
3796,20,York University,20,2021,75.0,67.0,45.0
3797,20,York University,20,2020,0.0,0.0,47.0
3798,20,York University,20,2019,100.0,86.0,51.0
3799,20,York University,20,2018,88.0,86.0,50.0
3800,20,York University,20,2017,88.0,100.0,47.0
3801,20,York University,20,2016,73.0,80.0,51.0
3802,20,York University,20,2015,77.0,69.0,58.0
3803,20,York University,20,2014,91.0,92.0,51.0
3804,20,York University,20,2013,85.0,92.0,52.0
3805,20,York University,20,2012,100.0,88.0,63.0
3806,20,York University,20,2011,75.0,67.0,65.0
3807,20,York University,20,2010,90.0,91.0,64.0
3808,20,York University,20,2009,0.0,0.0,65.0
3809,20,York University,20,2008,96.0,100.0,64.0
3810,20,York University,20,2007,95.0,94.0,40.0
3811,20,York University,20,2006,89.0,85.0,38.0
3812,20,York University,20,2005,96.0,88.0,42.0
3813,20,York University,20,2004,96.0,77.0,56.0
4011,1,Algoma University,21,2008,16.0,0.0,0.0
4012,2,Brock University,21,2021,0.0,0.0,0.0
4015,3,Laurentian University,21,2021,0.0,0.0,0.0
4014,4,Lakehead University,21,2021,0.0,0.0,0.0
4018,5,OCAD University,21,2021,0.0,0.0,0.0
4022,6,Trent University,21,2021,0.0,0.0,0.0
4017,7,Nipissing University,21,2021,0.0,0.0,0.0
4013,8,Carleton University,21,2021,0.0,0.0,0.0
4023,9,University of Guelph,21,2021,0.0,0.0,0.0
4016,10,McMaster University,21,2021,0.0,0.0,0.0
4019,11,Ontario Tech University,21,2021,0.0,0.0,0.0
4024,12,University of Ottawa,21,2021,0.0,0.0,0.0
4020,13,Queens University,21,2021,0.0,0.0,0.0
4021,14,Toronto Metropolitan University,21,2021,0.0,0.0,0.0
4025,15,University of Toronto,21,2021,99.0,100.0,98.0
4026,15,University of Toronto,21,2020,99.0,94.0,96.0
4027,15,University of Toronto,21,2019,99.0,99.0,97.0
4028,15,University of Toronto,21,2018,100.0,98.0,99.0
4029,15,University of Toronto,21,2017,99.0,97.0,96.0
4030,15,University of Toronto,21,2016,99.0,89.0,98.0
4031,15,University of Toronto,21,2015,99.0,98.0,98.0
4032,15,University of Toronto,21,2014,98.0,94.0,97.0
4033,15,University of Toronto,21,2013,98.0,94.0,97.0
4034,15,University of Toronto,21,2012,99.0,94.0,98.0
4035,15,University of Toronto,21,2011,98.0,94.0,99.0
4036,15,University of Toronto,21,2010,100.0,98.0,96.0
4037,15,University of Toronto,21,2009,99.0,99.0,98.0
4038,15,University of Toronto,21,2008,99.0,99.0,98.0
4039,15,University of Toronto,21,2007,98.0,98.0,92.0
4040,15,University of Toronto,21,2006,100.0,100.0,95.0
4041,15,University of Toronto,21,2005,100.0,100.0,95.0
4042,15,University of Toronto,21,2004,100.0,100.0,80.0
4043,16,University of Waterloo,21,2021,100.0,100.0,0.0
4044,16,University of Waterloo,21,2020,100.0,97.0,0.0
4045,16,University of Waterloo,21,2019,100.0,98.0,0.0
4046,16,University of Waterloo,21,2018,100.0,97.0,0.0
4047,16,University of Waterloo,21,2017,100.0,98.0,0.0
4048,16,University of Waterloo,21,2016,96.0,95.0,0.0
4049,16,University of Waterloo,21,2015,100.0,96.0,0.0
4050,16,University of Waterloo,21,2014,100.0,91.0,0.0
4051,16,University of Waterloo,21,2013,100.0,95.0,0.0
4052,16,University of Waterloo,21,2012,98.0,98.0,0.0
4053,16,University of Waterloo,21,2011,96.0,100.0,0.0
4054,17,University of Windsor,21,2021,0.0,0.0,0.0
4055,18,Western University,21,2021,0.0,0.0,0.0
4056,19,Wilfrid Laurier University ,21,2021,0.0,0.0,0.0
4057,20,York University,21,2021,0.0,0.0,0.0
4058,1,Algoma University,22,2013,89.0,100.0,0.0
4059,1,Algoma University,22,2008,15.0,0.0,0.0
4060,2,Brock University,22,2021,100.0,100.0,65.0
4061,2,Brock University,22,2020,0.0,0.0,67.0
4062,2,Brock University,22,2019,0.0,0.0,73.0
4063,2,Brock University,22,2018,100.0,88.0,73.0
4064,2,Brock University,22,2017,92.0,82.0,55.0
4065,2,Brock University,22,2016,100.0,56.0,60.0
4066,2,Brock University,22,2015,100.0,86.0,77.0
4067,2,Brock University,22,2014,100.0,33.0,63.0
4068,2,Brock University,22,2013,88.0,75.0,68.0
4069,2,Brock University,22,2012,100.0,86.0,54.0
4070,2,Brock University,22,2011,100.0,87.0,59.0
4071,2,Brock University,22,2010,80.0,100.0,73.0
4072,2,Brock University,22,2009,83.0,83.0,53.0
4073,2,Brock University,22,2008,100.0,100.0,75.0
4074,2,Brock University,22,2007,0.0,0.0,43.0
4075,2,Brock University,22,2006,100.0,100.0,62.0
4076,2,Brock University,22,2005,0.0,0.0,59.0
4077,2,Brock University,22,2004,0.0,0.0,32.0
4113,3,Laurentian University,22,2021,100.0,100.0,59.0
4114,3,Laurentian University,22,2020,88.0,0.0,76.0
4115,3,Laurentian University,22,2019,0.0,0.0,100.0
4116,3,Laurentian University,22,2018,0.0,0.0,0.0
4117,3,Laurentian University,22,2017,0.0,0.0,100.0
4118,3,Laurentian University,22,2015,83.0,100.0,50.0
4119,3,Laurentian University,22,2014,93.0,100.0,71.0
4120,3,Laurentian University,22,2013,100.0,0.0,75.0
4121,3,Laurentian University,22,2012,100.0,90.0,50.0
4122,3,Laurentian University,22,2011,0.0,0.0,0.0
4123,3,Laurentian University,22,2010,86.0,83.0,0.0
4124,3,Laurentian University,22,2009,83.0,83.0,0.0
4125,3,Laurentian University,22,2008,100.0,0.0,80.0
4126,3,Laurentian University,22,2007,71.0,67.0,86.0
4127,3,Laurentian University,22,2006,0.0,0.0,0.0
4128,3,Laurentian University,22,2005,0.0,0.0,38.0
4129,3,Laurentian University,22,2004,0.0,0.0,59.0
4130,3,Laurentian University,22,2003,100.0,86.0,53.0
4096,4,Lakehead University,22,2021,100.0,100.0,59.0
4097,4,Lakehead University,22,2020,100.0,0.0,68.0
4098,4,Lakehead University,22,2019,0.0,0.0,68.0
4099,4,Lakehead University,22,2018,80.0,100.0,79.0
4100,4,Lakehead University,22,2017,91.0,100.0,66.0
4101,4,Lakehead University,22,2016,100.0,80.0,71.0
4102,4,Lakehead University,22,2015,100.0,89.0,57.0
4103,4,Lakehead University,22,2014,100.0,100.0,65.0
4104,4,Lakehead University,22,2013,100.0,64.0,77.0
4105,4,Lakehead University,22,2012,0.0,0.0,65.0
4106,4,Lakehead University,22,2011,85.0,100.0,79.0
4107,4,Lakehead University,22,2010,89.0,100.0,77.0
4108,4,Lakehead University,22,2009,100.0,100.0,78.0
4109,4,Lakehead University,22,2008,0.0,0.0,88.0
4110,4,Lakehead University,22,2006,100.0,0.0,88.0
4111,4,Lakehead University,22,2005,0.0,0.0,72.0
4112,4,Lakehead University,22,2004,0.0,0.0,71.0
4150,5,OCAD University,22,2021,0.0,0.0,0.0
4202,6,Trent University,22,2021,95.0,86.0,63.0
4203,6,Trent University,22,2020,94.0,87.0,51.0
4204,6,Trent University,22,2019,82.0,76.0,52.0
4205,6,Trent University,22,2018,92.0,83.0,62.0
4206,6,Trent University,22,2017,100.0,100.0,41.0
4207,6,Trent University,22,2016,100.0,89.0,83.0
4208,6,Trent University,22,2015,75.0,75.0,0.0
4209,6,Trent University,22,2014,92.0,100.0,0.0
4210,6,Trent University,22,2013,100.0,100.0,50.0
4211,6,Trent University,22,2012,100.0,0.0,0.0
4212,6,Trent University,22,2011,0.0,0.0,0.0
4213,6,Trent University,22,2010,82.0,80.0,82.0
4214,6,Trent University,22,2009,89.0,89.0,50.0
4215,6,Trent University,22,2008,0.0,0.0,100.0
4216,6,Trent University,22,2007,0.0,0.0,0.0
4217,6,Trent University,22,2006,92.0,100.0,50.0
4218,6,Trent University,22,2005,100.0,100.0,40.0
4219,6,Trent University,22,2004,0.0,0.0,67.0
4149,7,Nipissing University,22,2021,0.0,0.0,0.0
4078,8,Carleton University,22,2021,93.0,92.0,69.0
4079,8,Carleton University,22,2020,87.0,82.0,61.0
4080,8,Carleton University,22,2019,100.0,75.0,73.0
4081,8,Carleton University,22,2018,94.0,70.0,65.0
4082,8,Carleton University,22,2017,88.0,88.0,70.0
4083,8,Carleton University,22,2016,86.0,81.0,64.0
4084,8,Carleton University,22,2015,88.0,86.0,60.0
4085,8,Carleton University,22,2014,91.0,73.0,77.0
4086,8,Carleton University,22,2013,76.0,71.0,69.0
4087,8,Carleton University,22,2012,83.0,91.0,70.0
4088,8,Carleton University,22,2011,90.0,90.0,73.0
4089,8,Carleton University,22,2010,100.0,0.0,73.0
4090,8,Carleton University,22,2009,0.0,0.0,77.0
4091,8,Carleton University,22,2008,0.0,0.0,69.0
4092,8,Carleton University,22,2007,88.0,75.0,78.0
4093,8,Carleton University,22,2006,100.0,100.0,52.0
4094,8,Carleton University,22,2005,0.0,0.0,65.0
4095,8,Carleton University,22,2004,0.0,0.0,52.0
4220,9,University of Guelph,22,2021,100.0,94.0,78.0
4221,9,University of Guelph,22,2020,96.0,71.0,84.0
4222,9,University of Guelph,22,2019,94.0,88.0,80.0
4223,9,University of Guelph,22,2018,100.0,90.0,77.0
4224,9,University of Guelph,22,2017,84.0,75.0,79.0
4225,9,University of Guelph,22,2016,100.0,88.0,74.0
4226,9,University of Guelph,22,2015,83.0,84.0,72.0
4227,9,University of Guelph,22,2014,92.0,81.0,71.0
4228,9,University of Guelph,22,2013,89.0,100.0,74.0
4229,9,University of Guelph,22,2012,96.0,89.0,79.0
4230,9,University of Guelph,22,2011,100.0,95.0,77.0
4231,9,University of Guelph,22,2010,94.0,95.0,81.0
4232,9,University of Guelph,22,2009,91.0,70.0,75.0
4233,9,University of Guelph,22,2008,94.0,94.0,76.0
4234,9,University of Guelph,22,2007,95.0,93.0,79.0
4235,9,University of Guelph,22,2006,92.0,100.0,67.0
4236,9,University of Guelph,22,2005,0.0,0.0,78.0
4237,9,University of Guelph,22,2004,100.0,0.0,71.0
4131,10,McMaster University,22,2021,97.0,91.0,0.0
4132,10,McMaster University,22,2020,97.0,85.0,0.0
4133,10,McMaster University,22,2019,97.0,86.0,0.0
4134,10,McMaster University,22,2018,91.0,96.0,0.0
4135,10,McMaster University,22,2017,100.0,91.0,0.0
4136,10,McMaster University,22,2016,100.0,100.0,0.0
4137,10,McMaster University,22,2015,92.0,94.0,0.0
4138,10,McMaster University,22,2014,93.0,76.0,0.0
4139,10,McMaster University,22,2013,100.0,85.0,0.0
4140,10,McMaster University,22,2012,89.0,87.0,0.0
4141,10,McMaster University,22,2011,91.0,91.0,0.0
4142,10,McMaster University,22,2010,76.0,92.0,0.0
4143,10,McMaster University,22,2009,93.0,91.0,0.0
4144,10,McMaster University,22,2008,92.0,100.0,0.0
4145,10,McMaster University,22,2007,100.0,100.0,0.0
4146,10,McMaster University,22,2006,86.0,0.0,0.0
4147,10,McMaster University,22,2005,100.0,75.0,0.0
4148,10,McMaster University,22,2004,0.0,0.0,0.0
4151,11,Ontario Tech University,22,2021,100.0,89.0,55.0
4152,11,Ontario Tech University,22,2020,100.0,0.0,48.0
4153,11,Ontario Tech University,22,2019,92.0,77.0,51.0
4154,11,Ontario Tech University,22,2018,94.0,79.0,42.0
4155,11,Ontario Tech University,22,2017,100.0,100.0,43.0
4156,11,Ontario Tech University,22,2016,71.0,100.0,54.0
4157,11,Ontario Tech University,22,2015,100.0,100.0,46.0
4158,11,Ontario Tech University,22,2014,100.0,100.0,44.0
4159,11,Ontario Tech University,22,2013,88.0,75.0,56.0
4160,11,Ontario Tech University,22,2012,0.0,0.0,59.0
4161,11,Ontario Tech University,22,2011,100.0,0.0,62.0
4162,11,Ontario Tech University,22,2010,89.0,100.0,0.0
4163,11,Ontario Tech University,22,2009,88.0,75.0,0.0
4164,11,Ontario Tech University,22,2008,0.0,0.0,0.0
4165,11,Ontario Tech University,22,2007,0.0,0.0,0.0
4238,12,University of Ottawa,22,2021,89.0,85.0,64.0
4239,12,University of Ottawa,22,2020,90.0,82.0,75.0
4240,12,University of Ottawa,22,2019,100.0,95.0,65.0
4241,12,University of Ottawa,22,2018,94.0,93.0,58.0
4242,12,University of Ottawa,22,2017,100.0,95.0,65.0
4243,12,University of Ottawa,22,2016,84.0,80.0,66.0
4244,12,University of Ottawa,22,2015,96.0,88.0,67.0
4245,12,University of Ottawa,22,2014,96.0,90.0,73.0
4246,12,University of Ottawa,22,2013,93.0,69.0,73.0
4247,12,University of Ottawa,22,2012,91.0,97.0,65.0
4248,12,University of Ottawa,22,2011,74.0,63.0,68.0
4249,12,University of Ottawa,22,2010,94.0,84.0,68.0
4250,12,University of Ottawa,22,2009,94.0,93.0,70.0
4251,12,University of Ottawa,22,2008,90.0,90.0,80.0
4252,12,University of Ottawa,22,2007,100.0,91.0,70.0
4253,12,University of Ottawa,22,2006,100.0,100.0,73.0
4254,12,University of Ottawa,22,2005,0.0,0.0,67.0
4255,12,University of Ottawa,22,2004,0.0,0.0,64.0
4166,13,Queens University,22,2021,89.0,88.0,100.0
4167,13,Queens University,22,2020,100.0,91.0,0.0
4168,13,Queens University,22,2019,94.0,100.0,0.0
4169,13,Queens University,22,2018,87.0,88.0,0.0
4170,13,Queens University,22,2017,93.0,82.0,0.0
4171,13,Queens University,22,2016,95.0,88.0,0.0
4172,13,Queens University,22,2015,93.0,76.0,0.0
4173,13,Queens University,22,2014,95.0,91.0,0.0
4174,13,Queens University,22,2013,94.0,77.0,0.0
4175,13,Queens University,22,2012,100.0,90.0,90.0
4176,13,Queens University,22,2011,94.0,97.0,81.0
4177,13,Queens University,22,2010,91.0,100.0,92.0
4178,13,Queens University,22,2009,92.0,88.0,96.0
4179,13,Queens University,22,2008,100.0,95.0,93.0
4180,13,Queens University,22,2007,100.0,75.0,93.0
4181,13,Queens University,22,2006,0.0,0.0,80.0
4182,13,Queens University,22,2005,100.0,86.0,80.0
4183,13,Queens University,22,2004,0.0,0.0,83.0
4184,14,Toronto Metropolitan University,22,2021,100.0,60.0,67.0
4185,14,Toronto Metropolitan University,22,2020,86.0,0.0,56.0
4186,14,Toronto Metropolitan University,22,2019,100.0,86.0,51.0
4187,14,Toronto Metropolitan University,22,2018,100.0,100.0,67.0
4188,14,Toronto Metropolitan University,22,2017,89.0,100.0,48.0
4189,14,Toronto Metropolitan University,22,2016,83.0,33.0,51.0
4190,14,Toronto Metropolitan University,22,2015,100.0,80.0,58.0
4191,14,Toronto Metropolitan University,22,2014,100.0,86.0,45.0
4192,14,Toronto Metropolitan University,22,2013,100.0,75.0,65.0
4193,14,Toronto Metropolitan University,22,2012,0.0,0.0,63.0
4194,14,Toronto Metropolitan University,22,2011,0.0,0.0,60.0
4195,14,Toronto Metropolitan University,22,2010,61.0,34.0,56.0
4196,14,Toronto Metropolitan University,22,2009,88.0,100.0,58.0
4197,14,Toronto Metropolitan University,22,2008,86.0,100.0,65.0
4198,14,Toronto Metropolitan University,22,2007,0.0,0.0,66.0
4199,14,Toronto Metropolitan University,22,2006,92.0,100.0,55.0
4200,14,Toronto Metropolitan University,22,2005,0.0,0.0,60.0
4201,14,Toronto Metropolitan University,22,2004,0.0,0.0,55.0
4256,15,University of Toronto,22,2021,92.0,84.0,0.0
4257,15,University of Toronto,22,2020,92.0,82.0,0.0
4258,15,University of Toronto,22,2019,98.0,89.0,0.0
4259,15,University of Toronto,22,2017,89.0,89.0,0.0
4260,15,University of Toronto,22,2016,84.0,85.0,50.0
4261,15,University of Toronto,22,2015,91.0,83.0,100.0
4262,15,University of Toronto,22,2014,94.0,80.0,74.0
4263,15,University of Toronto,22,2013,86.0,89.0,60.0
4264,15,University of Toronto,22,2012,89.0,78.0,47.0
4265,15,University of Toronto,22,2011,88.0,73.0,64.0
4266,15,University of Toronto,22,2010,95.0,69.0,76.0
4267,15,University of Toronto,22,2009,97.0,74.0,86.0
4268,15,University of Toronto,22,2008,95.0,88.0,80.0
4269,15,University of Toronto,22,2007,95.0,86.0,71.0
4270,15,University of Toronto,22,2006,94.0,92.0,0.0
4271,15,University of Toronto,22,2005,83.0,91.0,0.0
4272,15,University of Toronto,22,2004,95.0,95.0,0.0
4273,16,University of Waterloo,22,2021,95.0,91.0,75.0
4274,16,University of Waterloo,22,2020,95.0,85.0,75.0
4275,16,University of Waterloo,22,2019,100.0,75.0,74.0
4276,16,University of Waterloo,22,2018,91.0,84.0,77.0
4277,16,University of Waterloo,22,2017,93.0,86.0,72.0
4278,16,University of Waterloo,22,2016,89.0,89.0,74.0
4279,16,University of Waterloo,22,2015,93.0,100.0,74.0
4280,16,University of Waterloo,22,2014,82.0,67.0,76.0
4281,16,University of Waterloo,22,2013,86.0,84.0,67.0
4282,16,University of Waterloo,22,2012,90.0,71.0,69.0
4283,16,University of Waterloo,22,2011,89.0,87.0,0.0
4284,16,University of Waterloo,22,2010,88.0,84.0,72.0
4285,16,University of Waterloo,22,2009,89.0,88.0,67.0
4286,16,University of Waterloo,22,2008,94.0,94.0,72.0
4287,16,University of Waterloo,22,2007,85.0,83.0,69.0
4288,16,University of Waterloo,22,2006,100.0,88.0,82.0
4289,16,University of Waterloo,22,2005,0.0,0.0,64.0
4290,16,University of Waterloo,22,2004,100.0,100.0,65.0
4291,17,University of Windsor,22,2021,100.0,100.0,79.0
4292,17,University of Windsor,22,2020,92.0,89.0,77.0
4293,17,University of Windsor,22,2019,91.0,100.0,78.0
4294,17,University of Windsor,22,2018,100.0,86.0,81.0
4295,17,University of Windsor,22,2017,100.0,86.0,71.0
4296,17,University of Windsor,22,2016,100.0,86.0,79.0
4297,17,University of Windsor,22,2015,93.0,100.0,74.0
4298,17,University of Windsor,22,2014,100.0,50.0,76.0
4299,17,University of Windsor,22,2013,0.0,0.0,70.0
4300,17,University of Windsor,22,2012,91.0,91.0,89.0
4301,17,University of Windsor,22,2011,89.0,78.0,70.0
4302,17,University of Windsor,22,2010,0.0,80.0,83.0
4303,17,University of Windsor,22,2009,0.0,0.0,67.0
4304,17,University of Windsor,22,2008,0.0,0.0,65.0
4305,17,University of Windsor,22,2007,89.0,88.0,63.0
4306,17,University of Windsor,22,2006,0.0,0.0,57.0
4307,17,University of Windsor,22,2005,0.0,0.0,68.0
4308,17,University of Windsor,22,2004,0.0,0.0,59.0
4309,18,Western University,22,2021,86.0,92.0,0.0
4310,18,Western University,22,2020,96.0,84.0,0.0
4311,18,Western University,22,2019,96.0,86.0,0.0
4312,18,Western University,22,2018,90.0,86.0,0.0
4313,18,Western University,22,2017,91.0,92.0,0.0
4314,18,Western University,22,2016,92.0,94.0,0.0
4315,18,Western University,22,2015,95.0,100.0,0.0
4316,18,Western University,22,2014,96.0,93.0,0.0
4317,18,Western University,22,2013,86.0,85.0,0.0
4318,18,Western University,22,2012,82.0,82.0,0.0
4319,18,Western University,22,2011,100.0,85.0,0.0
4320,18,Western University,22,2010,93.0,92.0,0.0
4321,18,Western University,22,2009,88.0,84.0,0.0
4322,18,Western University,22,2008,100.0,86.0,0.0
4323,18,Western University,22,2007,0.0,0.0,0.0
4324,18,Western University,22,2006,0.0,0.0,0.0
4325,18,Western University,22,2005,100.0,0.0,0.0
4326,18,Western University,22,2004,0.0,0.0,0.0
4327,19,Wilfrid Laurier University ,22,2021,80.0,50.0,59.0
4328,19,Wilfrid Laurier University ,22,2020,100.0,89.0,62.0
4329,19,Wilfrid Laurier University ,22,2019,0.0,0.0,58.0
4330,19,Wilfrid Laurier University ,22,2018,100.0,100.0,73.0
4331,19,Wilfrid Laurier University ,22,2017,100.0,100.0,61.0
4332,19,Wilfrid Laurier University ,22,2016,100.0,80.0,69.0
4333,19,Wilfrid Laurier University ,22,2015,88.0,100.0,65.0
4334,19,Wilfrid Laurier University ,22,2014,100.0,100.0,57.0
4335,19,Wilfrid Laurier University ,22,2013,100.0,0.0,72.0
4336,19,Wilfrid Laurier University ,22,2012,92.0,0.0,65.0
4337,19,Wilfrid Laurier University ,22,2011,100.0,100.0,62.0
4338,19,Wilfrid Laurier University ,22,2010,100.0,75.0,68.0
4339,19,Wilfrid Laurier University ,22,2009,100.0,80.0,0.0
4340,19,Wilfrid Laurier University ,22,2008,0.0,0.0,73.0
4341,19,Wilfrid Laurier University ,22,2007,0.0,0.0,0.0
4342,19,Wilfrid Laurier University ,22,2006,0.0,0.0,60.0
4343,19,Wilfrid Laurier University ,22,2005,0.0,0.0,100.0
4344,20,York University,22,2021,93.0,62.0,62.0
4345,20,York University,22,2020,100.0,74.0,49.0
4346,20,York University,22,2019,100.0,79.0,51.0
4347,20,York University,22,2018,89.0,78.0,59.0
4348,20,York University,22,2017,92.0,80.0,61.0
4349,20,York University,22,2016,90.0,88.0,56.0
4350,20,York University,22,2015,96.0,81.0,47.0
4351,20,York University,22,2014,84.0,66.0,60.0
4352,20,York University,22,2013,81.0,60.0,62.0
4353,20,York University,22,2012,81.0,69.0,52.0
4354,20,York University,22,2011,82.0,71.0,62.0
4355,20,York University,22,2010,88.0,88.0,65.0
4356,20,York University,22,2009,82.0,71.0,62.0
4357,20,York University,22,2008,90.0,100.0,62.0
4358,20,York University,22,2007,100.0,92.0,62.0
4359,20,York University,22,2006,91.0,91.0,56.0
4360,20,York University,22,2005,0.0,0.0,58.0
4361,20,York University,22,2004,0.0,0.0,68.0
4362,1,Algoma University,23,2013,95.0,89.0,0.0
4363,2,Brock University,23,2021,98.0,93.0,69.0
4364,2,Brock University,23,2020,96.0,90.0,68.0
4365,2,Brock University,23,2019,95.0,92.0,67.0
4366,2,Brock University,23,2018,92.0,89.0,69.0
4367,2,Brock University,23,2017,96.0,97.0,69.0
4368,2,Brock University,23,2016,96.0,93.0,66.0
4369,2,Brock University,23,2015,98.0,93.0,67.0
4370,2,Brock University,23,2014,97.0,95.0,69.0
4371,2,Brock University,23,2013,96.0,92.0,67.0
4372,2,Brock University,23,2012,92.0,91.0,71.0
4373,2,Brock University,23,2011,95.0,90.0,72.0
4374,2,Brock University,23,2010,90.0,88.0,75.0
4375,2,Brock University,23,2009,91.0,92.0,77.0
4376,2,Brock University,23,2008,93.0,92.0,77.0
4377,2,Brock University,23,2007,93.0,92.0,75.0
4378,2,Brock University,23,2006,96.0,96.0,72.0
4379,2,Brock University,23,2005,96.0,96.0,66.0
4380,2,Brock University,23,2004,97.0,96.0,71.0
4417,3,Laurentian University,23,2021,95.0,92.0,62.0
4418,3,Laurentian University,23,2020,98.0,95.0,59.0
4419,3,Laurentian University,23,2019,92.0,91.0,62.0
4420,3,Laurentian University,23,2018,96.0,94.0,0.0
4421,3,Laurentian University,23,2017,99.0,95.0,58.0
4422,3,Laurentian University,23,2016,95.0,90.0,51.0
4423,3,Laurentian University,23,2015,95.0,88.0,52.0
4424,3,Laurentian University,23,2014,94.0,89.0,50.0
4425,3,Laurentian University,23,2013,92.0,87.0,46.0
4426,3,Laurentian University,23,2012,97.0,92.0,58.0
4427,3,Laurentian University,23,2011,96.0,91.0,60.0
4428,3,Laurentian University,23,2010,89.0,90.0,74.0
4429,3,Laurentian University,23,2009,94.0,90.0,62.0
4430,3,Laurentian University,23,2008,95.0,95.0,59.0
4431,3,Laurentian University,23,2007,94.0,94.0,51.0
4432,3,Laurentian University,23,2006,95.0,90.0,54.0
4433,3,Laurentian University,23,2005,96.0,94.0,58.0
4434,3,Laurentian University,23,2004,98.0,89.0,55.0
4435,3,Laurentian University,23,2003,91.0,91.0,56.0
4399,4,Lakehead University,23,2021,95.0,92.0,62.0
4400,4,Lakehead University,23,2020,96.0,87.0,66.0
4401,4,Lakehead University,23,2019,96.0,94.0,59.0
4402,4,Lakehead University,23,2018,94.0,92.0,61.0
4403,4,Lakehead University,23,2017,99.0,95.0,64.0
4404,4,Lakehead University,23,2016,95.0,93.0,67.0
4405,4,Lakehead University,23,2015,95.0,89.0,63.0
4406,4,Lakehead University,23,2014,95.0,91.0,66.0
4407,4,Lakehead University,23,2013,92.0,90.0,67.0
4408,4,Lakehead University,23,2012,94.0,87.0,75.0
4409,4,Lakehead University,23,2011,91.0,88.0,70.0
4410,4,Lakehead University,23,2010,96.0,91.0,73.0
4411,4,Lakehead University,23,2009,96.0,81.0,75.0
4412,4,Lakehead University,23,2008,97.0,98.0,73.0
4413,4,Lakehead University,23,2007,94.0,92.0,72.0
4414,4,Lakehead University,23,2006,95.0,94.0,70.0
4415,4,Lakehead University,23,2005,94.0,89.0,62.0
4416,4,Lakehead University,23,2004,96.0,75.0,54.0
4472,5,OCAD University,23,2021,0.0,0.0,0.0
4524,6,Trent University,23,2021,95.0,89.0,66.0
4525,6,Trent University,23,2020,95.0,86.0,62.0
4526,6,Trent University,23,2019,96.0,94.0,56.0
4527,6,Trent University,23,2018,90.0,91.0,57.0
4528,6,Trent University,23,2017,95.0,90.0,60.0
4529,6,Trent University,23,2016,96.0,90.0,72.0
4530,6,Trent University,23,2015,92.0,88.0,62.0
4531,6,Trent University,23,2014,90.0,88.0,83.0
4532,6,Trent University,23,2013,94.0,85.0,69.0
4533,6,Trent University,23,2012,95.0,90.0,58.0
4534,6,Trent University,23,2011,93.0,91.0,88.0
4535,6,Trent University,23,2010,93.0,89.0,83.0
4536,6,Trent University,23,2009,86.0,80.0,67.0
4537,6,Trent University,23,2008,92.0,92.0,61.0
4538,6,Trent University,23,2007,95.0,93.0,64.0
4539,6,Trent University,23,2006,97.0,93.0,58.0
4540,6,Trent University,23,2005,93.0,99.0,66.0
4541,6,Trent University,23,2004,91.0,92.0,64.0
4454,7,Nipissing University,23,2021,99.0,95.0,72.0
4455,7,Nipissing University,23,2020,93.0,94.0,70.0
4456,7,Nipissing University,23,2019,97.0,97.0,68.0
4457,7,Nipissing University,23,2018,97.0,89.0,65.0
4458,7,Nipissing University,23,2017,97.0,96.0,69.0
4459,7,Nipissing University,23,2016,92.0,93.0,73.0
4460,7,Nipissing University,23,2015,98.0,92.0,70.0
4461,7,Nipissing University,23,2014,94.0,86.0,74.0
4462,7,Nipissing University,23,2013,95.0,96.0,73.0
4463,7,Nipissing University,23,2012,91.0,86.0,75.0
4464,7,Nipissing University,23,2011,93.0,87.0,79.0
4465,7,Nipissing University,23,2010,93.0,92.0,78.0
4466,7,Nipissing University,23,2009,89.0,90.0,86.0
4467,7,Nipissing University,23,2008,95.0,87.0,77.0
4468,7,Nipissing University,23,2007,94.0,93.0,67.0
4469,7,Nipissing University,23,2006,96.0,88.0,67.0
4470,7,Nipissing University,23,2005,100.0,92.0,88.0
4471,7,Nipissing University,23,2004,95.0,94.0,94.0
4381,8,Carleton University,23,2021,93.0,90.0,68.0
4382,8,Carleton University,23,2020,95.0,89.0,70.0
4383,8,Carleton University,23,2019,94.0,92.0,68.0
4384,8,Carleton University,23,2018,93.0,92.0,66.0
4385,8,Carleton University,23,2017,95.0,91.0,66.0
4386,8,Carleton University,23,2016,95.0,89.0,67.0
4387,8,Carleton University,23,2015,94.0,87.0,70.0
4388,8,Carleton University,23,2014,94.0,87.0,67.0
4389,8,Carleton University,23,2013,91.0,86.0,67.0
4390,8,Carleton University,23,2012,93.0,89.0,68.0
4391,8,Carleton University,23,2011,91.0,87.0,70.0
4392,8,Carleton University,23,2010,90.0,85.0,73.0
4393,8,Carleton University,23,2009,93.0,85.0,70.0
4394,8,Carleton University,23,2008,95.0,94.0,70.0
4395,8,Carleton University,23,2007,94.0,92.0,66.0
4396,8,Carleton University,23,2006,96.0,93.0,56.0
4397,8,Carleton University,23,2005,95.0,92.0,59.0
4398,8,Carleton University,23,2004,94.0,92.0,57.0
4542,9,University of Guelph,23,2021,96.0,90.0,79.0
4543,9,University of Guelph,23,2020,95.0,87.0,79.0
4544,9,University of Guelph,23,2019,90.0,95.0,77.0
4545,9,University of Guelph,23,2018,90.0,87.0,79.0
4546,9,University of Guelph,23,2017,95.0,92.0,76.0
4547,9,University of Guelph,23,2016,95.0,93.0,78.0
4548,9,University of Guelph,23,2015,96.0,90.0,77.0
4549,9,University of Guelph,23,2014,96.0,90.0,75.0
4550,9,University of Guelph,23,2013,95.0,89.0,76.0
4551,9,University of Guelph,23,2012,95.0,87.0,78.0
4552,9,University of Guelph,23,2011,92.0,90.0,77.0
4553,9,University of Guelph,23,2010,93.0,82.0,83.0
4554,9,University of Guelph,23,2009,92.0,87.0,79.0
4555,9,University of Guelph,23,2008,92.0,91.0,80.0
4556,9,University of Guelph,23,2007,95.0,97.0,76.0
4557,9,University of Guelph,23,2006,95.0,95.0,75.0
4558,9,University of Guelph,23,2005,98.0,90.0,76.0
4559,9,University of Guelph,23,2004,94.0,92.0,76.0
4436,10,McMaster University,23,2021,91.0,90.0,91.0
4437,10,McMaster University,23,2020,93.0,83.0,87.0
4438,10,McMaster University,23,2019,95.0,88.0,77.0
4439,10,McMaster University,23,2018,91.0,93.0,79.0
4440,10,McMaster University,23,2017,94.0,88.0,81.0
4441,10,McMaster University,23,2016,94.0,86.0,78.0
4442,10,McMaster University,23,2015,93.0,90.0,86.0
4443,10,McMaster University,23,2014,91.0,87.0,0.0
4444,10,McMaster University,23,2013,95.0,89.0,0.0
4445,10,McMaster University,23,2012,92.0,87.0,0.0
4446,10,McMaster University,23,2011,89.0,90.0,0.0
4447,10,McMaster University,23,2010,93.0,88.0,0.0
4448,10,McMaster University,23,2009,90.0,87.0,0.0
4449,10,McMaster University,23,2008,89.0,91.0,0.0
4450,10,McMaster University,23,2007,94.0,92.0,0.0
4451,10,McMaster University,23,2006,95.0,91.0,0.0
4452,10,McMaster University,23,2005,94.0,96.0,0.0
4453,10,McMaster University,23,2004,97.0,91.0,0.0
4473,11,Ontario Tech University,23,2021,95.0,85.0,66.0
4474,11,Ontario Tech University,23,2020,92.0,86.0,58.0
4475,11,Ontario Tech University,23,2019,92.0,88.0,65.0
4476,11,Ontario Tech University,23,2018,87.0,85.0,66.0
4477,11,Ontario Tech University,23,2017,95.0,88.0,65.0
4478,11,Ontario Tech University,23,2016,92.0,84.0,68.0
4479,11,Ontario Tech University,23,2015,90.0,81.0,73.0
4480,11,Ontario Tech University,23,2014,90.0,81.0,63.0
4481,11,Ontario Tech University,23,2013,91.0,80.0,66.0
4482,11,Ontario Tech University,23,2012,92.0,80.0,61.0
4483,11,Ontario Tech University,23,2011,96.0,83.0,62.0
4484,11,Ontario Tech University,23,2010,84.0,76.0,65.0
4485,11,Ontario Tech University,23,2009,93.0,84.0,0.0
4486,11,Ontario Tech University,23,2008,90.0,85.0,0.0
4487,11,Ontario Tech University,23,2007,96.0,90.0,0.0
4560,12,University of Ottawa,23,2021,94.0,92.0,69.0
4561,12,University of Ottawa,23,2020,96.0,90.0,70.0
4562,12,University of Ottawa,23,2019,96.0,92.0,69.0
4563,12,University of Ottawa,23,2018,94.0,94.0,67.0
4564,12,University of Ottawa,23,2017,96.0,93.0,67.0
4565,12,University of Ottawa,23,2016,97.0,92.0,69.0
4566,12,University of Ottawa,23,2015,94.0,88.0,68.0
4567,12,University of Ottawa,23,2014,95.0,89.0,68.0
4568,12,University of Ottawa,23,2013,94.0,87.0,69.0
4569,12,University of Ottawa,23,2012,94.0,91.0,70.0
4570,12,University of Ottawa,23,2011,91.0,88.0,68.0
4571,12,University of Ottawa,23,2010,90.0,86.0,75.0
4572,12,University of Ottawa,23,2009,92.0,86.0,73.0
4573,12,University of Ottawa,23,2008,94.0,95.0,72.0
4574,12,University of Ottawa,23,2007,97.0,97.0,70.0
4575,12,University of Ottawa,23,2006,96.0,96.0,68.0
4576,12,University of Ottawa,23,2005,100.0,92.0,64.0
4577,12,University of Ottawa,23,2004,92.0,93.0,65.0
4488,13,Queens University,23,2021,95.0,93.0,50.0
4489,13,Queens University,23,2020,96.0,92.0,71.0
4490,13,Queens University,23,2019,95.0,92.0,0.0
4491,13,Queens University,23,2018,90.0,93.0,0.0
4492,13,Queens University,23,2017,97.0,85.0,0.0
4493,13,Queens University,23,2016,94.0,90.0,50.0
4494,13,Queens University,23,2015,95.0,91.0,100.0
4495,13,Queens University,23,2014,92.0,91.0,0.0
4496,13,Queens University,23,2013,94.0,87.0,100.0
4497,13,Queens University,23,2012,95.0,92.0,81.0
4498,13,Queens University,23,2011,92.0,87.0,85.0
4499,13,Queens University,23,2010,92.0,88.0,88.0
4500,13,Queens University,23,2009,91.0,87.0,87.0
4501,13,Queens University,23,2008,99.0,92.0,86.0
4502,13,Queens University,23,2007,98.0,96.0,82.0
4503,13,Queens University,23,2006,96.0,96.0,84.0
4504,13,Queens University,23,2005,98.0,96.0,81.0
4505,13,Queens University,23,2004,97.0,93.0,83.0
4506,14,Toronto Metropolitan University,23,2021,93.0,87.0,71.0
4507,14,Toronto Metropolitan University,23,2020,93.0,79.0,70.0
4508,14,Toronto Metropolitan University,23,2019,94.0,88.0,69.0
4509,14,Toronto Metropolitan University,23,2018,90.0,91.0,70.0
4510,14,Toronto Metropolitan University,23,2017,95.0,87.0,66.0
4511,14,Toronto Metropolitan University,23,2016,96.0,91.0,67.0
4512,14,Toronto Metropolitan University,23,2015,94.0,90.0,67.0
4513,14,Toronto Metropolitan University,23,2014,93.0,89.0,69.0
4514,14,Toronto Metropolitan University,23,2013,92.0,83.0,67.0
4515,14,Toronto Metropolitan University,23,2012,93.0,84.0,62.0
4516,14,Toronto Metropolitan University,23,2011,91.0,86.0,69.0
4517,14,Toronto Metropolitan University,23,2010,91.0,86.0,71.0
4518,14,Toronto Metropolitan University,23,2009,95.0,90.0,70.0
4519,14,Toronto Metropolitan University,23,2008,93.0,87.0,73.0
4520,14,Toronto Metropolitan University,23,2007,96.0,94.0,60.0
4521,14,Toronto Metropolitan University,23,2006,97.0,93.0,65.0
4522,14,Toronto Metropolitan University,23,2005,99.0,96.0,68.0
4523,14,Toronto Metropolitan University,23,2004,99.0,97.0,61.0
4578,15,University of Toronto,23,2021,92.0,85.0,0.0
4579,15,University of Toronto,23,2020,95.0,80.0,33.0
4580,15,University of Toronto,23,2019,89.0,83.0,69.0
4581,15,University of Toronto,23,2018,86.0,84.0,75.0
4582,15,University of Toronto,23,2017,93.0,85.0,75.0
4583,15,University of Toronto,23,2016,93.0,87.0,78.0
4584,15,University of Toronto,23,2015,93.0,85.0,72.0
4585,15,University of Toronto,23,2014,90.0,82.0,74.0
4586,15,University of Toronto,23,2013,91.0,83.0,80.0
4587,15,University of Toronto,23,2012,90.0,82.0,72.0
4588,15,University of Toronto,23,2011,91.0,80.0,80.0
4589,15,University of Toronto,23,2010,87.0,78.0,81.0
4590,15,University of Toronto,23,2009,89.0,84.0,83.0
4591,15,University of Toronto,23,2008,90.0,84.0,74.0
4592,15,University of Toronto,23,2007,91.0,90.0,81.0
4593,15,University of Toronto,23,2006,96.0,94.0,0.0
4594,15,University of Toronto,23,2005,97.0,92.0,92.0
4595,15,University of Toronto,23,2004,96.0,88.0,78.0
4596,16,University of Waterloo,23,2021,94.0,91.0,81.0
4597,16,University of Waterloo,23,2020,96.0,82.0,80.0
4598,16,University of Waterloo,23,2019,91.0,91.0,85.0
4599,16,University of Waterloo,23,2018,92.0,89.0,81.0
4600,16,University of Waterloo,23,2017,98.0,95.0,78.0
4601,16,University of Waterloo,23,2016,95.0,86.0,84.0
4602,16,University of Waterloo,23,2015,93.0,88.0,84.0
4603,16,University of Waterloo,23,2014,94.0,85.0,78.0
4604,16,University of Waterloo,23,2013,94.0,83.0,78.0
4605,16,University of Waterloo,23,2012,93.0,84.0,83.0
4606,16,University of Waterloo,23,2011,93.0,85.0,74.0
4607,16,University of Waterloo,23,2010,91.0,82.0,83.0
4608,16,University of Waterloo,23,2009,92.0,86.0,78.0
4609,16,University of Waterloo,23,2008,92.0,90.0,83.0
4610,16,University of Waterloo,23,2007,95.0,91.0,79.0
4611,16,University of Waterloo,23,2006,95.0,93.0,80.0
4612,16,University of Waterloo,23,2005,97.0,96.0,78.0
4613,16,University of Waterloo,23,2004,96.0,92.0,80.0
4614,17,University of Windsor,23,2021,92.0,89.0,67.0
4615,17,University of Windsor,23,2020,95.0,83.0,63.0
4616,17,University of Windsor,23,2019,91.0,89.0,58.0
4617,17,University of Windsor,23,2018,95.0,86.0,59.0
4618,17,University of Windsor,23,2017,94.0,87.0,62.0
4619,17,University of Windsor,23,2016,96.0,88.0,65.0
4620,17,University of Windsor,23,2015,93.0,84.0,66.0
4621,17,University of Windsor,23,2014,96.0,86.0,58.0
4622,17,University of Windsor,23,2013,91.0,81.0,62.0
4623,17,University of Windsor,23,2012,86.0,86.0,62.0
4624,17,University of Windsor,23,2011,92.0,81.0,62.0
4625,17,University of Windsor,23,2010,87.0,82.0,68.0
4626,17,University of Windsor,23,2009,86.0,83.0,68.0
4627,17,University of Windsor,23,2008,90.0,91.0,63.0
4628,17,University of Windsor,23,2007,94.0,90.0,61.0
4629,17,University of Windsor,23,2006,94.0,94.0,63.0
4630,17,University of Windsor,23,2005,93.0,91.0,62.0
4631,17,University of Windsor,23,2004,95.0,90.0,67.0
4632,18,Western University,23,2021,97.0,87.0,0.0
4633,18,Western University,23,2020,95.0,84.0,0.0
4634,18,Western University,23,2019,93.0,89.0,0.0
4635,18,Western University,23,2018,92.0,90.0,0.0
4636,18,Western University,23,2017,96.0,91.0,0.0
4637,18,Western University,23,2016,96.0,94.0,0.0
4638,18,Western University,23,2015,94.0,89.0,0.0
4639,18,Western University,23,2014,94.0,85.0,0.0
4640,18,Western University,23,2013,94.0,89.0,0.0
4641,18,Western University,23,2012,91.0,87.0,0.0
4642,18,Western University,23,2011,94.0,88.0,0.0
4643,18,Western University,23,2010,92.0,83.0,0.0
4644,18,Western University,23,2009,91.0,86.0,90.0
4645,18,Western University,23,2008,96.0,90.0,98.0
4646,18,Western University,23,2007,95.0,97.0,85.0
4647,18,Western University,23,2006,97.0,97.0,82.0
4648,18,Western University,23,2005,95.0,94.0,0.0
4649,18,Western University,23,2004,98.0,98.0,0.0
4650,19,Wilfrid Laurier University ,23,2021,94.0,89.0,69.0
4651,19,Wilfrid Laurier University ,23,2020,96.0,88.0,70.0
4652,19,Wilfrid Laurier University ,23,2019,94.0,90.0,68.0
4653,19,Wilfrid Laurier University ,23,2018,92.0,91.0,71.0
4654,19,Wilfrid Laurier University ,23,2017,96.0,93.0,69.0
4655,19,Wilfrid Laurier University ,23,2016,96.0,93.0,70.0
4656,19,Wilfrid Laurier University ,23,2015,95.0,89.0,71.0
4657,19,Wilfrid Laurier University ,23,2014,93.0,88.0,72.0
4658,19,Wilfrid Laurier University ,23,2013,94.0,87.0,72.0
4659,19,Wilfrid Laurier University ,23,2012,93.0,90.0,72.0
4660,19,Wilfrid Laurier University ,23,2011,94.0,90.0,71.0
4661,19,Wilfrid Laurier University ,23,2010,91.0,85.0,81.0
4662,19,Wilfrid Laurier University ,23,2009,94.0,89.0,78.0
4663,19,Wilfrid Laurier University ,23,2008,94.0,88.0,77.0
4664,19,Wilfrid Laurier University ,23,2007,95.0,95.0,76.0
4665,19,Wilfrid Laurier University ,23,2006,97.0,97.0,78.0
4666,19,Wilfrid Laurier University ,23,2005,98.0,98.0,79.0
4667,19,Wilfrid Laurier University ,23,2004,95.0,90.0,77.0
4668,20,York University,23,2021,90.0,83.0,66.0
4669,20,York University,23,2020,91.0,79.0,62.0
4670,20,York University,23,2019,91.0,83.0,63.0
4671,20,York University,23,2018,87.0,86.0,64.0
4672,20,York University,23,2017,92.0,84.0,65.0
4673,20,York University,23,2016,91.0,84.0,64.0
4674,20,York University,23,2015,92.0,80.0,65.0
4675,20,York University,23,2014,88.0,81.0,68.0
4676,20,York University,23,2013,90.0,81.0,70.0
4677,20,York University,23,2012,87.0,81.0,70.0
4678,20,York University,23,2011,91.0,86.0,69.0
4679,20,York University,23,2010,87.0,82.0,75.0
4680,20,York University,23,2009,91.0,86.0,69.0
4681,20,York University,23,2008,90.0,87.0,69.0
4682,20,York University,23,2007,95.0,90.0,69.0
4683,20,York University,23,2006,93.0,91.0,63.0
4684,20,York University,23,2005,96.0,90.0,66.0
4685,20,York University,23,2004,94.0,92.0,67.0
4686,2,Brock University,24,2021,0.0,0.0,0.0
4689,3,Laurentian University,24,2021,0.0,0.0,0.0
4690,3,Laurentian University,24,2017,0.0,0.0,0.0
4691,3,Laurentian University,24,2003,75.0,100.0,0.0
4688,4,Lakehead University,24,2021,0.0,0.0,0.0
4711,5,OCAD University,24,2021,0.0,0.0,0.0
4715,6,Trent University,24,2021,0.0,0.0,0.0
4710,7,Nipissing University,24,2021,0.0,0.0,0.0
4687,8,Carleton University,24,2021,0.0,0.0,0.0
4716,9,University of Guelph,24,2021,0.0,0.0,0.0
4692,10,McMaster University,24,2021,75.0,75.0,0.0
4693,10,McMaster University,24,2020,0.0,0.0,0.0
4694,10,McMaster University,24,2019,0.0,0.0,0.0
4695,10,McMaster University,24,2018,100.0,100.0,0.0
4696,10,McMaster University,24,2017,100.0,100.0,0.0
4697,10,McMaster University,24,2016,100.0,75.0,0.0
4698,10,McMaster University,24,2015,90.0,82.0,0.0
4699,10,McMaster University,24,2014,100.0,100.0,0.0
4700,10,McMaster University,24,2013,100.0,100.0,0.0
4701,10,McMaster University,24,2012,96.0,90.0,0.0
4702,10,McMaster University,24,2011,89.0,91.0,0.0
4703,10,McMaster University,24,2010,100.0,84.0,0.0
4704,10,McMaster University,24,2009,100.0,95.0,0.0
4705,10,McMaster University,24,2008,0.0,100.0,0.0
4706,10,McMaster University,24,2007,0.0,0.0,0.0
4707,10,McMaster University,24,2006,100.0,0.0,0.0
4708,10,McMaster University,24,2005,100.0,0.0,0.0
4709,10,McMaster University,24,2004,0.0,0.0,0.0
4712,11,Ontario Tech University,24,2021,0.0,0.0,0.0
4717,12,University of Ottawa,24,2021,100.0,100.0,33.0
4718,12,University of Ottawa,24,2020,95.0,94.0,38.0
4719,12,University of Ottawa,24,2019,94.0,93.0,18.0
4720,12,University of Ottawa,24,2018,80.0,90.0,57.0
4721,12,University of Ottawa,24,2017,100.0,94.0,17.0
4722,12,University of Ottawa,24,2016,100.0,100.0,9.0
4723,12,University of Ottawa,24,2015,100.0,100.0,50.0
4724,12,University of Ottawa,24,2014,75.0,75.0,0.0
4725,12,University of Ottawa,24,2013,100.0,0.0,60.0
4726,12,University of Ottawa,24,2012,91.0,90.0,75.0
4727,12,University of Ottawa,24,2011,94.0,82.0,0.0
4713,13,Queens University,24,2021,0.0,0.0,0.0
4714,14,Toronto Metropolitan University,24,2021,0.0,0.0,0.0
4728,15,University of Toronto,24,2021,0.0,0.0,69.0
4729,16,University of Waterloo,24,2021,0.0,0.0,0.0
4730,16,University of Waterloo,24,2020,0.0,0.0,0.0
4731,16,University of Waterloo,24,2019,0.0,0.0,0.0
4732,16,University of Waterloo,24,2018,67.0,100.0,0.0
4733,16,University of Waterloo,24,2016,100.0,0.0,0.0
4734,16,University of Waterloo,24,2015,100.0,100.0,0.0
4735,16,University of Waterloo,24,2014,67.0,67.0,0.0
4736,16,University of Waterloo,24,2013,86.0,0.0,0.0
4737,16,University of Waterloo,24,2012,100.0,78.0,0.0
4738,16,University of Waterloo,24,2011,0.0,0.0,0.0
4739,16,University of Waterloo,24,2010,100.0,70.0,0.0
4740,17,University of Windsor,24,2021,0.0,0.0,0.0
4741,18,Western University,24,2021,92.0,100.0,0.0
4742,18,Western University,24,2020,0.0,0.0,0.0
4743,18,Western University,24,2019,0.0,86.0,0.0
4744,18,Western University,24,2018,100.0,100.0,0.0
4745,18,Western University,24,2016,100.0,100.0,0.0
4746,18,Western University,24,2015,100.0,100.0,0.0
4747,18,Western University,24,2011,0.0,0.0,0.0
4748,18,Western University,24,2010,100.0,100.0,0.0
4749,18,Western University,24,2009,0.0,0.0,69.0
4750,18,Western University,24,2008,0.0,0.0,92.0
4751,18,Western University,24,2007,0.0,0.0,0.0
4752,18,Western University,24,2006,0.0,0.0,100.0
4753,18,Western University,24,2005,0.0,0.0,67.0
4754,18,Western University,24,2004,0.0,0.0,0.0
4755,19,Wilfrid Laurier University ,24,2021,0.0,0.0,0.0
4756,20,York University,24,2021,0.0,0.0,0.0
4757,2,Brock University,25,2021,0.0,0.0,0.0
4760,3,Laurentian University,25,2021,100.0,86.0,80.0
4761,3,Laurentian University,25,2020,88.0,100.0,93.0
4762,3,Laurentian University,25,2019,0.0,0.0,88.0
4763,3,Laurentian University,25,2018,0.0,0.0,0.0
4764,3,Laurentian University,25,2017,100.0,100.0,91.0
4765,3,Laurentian University,25,2016,100.0,100.0,64.0
4766,3,Laurentian University,25,2015,78.0,75.0,90.0
4767,3,Laurentian University,25,2014,100.0,100.0,0.0
4768,3,Laurentian University,25,2013,0.0,0.0,0.0
4769,3,Laurentian University,25,2012,0.0,0.0,0.0
4770,3,Laurentian University,25,2011,0.0,0.0,0.0
4759,4,Lakehead University,25,2021,0.0,0.0,0.0
4773,5,OCAD University,25,2021,0.0,0.0,0.0
4778,6,Trent University,25,2021,0.0,0.0,0.0
4772,7,Nipissing University,25,2021,0.0,0.0,0.0
4758,8,Carleton University,25,2021,0.0,0.0,0.0
4779,9,University of Guelph,25,2021,0.0,0.0,0.0
4771,10,McMaster University,25,2021,0.0,0.0,0.0
4774,11,Ontario Tech University,25,2021,0.0,0.0,0.0
4780,12,University of Ottawa,25,2021,0.0,0.0,0.0
4781,12,University of Ottawa,25,2009,100.0,100.0,81.0
4782,12,University of Ottawa,25,2008,100.0,100.0,84.0
4783,12,University of Ottawa,25,2007,100.0,100.0,79.0
4784,12,University of Ottawa,25,2006,100.0,100.0,85.0
4785,12,University of Ottawa,25,2005,100.0,100.0,89.0
4786,12,University of Ottawa,25,2004,100.0,100.0,75.0
4775,13,Queens University,25,2021,0.0,0.0,0.0
4776,13,Queens University,25,2006,100.0,100.0,92.0
4777,14,Toronto Metropolitan University,25,2021,0.0,0.0,0.0
4787,15,University of Toronto,25,2021,0.0,0.0,0.0
4788,15,University of Toronto,25,2007,0.0,0.0,82.0
4789,15,University of Toronto,25,2005,0.0,0.0,95.0
4790,15,University of Toronto,25,2004,0.0,0.0,98.0
4791,16,University of Waterloo,25,2021,0.0,0.0,0.0
4792,17,University of Windsor,25,2021,0.0,0.0,0.0
4793,18,Western University,25,2021,100.0,90.0,0.0
4794,18,Western University,25,2020,92.0,100.0,0.0
4795,18,Western University,25,2019,100.0,0.0,0.0
4796,18,Western University,25,2018,89.0,67.0,0.0
4797,18,Western University,25,2016,100.0,100.0,0.0
4798,18,Western University,25,2015,100.0,100.0,0.0
4799,18,Western University,25,2014,86.0,100.0,0.0
4800,18,Western University,25,2013,92.0,100.0,0.0
4801,18,Western University,25,2012,0.0,0.0,0.0
4802,18,Western University,25,2011,0.0,0.0,0.0
4803,18,Western University,25,2010,0.0,0.0,0.0
4804,18,Western University,25,2009,0.0,0.0,0.0
4805,18,Western University,25,2008,0.0,0.0,0.0
4806,19,Wilfrid Laurier University ,25,2021,0.0,0.0,0.0
4807,20,York University,25,2021,0.0,0.0,0.0
4808,1,Algoma University,26,2013,98.0,100.0,0.0
4809,2,Brock University,26,2021,0.0,0.0,0.0
4812,3,Laurentian University,26,2021,0.0,0.0,0.0
4811,4,Lakehead University,26,2021,0.0,0.0,0.0
4815,5,OCAD University,26,2021,0.0,0.0,0.0
4819,6,Trent University,26,2021,0.0,0.0,0.0
4814,7,Nipissing University,26,2021,0.0,0.0,0.0
4810,8,Carleton University,26,2021,0.0,0.0,0.0
4820,9,University of Guelph,26,2021,98.0,100.0,100.0
4821,9,University of Guelph,26,2020,100.0,100.0,95.0
4822,9,University of Guelph,26,2019,100.0,97.0,100.0
4823,9,University of Guelph,26,2018,97.0,100.0,100.0
4824,9,University of Guelph,26,2017,100.0,97.0,100.0
4825,9,University of Guelph,26,2016,100.0,98.0,100.0
4826,9,University of Guelph,26,2015,98.0,98.0,96.0
4827,9,University of Guelph,26,2014,100.0,98.0,100.0
4828,9,University of Guelph,26,2013,98.0,100.0,100.0
4829,9,University of Guelph,26,2012,100.0,98.0,100.0
4830,9,University of Guelph,26,2011,100.0,98.0,100.0
4831,9,University of Guelph,26,2010,100.0,100.0,100.0
4832,9,University of Guelph,26,2009,100.0,98.0,100.0
4833,9,University of Guelph,26,2008,98.0,100.0,100.0
4834,9,University of Guelph,26,2007,100.0,100.0,93.0
4835,9,University of Guelph,26,2006,100.0,97.0,98.0
4836,9,University of Guelph,26,2005,100.0,100.0,99.0
4837,9,University of Guelph,26,2004,100.0,100.0,98.0
4813,10,McMaster University,26,2021,0.0,0.0,0.0
4816,11,Ontario Tech University,26,2021,0.0,0.0,0.0
4838,12,University of Ottawa,26,2021,0.0,0.0,0.0
4817,13,Queens University,26,2021,0.0,0.0,0.0
4818,14,Toronto Metropolitan University,26,2021,0.0,0.0,0.0
4839,15,University of Toronto,26,2021,0.0,0.0,0.0
4840,16,University of Waterloo,26,2021,0.0,0.0,0.0
4841,17,University of Windsor,26,2021,0.0,0.0,0.0
4842,18,Western University,26,2021,0.0,0.0,0.0
4843,19,Wilfrid Laurier University ,26,2021,0.0,0.0,0.0
4844,20,York University,26,2021,0.0,0.0,0.0
