Economic Region,NOC Code,NOC Occupation,ds,Employment (Persons in Thousands),Monthly PCT
"Hamilton-Niagara Peninsula, Ontario",112,Professional occupations in business,2011-03-01,8.0,
"Hamilton-Niagara Peninsula, Ontario",112,Professional occupations in business,2011-04-01,8.3,3.75
"Hamilton-Niagara Peninsula, Ontario",112,Professional occupations in business,2011-05-01,9.2,10.843
"Hamilton-Niagara Peninsula, Ontario",112,Professional occupations in business,2011-06-01,9.5,3.261
"Hamilton-Niagara Peninsula, Ontario",112,Professional occupations in business,2011-07-01,9.3,-2.105
"Hamilton-Niagara Peninsula, Ontario",112,Professional occupations in business,2011-08-01,9.7,4.301
"Hamilton-Niagara Peninsula, Ontario",112,Professional occupations in business,2011-09-01,10.1,4.124
"Hamilton-Niagara Peninsula, Ontario",112,Professional occupations in business,2011-10-01,10.1,0.0
"Hamilton-Niagara Peninsula, Ontario",112,Professional occupations in business,2011-11-01,8.6,-14.851
"Hamilton-Niagara Peninsula, Ontario",112,Professional occupations in business,2011-12-01,7.2,-16.279
"Hamilton-Niagara Peninsula, Ontario",112,Professional occupations in business,2012-01-01,6.0,-16.667
"Hamilton-Niagara Peninsula, Ontario",112,Professional occupations in business,2012-02-01,5.4,-10.0
"Hamilton-Niagara Peninsula, Ontario",112,Professional occupations in business,2012-03-01,4.8,-11.111
"Hamilton-Niagara Peninsula, Ontario",112,Professional occupations in business,2012-04-01,4.6,-4.167
"Hamilton-Niagara Peninsula, Ontario",112,Professional occupations in business,2012-05-01,5.1,10.87
"Hamilton-Niagara Peninsula, Ontario",112,Professional occupations in business,2012-06-01,6.3,23.529
"Hamilton-Niagara Peninsula, Ontario",112,Professional occupations in business,2012-07-01,7.7,22.222
"Hamilton-Niagara Peninsula, Ontario",112,Professional occupations in business,2012-08-01,8.0,3.896
"Hamilton-Niagara Peninsula, Ontario",112,Professional occupations in business,2012-09-01,8.3,3.75
"Hamilton-Niagara Peninsula, Ontario",112,Professional occupations in business,2012-10-01,8.3,0.0
"Hamilton-Niagara Peninsula, Ontario",112,Professional occupations in business,2012-11-01,7.2,-13.253
"Hamilton-Niagara Peninsula, Ontario",112,Professional occupations in business,2012-12-01,6.3,-12.5
"Hamilton-Niagara Peninsula, Ontario",112,Professional occupations in business,2013-01-01,5.4,-14.286
"Hamilton-Niagara Peninsula, Ontario",112,Professional occupations in business,2013-02-01,6.7,24.074
"Hamilton-Niagara Peninsula, Ontario",112,Professional occupations in business,2013-03-01,7.3,8.955
"Hamilton-Niagara Peninsula, Ontario",112,Professional occupations in business,2013-04-01,7.7,5.479
"Hamilton-Niagara Peninsula, Ontario",112,Professional occupations in business,2013-05-01,7.4,-3.896
"Hamilton-Niagara Peninsula, Ontario",112,Professional occupations in business,2013-06-01,7.2,-2.703
"Hamilton-Niagara Peninsula, Ontario",112,Professional occupations in business,2013-07-01,7.0,-2.778
"Hamilton-Niagara Peninsula, Ontario",112,Professional occupations in business,2013-08-01,6.2,-11.429
"Hamilton-Niagara Peninsula, Ontario",112,Professional occupations in business,2013-09-01,6.3,1.613
"Hamilton-Niagara Peninsula, Ontario",112,Professional occupations in business,2013-10-01,7.0,11.111
"Hamilton-Niagara Peninsula, Ontario",112,Professional occupations in business,2013-11-01,8.2,17.143
"Hamilton-Niagara Peninsula, Ontario",112,Professional occupations in business,2013-12-01,9.2,12.195
"Hamilton-Niagara Peninsula, Ontario",112,Professional occupations in business,2014-01-01,9.8,6.522
"Hamilton-Niagara Peninsula, Ontario",112,Professional occupations in business,2014-02-01,9.6,-2.041
"Hamilton-Niagara Peninsula, Ontario",112,Professional occupations in business,2014-03-01,9.3,-3.125
"Hamilton-Niagara Peninsula, Ontario",112,Professional occupations in business,2014-04-01,9.7,4.301
"Hamilton-Niagara Peninsula, Ontario",112,Professional occupations in business,2014-05-01,10.2,5.155
"Hamilton-Niagara Peninsula, Ontario",112,Professional occupations in business,2014-06-01,10.8,5.882
"Hamilton-Niagara Peninsula, Ontario",112,Professional occupations in business,2014-07-01,10.6,-1.852
"Hamilton-Niagara Peninsula, Ontario",112,Professional occupations in business,2014-08-01,11.4,7.547
"Hamilton-Niagara Peninsula, Ontario",112,Professional occupations in business,2014-09-01,10.6,-7.018
"Hamilton-Niagara Peninsula, Ontario",112,Professional occupations in business,2014-10-01,9.2,-13.208
"Hamilton-Niagara Peninsula, Ontario",112,Professional occupations in business,2014-11-01,6.9,-25.0
"Hamilton-Niagara Peninsula, Ontario",112,Professional occupations in business,2014-12-01,6.4,-7.246
"Hamilton-Niagara Peninsula, Ontario",112,Professional occupations in business,2015-01-01,7.1,10.937
"Hamilton-Niagara Peninsula, Ontario",112,Professional occupations in business,2015-02-01,7.7,8.451
"Hamilton-Niagara Peninsula, Ontario",112,Professional occupations in business,2015-03-01,8.4,9.091
"Hamilton-Niagara Peninsula, Ontario",112,Professional occupations in business,2015-04-01,8.9,5.952
"Hamilton-Niagara Peninsula, Ontario",112,Professional occupations in business,2015-05-01,10.2,14.607
"Hamilton-Niagara Peninsula, Ontario",112,Professional occupations in business,2015-06-01,10.3,0.98
"Hamilton-Niagara Peninsula, Ontario",112,Professional occupations in business,2015-07-01,10.2,-0.971
"Hamilton-Niagara Peninsula, Ontario",112,Professional occupations in business,2015-08-01,10.7,4.902
"Hamilton-Niagara Peninsula, Ontario",112,Professional occupations in business,2015-09-01,11.5,7.477
"Hamilton-Niagara Peninsula, Ontario",112,Professional occupations in business,2015-10-01,11.2,-2.609
"Hamilton-Niagara Peninsula, Ontario",112,Professional occupations in business,2015-11-01,9.9,-11.607
"Hamilton-Niagara Peninsula, Ontario",112,Professional occupations in business,2015-12-01,8.6,-13.131
"Hamilton-Niagara Peninsula, Ontario",112,Professional occupations in business,2016-01-01,8.6,0.0
"Hamilton-Niagara Peninsula, Ontario",112,Professional occupations in business,2016-02-01,8.2,-4.651
"Hamilton-Niagara Peninsula, Ontario",112,Professional occupations in business,2016-03-01,8.6,4.878
"Hamilton-Niagara Peninsula, Ontario",112,Professional occupations in business,2016-04-01,8.5,-1.163
"Hamilton-Niagara Peninsula, Ontario",112,Professional occupations in business,2016-05-01,8.3,-2.353
"Hamilton-Niagara Peninsula, Ontario",112,Professional occupations in business,2016-06-01,8.1,-2.41
"Hamilton-Niagara Peninsula, Ontario",112,Professional occupations in business,2016-07-01,7.5,-7.407
"Hamilton-Niagara Peninsula, Ontario",112,Professional occupations in business,2016-08-01,7.1,-5.333
"Hamilton-Niagara Peninsula, Ontario",112,Professional occupations in business,2016-09-01,7.1,0.0
"Hamilton-Niagara Peninsula, Ontario",112,Professional occupations in business,2016-10-01,8.0,12.676
"Hamilton-Niagara Peninsula, Ontario",112,Professional occupations in business,2016-11-01,9.1,13.75
"Hamilton-Niagara Peninsula, Ontario",112,Professional occupations in business,2016-12-01,10.6,16.484
"Hamilton-Niagara Peninsula, Ontario",112,Professional occupations in business,2017-01-01,10.8,1.887
"Hamilton-Niagara Peninsula, Ontario",112,Professional occupations in business,2017-02-01,10.4,-3.704
"Hamilton-Niagara Peninsula, Ontario",112,Professional occupations in business,2017-03-01,9.0,-13.462
"Hamilton-Niagara Peninsula, Ontario",112,Professional occupations in business,2017-04-01,8.1,-10.0
"Hamilton-Niagara Peninsula, Ontario",112,Professional occupations in business,2017-05-01,8.9,9.877
"Hamilton-Niagara Peninsula, Ontario",112,Professional occupations in business,2017-06-01,9.6,7.865
"Hamilton-Niagara Peninsula, Ontario",112,Professional occupations in business,2017-07-01,11.5,19.792
"Hamilton-Niagara Peninsula, Ontario",112,Professional occupations in business,2017-08-01,10.9,-5.217
"Hamilton-Niagara Peninsula, Ontario",112,Professional occupations in business,2017-09-01,10.9,0.0
"Hamilton-Niagara Peninsula, Ontario",112,Professional occupations in business,2017-10-01,10.3,-5.505
"Hamilton-Niagara Peninsula, Ontario",112,Professional occupations in business,2017-11-01,11.4,10.68
"Hamilton-Niagara Peninsula, Ontario",112,Professional occupations in business,2017-12-01,12.3,7.895
"Hamilton-Niagara Peninsula, Ontario",112,Professional occupations in business,2018-01-01,13.4,8.943
"Hamilton-Niagara Peninsula, Ontario",112,Professional occupations in business,2018-02-01,14.2,5.97
"Hamilton-Niagara Peninsula, Ontario",112,Professional occupations in business,2018-03-01,15.2,7.042
"Hamilton-Niagara Peninsula, Ontario",112,Professional occupations in business,2018-04-01,15.9,4.605
"Hamilton-Niagara Peninsula, Ontario",112,Professional occupations in business,2018-05-01,15.3,-3.774
"Hamilton-Niagara Peninsula, Ontario",112,Professional occupations in business,2018-06-01,15.1,-1.307
"Hamilton-Niagara Peninsula, Ontario",112,Professional occupations in business,2018-07-01,14.0,-7.285
"Hamilton-Niagara Peninsula, Ontario",112,Professional occupations in business,2018-08-01,14.1,0.714
"Hamilton-Niagara Peninsula, Ontario",112,Professional occupations in business,2018-09-01,14.3,1.418
"Hamilton-Niagara Peninsula, Ontario",112,Professional occupations in business,2018-10-01,14.9,4.196
"Hamilton-Niagara Peninsula, Ontario",112,Professional occupations in business,2018-11-01,14.9,0.0
"Hamilton-Niagara Peninsula, Ontario",112,Professional occupations in business,2018-12-01,14.5,-2.685
"Hamilton-Niagara Peninsula, Ontario",112,Professional occupations in business,2019-01-01,14.8,2.069
"Hamilton-Niagara Peninsula, Ontario",112,Professional occupations in business,2019-02-01,14.2,-4.054
"Hamilton-Niagara Peninsula, Ontario",112,Professional occupations in business,2019-03-01,13.0,-8.451
"Hamilton-Niagara Peninsula, Ontario",112,Professional occupations in business,2019-04-01,12.6,-3.077
"Hamilton-Niagara Peninsula, Ontario",112,Professional occupations in business,2019-05-01,13.3,5.556
"Hamilton-Niagara Peninsula, Ontario",112,Professional occupations in business,2019-06-01,15.2,14.286
"Hamilton-Niagara Peninsula, Ontario",112,Professional occupations in business,2019-07-01,14.7,-3.289
"Hamilton-Niagara Peninsula, Ontario",112,Professional occupations in business,2019-08-01,15.5,5.442
"Hamilton-Niagara Peninsula, Ontario",112,Professional occupations in business,2019-09-01,15.3,-1.29
"Hamilton-Niagara Peninsula, Ontario",112,Professional occupations in business,2019-10-01,16.3,6.536
"Hamilton-Niagara Peninsula, Ontario",112,Professional occupations in business,2019-11-01,16.3,0.0
"Hamilton-Niagara Peninsula, Ontario",112,Professional occupations in business,2019-12-01,16.2,-0.613
"Hamilton-Niagara Peninsula, Ontario",112,Professional occupations in business,2020-01-01,15.2,-6.173
"Hamilton-Niagara Peninsula, Ontario",112,Professional occupations in business,2020-02-01,13.5,-11.184
"Hamilton-Niagara Peninsula, Ontario",112,Professional occupations in business,2020-03-01,11.6,-14.074
"Hamilton-Niagara Peninsula, Ontario",112,Professional occupations in business,2020-04-01,11.1,-4.31
"Hamilton-Niagara Peninsula, Ontario",112,Professional occupations in business,2020-05-01,10.9,-1.802
"Hamilton-Niagara Peninsula, Ontario",112,Professional occupations in business,2020-06-01,12.0,10.092
"Hamilton-Niagara Peninsula, Ontario",112,Professional occupations in business,2020-07-01,13.7,14.167
"Hamilton-Niagara Peninsula, Ontario",112,Professional occupations in business,2020-08-01,16.0,16.788
"Hamilton-Niagara Peninsula, Ontario",112,Professional occupations in business,2020-09-01,16.4,2.5
"Hamilton-Niagara Peninsula, Ontario",112,Professional occupations in business,2020-10-01,15.3,-6.707
"Hamilton-Niagara Peninsula, Ontario",112,Professional occupations in business,2020-11-01,14.2,-7.19
"Hamilton-Niagara Peninsula, Ontario",112,Professional occupations in business,2020-12-01,12.8,-9.859
"Hamilton-Niagara Peninsula, Ontario",112,Professional occupations in business,2021-01-01,12.5,-2.344
"Hamilton-Niagara Peninsula, Ontario",112,Professional occupations in business,2021-02-01,12.5,0.0
"Hamilton-Niagara Peninsula, Ontario",112,Professional occupations in business,2021-03-01,13.3,6.4
"Hamilton-Niagara Peninsula, Ontario",112,Professional occupations in business,2021-04-01,14.1,6.015
"Hamilton-Niagara Peninsula, Ontario",112,Professional occupations in business,2021-05-01,13.7,-2.837
"Hamilton-Niagara Peninsula, Ontario",112,Professional occupations in business,2021-06-01,14.2,3.65
"Hamilton-Niagara Peninsula, Ontario",112,Professional occupations in business,2021-07-01,15.2,7.042
"Hamilton-Niagara Peninsula, Ontario",112,Professional occupations in business,2021-08-01,18.1,19.079
"Hamilton-Niagara Peninsula, Ontario",112,Professional occupations in business,2021-09-01,20.0,10.497
"Hamilton-Niagara Peninsula, Ontario",112,Professional occupations in business,2021-10-01,20.6,3.0
"Hamilton-Niagara Peninsula, Ontario",112,Professional occupations in business,2021-11-01,18.5,-10.194
"Hamilton-Niagara Peninsula, Ontario",112,Professional occupations in business,2021-12-01,17.3,-6.486
"Hamilton-Niagara Peninsula, Ontario",112,Professional occupations in business,2022-01-01,16.4,-5.202
"Hamilton-Niagara Peninsula, Ontario",112,Professional occupations in business,2022-02-01,16.4,0.0
"Hamilton-Niagara Peninsula, Ontario",112,Professional occupations in business,2022-03-01,17.1,4.268
"Hamilton-Niagara Peninsula, Ontario",112,Professional occupations in business,2022-04-01,16.8,-1.754
"Hamilton-Niagara Peninsula, Ontario",112,Professional occupations in business,2022-05-01,17.7,5.357
"Hamilton-Niagara Peninsula, Ontario",112,Professional occupations in business,2022-06-01,18.3,3.39
"Hamilton-Niagara Peninsula, Ontario",112,Professional occupations in business,2022-07-01,20.8,13.661
"Hamilton-Niagara Peninsula, Ontario",112,Professional occupations in business,2022-08-01,22.1,6.25
"Hamilton-Niagara Peninsula, Ontario",112,Professional occupations in business,2022-09-01,22.9,3.62
"Hamilton-Niagara Peninsula, Ontario",112,Professional occupations in business,2022-10-01,21.3,-6.987
"Hamilton-Niagara Peninsula, Ontario",112,Professional occupations in business,2022-11-01,20.5,-3.756
"Hamilton-Niagara Peninsula, Ontario",112,Professional occupations in business,2022-12-01,19.9,-2.927
"Hamilton-Niagara Peninsula, Ontario",112,Professional occupations in business,2023-01-01,19.6,-1.508
"Hamilton-Niagara Peninsula, Ontario",112,Professional occupations in business,2023-02-01,19.8,1.02
"Hamilton-Niagara Peninsula, Ontario",112,Professional occupations in business,2023-03-01,18.5,-6.566
"Hamilton-Niagara Peninsula, Ontario",112,Professional occupations in business,2023-04-01,19.0,2.703
"Hamilton-Niagara Peninsula, Ontario",112,Professional occupations in business,2023-05-01,19.4,2.105
"Hamilton-Niagara Peninsula, Ontario",112,Professional occupations in business,2023-06-01,20.6,6.186
"Hamilton-Niagara Peninsula, Ontario",112,Professional occupations in business,2023-07-01,19.4,-5.825
"Hamilton-Niagara Peninsula, Ontario",112,Professional occupations in business,2023-08-01,17.1,-11.856
"Hamilton-Niagara Peninsula, Ontario",112,Professional occupations in business,2023-09-01,15.7,-8.187
"Hamilton-Niagara Peninsula, Ontario",112,Professional occupations in business,2023-10-01,15.8,0.637
"Hamilton-Niagara Peninsula, Ontario",112,Professional occupations in business,2023-11-01,15.6,-1.266
"Hamilton-Niagara Peninsula, Ontario",112,Professional occupations in business,2023-12-01,15.6,0.0
"Hamilton-Niagara Peninsula, Ontario",112,Professional occupations in business,2024-01-01,15.3,-1.923
"Hamilton-Niagara Peninsula, Ontario",112,Professional occupations in business,2024-02-01,15.9,3.922
"Hamilton-Niagara Peninsula, Ontario",112,Professional occupations in business,2024-03-01,16.3,2.516
"Hamilton-Niagara Peninsula, Ontario",112,Professional occupations in business,2024-04-01,16.7,2.454
"Hamilton-Niagara Peninsula, Ontario",112,Professional occupations in business,2024-05-01,19.0,13.772
"Hamilton-Niagara Peninsula, Ontario",112,Professional occupations in business,2024-06-01,20.1,5.789
"Hamilton-Niagara Peninsula, Ontario",112,Professional occupations in business,2024-07-01,21.7,7.96
"Hamilton-Niagara Peninsula, Ontario",112,Professional occupations in business,2024-08-01,22.1,1.843
"Hamilton-Niagara Peninsula, Ontario",112,Professional occupations in business,2024-09-01,23.2,4.977
"Hamilton-Niagara Peninsula, Ontario",112,Professional occupations in business,2024-10-01,24.0,3.448
"Hamilton-Niagara Peninsula, Ontario",112,Professional occupations in business,2024-11-01,23.7,-1.25
"Hamilton-Niagara Peninsula, Ontario",112,Professional occupations in business,2024-12-01,21.6,-8.861
"Hamilton-Niagara Peninsula, Ontario",112,Professional occupations in business,2025-01-01,19.2,-11.111
"Hamilton-Niagara Peninsula, Ontario",112,Professional occupations in business,2025-02-01,17.6,-8.333
"Hamilton-Niagara Peninsula, Ontario",112,Professional occupations in business,2025-03-01,17.1,-2.841
"Hamilton-Niagara Peninsula, Ontario",112,Professional occupations in business,2025-04-01,17.2,0.585
"Hamilton-Niagara Peninsula, Ontario",112,Professional occupations in business,2025-05-01,17.5,1.744
"Hamilton-Niagara Peninsula, Ontario",112,Professional occupations in business,2025-06-01,17.9,2.286
"Hamilton-Niagara Peninsula, Ontario",112,Professional occupations in business,2025-07-01,18.6,3.911
"Hamilton-Niagara Peninsula, Ontario",112,Professional occupations in business,2025-08-01,17.3,-6.989
"Hamilton-Niagara Peninsula, Ontario",112,Professional occupations in business,2025-09-01,18.8,8.671
"Hamilton-Niagara Peninsula, Ontario",212,Professional occupations in applied sciences (except engineering),2011-03-01,7.1,
"Hamilton-Niagara Peninsula, Ontario",212,Professional occupations in applied sciences (except engineering),2011-04-01,7.2,1.408
"Hamilton-Niagara Peninsula, Ontario",212,Professional occupations in applied sciences (except engineering),2011-05-01,7.5,4.167
"Hamilton-Niagara Peninsula, Ontario",212,Professional occupations in applied sciences (except engineering),2011-06-01,8.6,14.667
"Hamilton-Niagara Peninsula, Ontario",212,Professional occupations in applied sciences (except engineering),2011-07-01,9.4,9.302
"Hamilton-Niagara Peninsula, Ontario",212,Professional occupations in applied sciences (except engineering),2011-08-01,9.7,3.191
"Hamilton-Niagara Peninsula, Ontario",212,Professional occupations in applied sciences (except engineering),2011-09-01,9.7,0.0
"Hamilton-Niagara Peninsula, Ontario",212,Professional occupations in applied sciences (except engineering),2011-10-01,9.8,1.031
"Hamilton-Niagara Peninsula, Ontario",212,Professional occupations in applied sciences (except engineering),2011-11-01,9.4,-4.082
"Hamilton-Niagara Peninsula, Ontario",212,Professional occupations in applied sciences (except engineering),2011-12-01,8.5,-9.574
"Hamilton-Niagara Peninsula, Ontario",212,Professional occupations in applied sciences (except engineering),2012-01-01,7.5,-11.765
"Hamilton-Niagara Peninsula, Ontario",212,Professional occupations in applied sciences (except engineering),2012-02-01,7.1,-5.333
"Hamilton-Niagara Peninsula, Ontario",212,Professional occupations in applied sciences (except engineering),2012-03-01,7.5,5.634
"Hamilton-Niagara Peninsula, Ontario",212,Professional occupations in applied sciences (except engineering),2012-04-01,7.5,0.0
"Hamilton-Niagara Peninsula, Ontario",212,Professional occupations in applied sciences (except engineering),2012-05-01,7.9,5.333
"Hamilton-Niagara Peninsula, Ontario",212,Professional occupations in applied sciences (except engineering),2012-06-01,7.3,-7.595
"Hamilton-Niagara Peninsula, Ontario",212,Professional occupations in applied sciences (except engineering),2012-07-01,7.2,-1.37
"Hamilton-Niagara Peninsula, Ontario",212,Professional occupations in applied sciences (except engineering),2012-08-01,6.9,-4.167
"Hamilton-Niagara Peninsula, Ontario",212,Professional occupations in applied sciences (except engineering),2012-09-01,7.1,2.899
"Hamilton-Niagara Peninsula, Ontario",212,Professional occupations in applied sciences (except engineering),2012-10-01,7.1,0.0
"Hamilton-Niagara Peninsula, Ontario",212,Professional occupations in applied sciences (except engineering),2012-11-01,8.4,18.31
"Hamilton-Niagara Peninsula, Ontario",212,Professional occupations in applied sciences (except engineering),2012-12-01,9.7,15.476
"Hamilton-Niagara Peninsula, Ontario",212,Professional occupations in applied sciences (except engineering),2013-01-01,11.3,16.495
"Hamilton-Niagara Peninsula, Ontario",212,Professional occupations in applied sciences (except engineering),2013-02-01,11.3,0.0
"Hamilton-Niagara Peninsula, Ontario",212,Professional occupations in applied sciences (except engineering),2013-03-01,11.4,0.885
"Hamilton-Niagara Peninsula, Ontario",212,Professional occupations in applied sciences (except engineering),2013-04-01,11.1,-2.632
"Hamilton-Niagara Peninsula, Ontario",212,Professional occupations in applied sciences (except engineering),2013-05-01,10.8,-2.703
"Hamilton-Niagara Peninsula, Ontario",212,Professional occupations in applied sciences (except engineering),2013-06-01,10.7,-0.926
"Hamilton-Niagara Peninsula, Ontario",212,Professional occupations in applied sciences (except engineering),2013-07-01,10.6,-0.935
"Hamilton-Niagara Peninsula, Ontario",212,Professional occupations in applied sciences (except engineering),2013-08-01,10.6,0.0
"Hamilton-Niagara Peninsula, Ontario",212,Professional occupations in applied sciences (except engineering),2013-09-01,11.0,3.774
"Hamilton-Niagara Peninsula, Ontario",212,Professional occupations in applied sciences (except engineering),2013-10-01,11.7,6.364
"Hamilton-Niagara Peninsula, Ontario",212,Professional occupations in applied sciences (except engineering),2013-11-01,12.6,7.692
"Hamilton-Niagara Peninsula, Ontario",212,Professional occupations in applied sciences (except engineering),2013-12-01,12.9,2.381
"Hamilton-Niagara Peninsula, Ontario",212,Professional occupations in applied sciences (except engineering),2014-01-01,12.9,0.0
"Hamilton-Niagara Peninsula, Ontario",212,Professional occupations in applied sciences (except engineering),2014-02-01,13.4,3.876
"Hamilton-Niagara Peninsula, Ontario",212,Professional occupations in applied sciences (except engineering),2014-03-01,12.7,-5.224
"Hamilton-Niagara Peninsula, Ontario",212,Professional occupations in applied sciences (except engineering),2014-04-01,12.1,-4.724
"Hamilton-Niagara Peninsula, Ontario",212,Professional occupations in applied sciences (except engineering),2014-05-01,10.4,-14.05
"Hamilton-Niagara Peninsula, Ontario",212,Professional occupations in applied sciences (except engineering),2014-06-01,10.4,0.0
"Hamilton-Niagara Peninsula, Ontario",212,Professional occupations in applied sciences (except engineering),2014-07-01,9.4,-9.615
"Hamilton-Niagara Peninsula, Ontario",212,Professional occupations in applied sciences (except engineering),2014-08-01,8.6,-8.511
"Hamilton-Niagara Peninsula, Ontario",212,Professional occupations in applied sciences (except engineering),2014-09-01,7.6,-11.628
"Hamilton-Niagara Peninsula, Ontario",212,Professional occupations in applied sciences (except engineering),2014-10-01,7.4,-2.632
"Hamilton-Niagara Peninsula, Ontario",212,Professional occupations in applied sciences (except engineering),2014-11-01,8.1,9.459
"Hamilton-Niagara Peninsula, Ontario",212,Professional occupations in applied sciences (except engineering),2014-12-01,8.7,7.407
"Hamilton-Niagara Peninsula, Ontario",212,Professional occupations in applied sciences (except engineering),2015-01-01,9.6,10.345
"Hamilton-Niagara Peninsula, Ontario",212,Professional occupations in applied sciences (except engineering),2015-02-01,10.0,4.167
"Hamilton-Niagara Peninsula, Ontario",212,Professional occupations in applied sciences (except engineering),2015-03-01,8.8,-12.0
"Hamilton-Niagara Peninsula, Ontario",212,Professional occupations in applied sciences (except engineering),2015-04-01,7.7,-12.5
"Hamilton-Niagara Peninsula, Ontario",212,Professional occupations in applied sciences (except engineering),2015-05-01,6.2,-19.481
"Hamilton-Niagara Peninsula, Ontario",212,Professional occupations in applied sciences (except engineering),2015-06-01,7.4,19.355
"Hamilton-Niagara Peninsula, Ontario",212,Professional occupations in applied sciences (except engineering),2015-07-01,8.7,17.568
"Hamilton-Niagara Peninsula, Ontario",212,Professional occupations in applied sciences (except engineering),2015-08-01,10.6,21.839
"Hamilton-Niagara Peninsula, Ontario",212,Professional occupations in applied sciences (except engineering),2015-09-01,11.5,8.491
"Hamilton-Niagara Peninsula, Ontario",212,Professional occupations in applied sciences (except engineering),2015-10-01,12.6,9.565
"Hamilton-Niagara Peninsula, Ontario",212,Professional occupations in applied sciences (except engineering),2015-11-01,13.5,7.143
"Hamilton-Niagara Peninsula, Ontario",212,Professional occupations in applied sciences (except engineering),2015-12-01,13.2,-2.222
"Hamilton-Niagara Peninsula, Ontario",212,Professional occupations in applied sciences (except engineering),2016-01-01,14.0,6.061
"Hamilton-Niagara Peninsula, Ontario",212,Professional occupations in applied sciences (except engineering),2016-02-01,14.5,3.571
"Hamilton-Niagara Peninsula, Ontario",212,Professional occupations in applied sciences (except engineering),2016-03-01,14.9,2.759
"Hamilton-Niagara Peninsula, Ontario",212,Professional occupations in applied sciences (except engineering),2016-04-01,13.7,-8.054
"Hamilton-Niagara Peninsula, Ontario",212,Professional occupations in applied sciences (except engineering),2016-05-01,12.6,-8.029
"Hamilton-Niagara Peninsula, Ontario",212,Professional occupations in applied sciences (except engineering),2016-06-01,12.3,-2.381
"Hamilton-Niagara Peninsula, Ontario",212,Professional occupations in applied sciences (except engineering),2016-07-01,12.2,-0.813
"Hamilton-Niagara Peninsula, Ontario",212,Professional occupations in applied sciences (except engineering),2016-08-01,12.4,1.639
"Hamilton-Niagara Peninsula, Ontario",212,Professional occupations in applied sciences (except engineering),2016-09-01,12.7,2.419
"Hamilton-Niagara Peninsula, Ontario",212,Professional occupations in applied sciences (except engineering),2016-10-01,13.8,8.661
"Hamilton-Niagara Peninsula, Ontario",212,Professional occupations in applied sciences (except engineering),2016-11-01,13.6,-1.449
"Hamilton-Niagara Peninsula, Ontario",212,Professional occupations in applied sciences (except engineering),2016-12-01,14.5,6.618
"Hamilton-Niagara Peninsula, Ontario",212,Professional occupations in applied sciences (except engineering),2017-01-01,12.9,-11.034
"Hamilton-Niagara Peninsula, Ontario",212,Professional occupations in applied sciences (except engineering),2017-02-01,12.7,-1.55
"Hamilton-Niagara Peninsula, Ontario",212,Professional occupations in applied sciences (except engineering),2017-03-01,11.9,-6.299
"Hamilton-Niagara Peninsula, Ontario",212,Professional occupations in applied sciences (except engineering),2017-04-01,12.5,5.042
"Hamilton-Niagara Peninsula, Ontario",212,Professional occupations in applied sciences (except engineering),2017-05-01,12.7,1.6
"Hamilton-Niagara Peninsula, Ontario",212,Professional occupations in applied sciences (except engineering),2017-06-01,12.8,0.787
"Hamilton-Niagara Peninsula, Ontario",212,Professional occupations in applied sciences (except engineering),2017-07-01,13.6,6.25
"Hamilton-Niagara Peninsula, Ontario",212,Professional occupations in applied sciences (except engineering),2017-08-01,13.4,-1.471
"Hamilton-Niagara Peninsula, Ontario",212,Professional occupations in applied sciences (except engineering),2017-09-01,13.1,-2.239
"Hamilton-Niagara Peninsula, Ontario",212,Professional occupations in applied sciences (except engineering),2017-10-01,11.3,-13.74
"Hamilton-Niagara Peninsula, Ontario",212,Professional occupations in applied sciences (except engineering),2017-11-01,11.0,-2.655
"Hamilton-Niagara Peninsula, Ontario",212,Professional occupations in applied sciences (except engineering),2017-12-01,10.0,-9.091
"Hamilton-Niagara Peninsula, Ontario",212,Professional occupations in applied sciences (except engineering),2018-01-01,9.7,-3.0
"Hamilton-Niagara Peninsula, Ontario",212,Professional occupations in applied sciences (except engineering),2018-02-01,8.8,-9.278
"Hamilton-Niagara Peninsula, Ontario",212,Professional occupations in applied sciences (except engineering),2018-03-01,9.3,5.682
"Hamilton-Niagara Peninsula, Ontario",212,Professional occupations in applied sciences (except engineering),2018-04-01,10.1,8.602
"Hamilton-Niagara Peninsula, Ontario",212,Professional occupations in applied sciences (except engineering),2018-05-01,10.2,0.99
"Hamilton-Niagara Peninsula, Ontario",212,Professional occupations in applied sciences (except engineering),2018-06-01,10.7,4.902
"Hamilton-Niagara Peninsula, Ontario",212,Professional occupations in applied sciences (except engineering),2018-07-01,11.5,7.477
"Hamilton-Niagara Peninsula, Ontario",212,Professional occupations in applied sciences (except engineering),2018-08-01,12.5,8.696
"Hamilton-Niagara Peninsula, Ontario",212,Professional occupations in applied sciences (except engineering),2018-09-01,12.7,1.6
"Hamilton-Niagara Peninsula, Ontario",212,Professional occupations in applied sciences (except engineering),2018-10-01,12.3,-3.15
"Hamilton-Niagara Peninsula, Ontario",212,Professional occupations in applied sciences (except engineering),2018-11-01,12.4,0.813
"Hamilton-Niagara Peninsula, Ontario",212,Professional occupations in applied sciences (except engineering),2018-12-01,13.8,11.29
"Hamilton-Niagara Peninsula, Ontario",212,Professional occupations in applied sciences (except engineering),2019-01-01,13.8,0.0
"Hamilton-Niagara Peninsula, Ontario",212,Professional occupations in applied sciences (except engineering),2019-02-01,13.8,0.0
"Hamilton-Niagara Peninsula, Ontario",212,Professional occupations in applied sciences (except engineering),2019-03-01,12.3,-10.87
"Hamilton-Niagara Peninsula, Ontario",212,Professional occupations in applied sciences (except engineering),2019-04-01,11.9,-3.252
"Hamilton-Niagara Peninsula, Ontario",212,Professional occupations in applied sciences (except engineering),2019-05-01,11.5,-3.361
"Hamilton-Niagara Peninsula, Ontario",212,Professional occupations in applied sciences (except engineering),2019-06-01,11.4,-0.87
"Hamilton-Niagara Peninsula, Ontario",212,Professional occupations in applied sciences (except engineering),2019-07-01,11.6,1.754
"Hamilton-Niagara Peninsula, Ontario",212,Professional occupations in applied sciences (except engineering),2019-08-01,11.4,-1.724
"Hamilton-Niagara Peninsula, Ontario",212,Professional occupations in applied sciences (except engineering),2019-09-01,10.2,-10.526
"Hamilton-Niagara Peninsula, Ontario",212,Professional occupations in applied sciences (except engineering),2019-10-01,9.4,-7.843
"Hamilton-Niagara Peninsula, Ontario",212,Professional occupations in applied sciences (except engineering),2019-11-01,8.5,-9.574
"Hamilton-Niagara Peninsula, Ontario",212,Professional occupations in applied sciences (except engineering),2019-12-01,9.3,9.412
"Hamilton-Niagara Peninsula, Ontario",212,Professional occupations in applied sciences (except engineering),2020-01-01,10.4,11.828
"Hamilton-Niagara Peninsula, Ontario",212,Professional occupations in applied sciences (except engineering),2020-02-01,11.9,14.423
"Hamilton-Niagara Peninsula, Ontario",212,Professional occupations in applied sciences (except engineering),2020-03-01,14.0,17.647
"Hamilton-Niagara Peninsula, Ontario",212,Professional occupations in applied sciences (except engineering),2020-04-01,15.2,8.571
"Hamilton-Niagara Peninsula, Ontario",212,Professional occupations in applied sciences (except engineering),2020-05-01,16.4,7.895
"Hamilton-Niagara Peninsula, Ontario",212,Professional occupations in applied sciences (except engineering),2020-06-01,16.2,-1.22
"Hamilton-Niagara Peninsula, Ontario",212,Professional occupations in applied sciences (except engineering),2020-07-01,15.8,-2.469
"Hamilton-Niagara Peninsula, Ontario",212,Professional occupations in applied sciences (except engineering),2020-08-01,15.7,-0.633
"Hamilton-Niagara Peninsula, Ontario",212,Professional occupations in applied sciences (except engineering),2020-09-01,15.9,1.274
"Hamilton-Niagara Peninsula, Ontario",212,Professional occupations in applied sciences (except engineering),2020-10-01,17.8,11.95
"Hamilton-Niagara Peninsula, Ontario",212,Professional occupations in applied sciences (except engineering),2020-11-01,20.2,13.483
"Hamilton-Niagara Peninsula, Ontario",212,Professional occupations in applied sciences (except engineering),2020-12-01,22.1,9.406
"Hamilton-Niagara Peninsula, Ontario",212,Professional occupations in applied sciences (except engineering),2021-01-01,22.8,3.167
"Hamilton-Niagara Peninsula, Ontario",212,Professional occupations in applied sciences (except engineering),2021-02-01,21.0,-7.895
"Hamilton-Niagara Peninsula, Ontario",212,Professional occupations in applied sciences (except engineering),2021-03-01,19.4,-7.619
"Hamilton-Niagara Peninsula, Ontario",212,Professional occupations in applied sciences (except engineering),2021-04-01,17.4,-10.309
"Hamilton-Niagara Peninsula, Ontario",212,Professional occupations in applied sciences (except engineering),2021-05-01,17.3,-0.575
"Hamilton-Niagara Peninsula, Ontario",212,Professional occupations in applied sciences (except engineering),2021-06-01,18.5,6.936
"Hamilton-Niagara Peninsula, Ontario",212,Professional occupations in applied sciences (except engineering),2021-07-01,19.0,2.703
"Hamilton-Niagara Peninsula, Ontario",212,Professional occupations in applied sciences (except engineering),2021-08-01,20.8,9.474
"Hamilton-Niagara Peninsula, Ontario",212,Professional occupations in applied sciences (except engineering),2021-09-01,21.2,1.923
"Hamilton-Niagara Peninsula, Ontario",212,Professional occupations in applied sciences (except engineering),2021-10-01,22.7,7.075
"Hamilton-Niagara Peninsula, Ontario",212,Professional occupations in applied sciences (except engineering),2021-11-01,21.4,-5.727
"Hamilton-Niagara Peninsula, Ontario",212,Professional occupations in applied sciences (except engineering),2021-12-01,19.9,-7.009
"Hamilton-Niagara Peninsula, Ontario",212,Professional occupations in applied sciences (except engineering),2022-01-01,20.6,3.518
"Hamilton-Niagara Peninsula, Ontario",212,Professional occupations in applied sciences (except engineering),2022-02-01,23.5,14.078
"Hamilton-Niagara Peninsula, Ontario",212,Professional occupations in applied sciences (except engineering),2022-03-01,27.1,15.319
"Hamilton-Niagara Peninsula, Ontario",212,Professional occupations in applied sciences (except engineering),2022-04-01,28.0,3.321
"Hamilton-Niagara Peninsula, Ontario",212,Professional occupations in applied sciences (except engineering),2022-05-01,27.4,-2.143
"Hamilton-Niagara Peninsula, Ontario",212,Professional occupations in applied sciences (except engineering),2022-06-01,26.7,-2.555
"Hamilton-Niagara Peninsula, Ontario",212,Professional occupations in applied sciences (except engineering),2022-07-01,25.7,-3.745
"Hamilton-Niagara Peninsula, Ontario",212,Professional occupations in applied sciences (except engineering),2022-08-01,24.4,-5.058
"Hamilton-Niagara Peninsula, Ontario",212,Professional occupations in applied sciences (except engineering),2022-09-01,22.6,-7.377
"Hamilton-Niagara Peninsula, Ontario",212,Professional occupations in applied sciences (except engineering),2022-10-01,21.7,-3.982
"Hamilton-Niagara Peninsula, Ontario",212,Professional occupations in applied sciences (except engineering),2022-11-01,22.3,2.765
"Hamilton-Niagara Peninsula, Ontario",212,Professional occupations in applied sciences (except engineering),2022-12-01,22.1,-0.897
"Hamilton-Niagara Peninsula, Ontario",212,Professional occupations in applied sciences (except engineering),2023-01-01,22.0,-0.452
"Hamilton-Niagara Peninsula, Ontario",212,Professional occupations in applied sciences (except engineering),2023-02-01,20.4,-7.273
"Hamilton-Niagara Peninsula, Ontario",212,Professional occupations in applied sciences (except engineering),2023-03-01,20.9,2.451
"Hamilton-Niagara Peninsula, Ontario",212,Professional occupations in applied sciences (except engineering),2023-04-01,20.4,-2.392
"Hamilton-Niagara Peninsula, Ontario",212,Professional occupations in applied sciences (except engineering),2023-05-01,20.6,0.98
"Hamilton-Niagara Peninsula, Ontario",212,Professional occupations in applied sciences (except engineering),2023-06-01,20.7,0.485
"Hamilton-Niagara Peninsula, Ontario",212,Professional occupations in applied sciences (except engineering),2023-07-01,21.6,4.348
"Hamilton-Niagara Peninsula, Ontario",212,Professional occupations in applied sciences (except engineering),2023-08-01,24.3,12.5
"Hamilton-Niagara Peninsula, Ontario",212,Professional occupations in applied sciences (except engineering),2023-09-01,26.1,7.407
"Hamilton-Niagara Peninsula, Ontario",212,Professional occupations in applied sciences (except engineering),2023-10-01,27.5,5.364
"Hamilton-Niagara Peninsula, Ontario",212,Professional occupations in applied sciences (except engineering),2023-11-01,27.4,-0.364
"Hamilton-Niagara Peninsula, Ontario",212,Professional occupations in applied sciences (except engineering),2023-12-01,27.7,1.095
"Hamilton-Niagara Peninsula, Ontario",212,Professional occupations in applied sciences (except engineering),2024-01-01,26.8,-3.249
"Hamilton-Niagara Peninsula, Ontario",212,Professional occupations in applied sciences (except engineering),2024-02-01,24.5,-8.582
"Hamilton-Niagara Peninsula, Ontario",212,Professional occupations in applied sciences (except engineering),2024-03-01,22.9,-6.531
"Hamilton-Niagara Peninsula, Ontario",212,Professional occupations in applied sciences (except engineering),2024-04-01,23.0,0.437
"Hamilton-Niagara Peninsula, Ontario",212,Professional occupations in applied sciences (except engineering),2024-05-01,26.0,13.043
"Hamilton-Niagara Peninsula, Ontario",212,Professional occupations in applied sciences (except engineering),2024-06-01,27.7,6.538
"Hamilton-Niagara Peninsula, Ontario",212,Professional occupations in applied sciences (except engineering),2024-07-01,29.0,4.693
"Hamilton-Niagara Peninsula, Ontario",212,Professional occupations in applied sciences (except engineering),2024-08-01,29.0,0.0
"Hamilton-Niagara Peninsula, Ontario",212,Professional occupations in applied sciences (except engineering),2024-09-01,28.4,-2.069
"Hamilton-Niagara Peninsula, Ontario",212,Professional occupations in applied sciences (except engineering),2024-10-01,28.2,-0.704
"Hamilton-Niagara Peninsula, Ontario",212,Professional occupations in applied sciences (except engineering),2024-11-01,25.9,-8.156
"Hamilton-Niagara Peninsula, Ontario",212,Professional occupations in applied sciences (except engineering),2024-12-01,25.3,-2.317
"Hamilton-Niagara Peninsula, Ontario",212,Professional occupations in applied sciences (except engineering),2025-01-01,25.2,-0.395
"Hamilton-Niagara Peninsula, Ontario",212,Professional occupations in applied sciences (except engineering),2025-02-01,26.0,3.175
"Hamilton-Niagara Peninsula, Ontario",212,Professional occupations in applied sciences (except engineering),2025-03-01,28.0,7.692
"Hamilton-Niagara Peninsula, Ontario",212,Professional occupations in applied sciences (except engineering),2025-04-01,29.7,6.071
"Hamilton-Niagara Peninsula, Ontario",212,Professional occupations in applied sciences (except engineering),2025-05-01,34.2,15.152
"Hamilton-Niagara Peninsula, Ontario",212,Professional occupations in applied sciences (except engineering),2025-06-01,35.5,3.801
"Hamilton-Niagara Peninsula, Ontario",212,Professional occupations in applied sciences (except engineering),2025-07-01,36.4,2.535
"Hamilton-Niagara Peninsula, Ontario",212,Professional occupations in applied sciences (except engineering),2025-08-01,32.9,-9.615
"Hamilton-Niagara Peninsula, Ontario",212,Professional occupations in applied sciences (except engineering),2025-09-01,32.1,-2.432
"Kingston-Pembroke, Ontario",112,Professional occupations in business,2011-03-01,3.2,
"Kingston-Pembroke, Ontario",112,Professional occupations in business,2011-04-01,2.7,-15.625
"Kingston-Pembroke, Ontario",112,Professional occupations in business,2011-05-01,2.1,-22.222
"Kingston-Pembroke, Ontario",112,Professional occupations in business,2011-06-01,2.3,9.524
"Kingston-Pembroke, Ontario",112,Professional occupations in business,2011-07-01,2.1,-8.696
"Kingston-Pembroke, Ontario",112,Professional occupations in business,2011-08-01,2.2,4.762
"Kingston-Pembroke, Ontario",112,Professional occupations in business,2011-09-01,2.1,-4.545
"Kingston-Pembroke, Ontario",112,Professional occupations in business,2011-10-01,2.5,19.048
"Kingston-Pembroke, Ontario",112,Professional occupations in business,2011-11-01,2.7,8.0
"Kingston-Pembroke, Ontario",112,Professional occupations in business,2011-12-01,2.5,-7.407
"Kingston-Pembroke, Ontario",112,Professional occupations in business,2012-01-01,2.2,-12.0
"Kingston-Pembroke, Ontario",112,Professional occupations in business,2012-02-01,1.7,-22.727
"Kingston-Pembroke, Ontario",112,Professional occupations in business,2012-03-01,1.7,0.0
"Kingston-Pembroke, Ontario",112,Professional occupations in business,2012-04-01,1.5,-11.765
"Kingston-Pembroke, Ontario",112,Professional occupations in business,2012-05-01,,0.0
"Kingston-Pembroke, Ontario",112,Professional occupations in business,2012-06-01,,0.0
"Kingston-Pembroke, Ontario",112,Professional occupations in business,2012-07-01,,0.0
"Kingston-Pembroke, Ontario",112,Professional occupations in business,2012-08-01,1.7,13.333
"Kingston-Pembroke, Ontario",112,Professional occupations in business,2012-09-01,2.4,41.176
"Kingston-Pembroke, Ontario",112,Professional occupations in business,2012-10-01,2.7,12.5
"Kingston-Pembroke, Ontario",112,Professional occupations in business,2012-11-01,2.7,0.0
"Kingston-Pembroke, Ontario",112,Professional occupations in business,2012-12-01,2.6,-3.704
"Kingston-Pembroke, Ontario",112,Professional occupations in business,2013-01-01,2.5,-3.846
"Kingston-Pembroke, Ontario",112,Professional occupations in business,2013-02-01,2.4,-4.0
"Kingston-Pembroke, Ontario",112,Professional occupations in business,2013-03-01,2.1,-12.5
"Kingston-Pembroke, Ontario",112,Professional occupations in business,2013-04-01,2.4,14.286
"Kingston-Pembroke, Ontario",112,Professional occupations in business,2013-05-01,2.8,16.667
"Kingston-Pembroke, Ontario",112,Professional occupations in business,2013-06-01,3.2,14.286
"Kingston-Pembroke, Ontario",112,Professional occupations in business,2013-07-01,3.1,-3.125
"Kingston-Pembroke, Ontario",112,Professional occupations in business,2013-08-01,2.9,-6.452
"Kingston-Pembroke, Ontario",112,Professional occupations in business,2013-09-01,2.9,0.0
"Kingston-Pembroke, Ontario",112,Professional occupations in business,2013-10-01,2.8,-3.448
"Kingston-Pembroke, Ontario",112,Professional occupations in business,2013-11-01,3.0,7.143
"Kingston-Pembroke, Ontario",112,Professional occupations in business,2013-12-01,3.2,6.667
"Kingston-Pembroke, Ontario",112,Professional occupations in business,2014-01-01,3.6,12.5
"Kingston-Pembroke, Ontario",112,Professional occupations in business,2014-02-01,3.4,-5.556
"Kingston-Pembroke, Ontario",112,Professional occupations in business,2014-03-01,3.0,-11.765
"Kingston-Pembroke, Ontario",112,Professional occupations in business,2014-04-01,2.4,-20.0
"Kingston-Pembroke, Ontario",112,Professional occupations in business,2014-05-01,2.0,-16.667
"Kingston-Pembroke, Ontario",112,Professional occupations in business,2014-06-01,1.7,-15.0
"Kingston-Pembroke, Ontario",112,Professional occupations in business,2014-07-01,1.6,-5.882
"Kingston-Pembroke, Ontario",112,Professional occupations in business,2014-08-01,1.6,0.0
"Kingston-Pembroke, Ontario",112,Professional occupations in business,2014-09-01,1.7,6.25
"Kingston-Pembroke, Ontario",112,Professional occupations in business,2014-10-01,1.8,5.882
"Kingston-Pembroke, Ontario",112,Professional occupations in business,2014-11-01,1.7,-5.556
"Kingston-Pembroke, Ontario",112,Professional occupations in business,2014-12-01,1.7,0.0
"Kingston-Pembroke, Ontario",112,Professional occupations in business,2015-01-01,1.6,-5.882
"Kingston-Pembroke, Ontario",112,Professional occupations in business,2015-02-01,,0.0
"Kingston-Pembroke, Ontario",112,Professional occupations in business,2015-03-01,1.5,-6.25
"Kingston-Pembroke, Ontario",112,Professional occupations in business,2015-04-01,1.5,0.0
"Kingston-Pembroke, Ontario",112,Professional occupations in business,2015-05-01,,0.0
"Kingston-Pembroke, Ontario",112,Professional occupations in business,2015-06-01,,0.0
"Kingston-Pembroke, Ontario",112,Professional occupations in business,2015-07-01,1.7,13.333
"Kingston-Pembroke, Ontario",112,Professional occupations in business,2015-08-01,2.4,41.176
"Kingston-Pembroke, Ontario",112,Professional occupations in business,2015-09-01,3.3,37.5
"Kingston-Pembroke, Ontario",112,Professional occupations in business,2015-10-01,3.9,18.182
"Kingston-Pembroke, Ontario",112,Professional occupations in business,2015-11-01,4.4,12.821
"Kingston-Pembroke, Ontario",112,Professional occupations in business,2015-12-01,4.7,6.818
"Kingston-Pembroke, Ontario",112,Professional occupations in business,2016-01-01,4.1,-12.766
"Kingston-Pembroke, Ontario",112,Professional occupations in business,2016-02-01,3.0,-26.829
"Kingston-Pembroke, Ontario",112,Professional occupations in business,2016-03-01,1.8,-40.0
"Kingston-Pembroke, Ontario",112,Professional occupations in business,2016-04-01,,0.0
"Kingston-Pembroke, Ontario",112,Professional occupations in business,2016-05-01,,0.0
"Kingston-Pembroke, Ontario",112,Professional occupations in business,2016-06-01,,0.0
"Kingston-Pembroke, Ontario",112,Professional occupations in business,2016-07-01,,0.0
"Kingston-Pembroke, Ontario",112,Professional occupations in business,2016-08-01,,0.0
"Kingston-Pembroke, Ontario",112,Professional occupations in business,2016-09-01,,0.0
"Kingston-Pembroke, Ontario",112,Professional occupations in business,2016-10-01,1.7,-5.556
"Kingston-Pembroke, Ontario",112,Professional occupations in business,2016-11-01,1.8,5.882
"Kingston-Pembroke, Ontario",112,Professional occupations in business,2016-12-01,1.7,-5.556
"Kingston-Pembroke, Ontario",112,Professional occupations in business,2017-01-01,1.9,11.765
"Kingston-Pembroke, Ontario",112,Professional occupations in business,2017-02-01,1.8,-5.263
"Kingston-Pembroke, Ontario",112,Professional occupations in business,2017-03-01,1.8,0.0
"Kingston-Pembroke, Ontario",112,Professional occupations in business,2017-04-01,,0.0
"Kingston-Pembroke, Ontario",112,Professional occupations in business,2017-05-01,,0.0
"Kingston-Pembroke, Ontario",112,Professional occupations in business,2017-06-01,,0.0
"Kingston-Pembroke, Ontario",112,Professional occupations in business,2017-07-01,,0.0
"Kingston-Pembroke, Ontario",112,Professional occupations in business,2017-08-01,1.6,-11.111
"Kingston-Pembroke, Ontario",112,Professional occupations in business,2017-09-01,2.0,25.0
"Kingston-Pembroke, Ontario",112,Professional occupations in business,2017-10-01,2.0,0.0
"Kingston-Pembroke, Ontario",112,Professional occupations in business,2017-11-01,2.1,5.0
"Kingston-Pembroke, Ontario",112,Professional occupations in business,2017-12-01,2.2,4.762
"Kingston-Pembroke, Ontario",112,Professional occupations in business,2018-01-01,2.1,-4.545
"Kingston-Pembroke, Ontario",112,Professional occupations in business,2018-02-01,1.9,-9.524
"Kingston-Pembroke, Ontario",112,Professional occupations in business,2018-03-01,1.7,-10.526
"Kingston-Pembroke, Ontario",112,Professional occupations in business,2018-04-01,1.8,5.882
"Kingston-Pembroke, Ontario",112,Professional occupations in business,2018-05-01,1.9,5.556
"Kingston-Pembroke, Ontario",112,Professional occupations in business,2018-06-01,2.0,5.263
"Kingston-Pembroke, Ontario",112,Professional occupations in business,2018-07-01,1.9,-5.0
"Kingston-Pembroke, Ontario",112,Professional occupations in business,2018-08-01,1.8,-5.263
"Kingston-Pembroke, Ontario",112,Professional occupations in business,2018-09-01,1.7,-5.556
"Kingston-Pembroke, Ontario",112,Professional occupations in business,2018-10-01,1.6,-5.882
"Kingston-Pembroke, Ontario",112,Professional occupations in business,2018-11-01,2.0,25.0
"Kingston-Pembroke, Ontario",112,Professional occupations in business,2018-12-01,2.5,25.0
"Kingston-Pembroke, Ontario",112,Professional occupations in business,2019-01-01,3.2,28.0
"Kingston-Pembroke, Ontario",112,Professional occupations in business,2019-02-01,3.7,15.625
"Kingston-Pembroke, Ontario",112,Professional occupations in business,2019-03-01,4.2,13.514
"Kingston-Pembroke, Ontario",112,Professional occupations in business,2019-04-01,4.3,2.381
"Kingston-Pembroke, Ontario",112,Professional occupations in business,2019-05-01,4.5,4.651
"Kingston-Pembroke, Ontario",112,Professional occupations in business,2019-06-01,4.4,-2.222
"Kingston-Pembroke, Ontario",112,Professional occupations in business,2019-07-01,3.9,-11.364
"Kingston-Pembroke, Ontario",112,Professional occupations in business,2019-08-01,2.9,-25.641
"Kingston-Pembroke, Ontario",112,Professional occupations in business,2019-09-01,2.3,-20.69
"Kingston-Pembroke, Ontario",112,Professional occupations in business,2019-10-01,2.0,-13.043
"Kingston-Pembroke, Ontario",112,Professional occupations in business,2019-11-01,1.9,-5.0
"Kingston-Pembroke, Ontario",112,Professional occupations in business,2019-12-01,1.8,-5.263
"Kingston-Pembroke, Ontario",112,Professional occupations in business,2020-01-01,2.2,22.222
"Kingston-Pembroke, Ontario",112,Professional occupations in business,2020-02-01,2.2,0.0
"Kingston-Pembroke, Ontario",112,Professional occupations in business,2020-03-01,2.4,9.091
"Kingston-Pembroke, Ontario",112,Professional occupations in business,2020-04-01,2.0,-16.667
"Kingston-Pembroke, Ontario",112,Professional occupations in business,2020-05-01,2.6,30.0
"Kingston-Pembroke, Ontario",112,Professional occupations in business,2020-06-01,3.1,19.231
"Kingston-Pembroke, Ontario",112,Professional occupations in business,2020-07-01,4.3,38.71
"Kingston-Pembroke, Ontario",112,Professional occupations in business,2020-08-01,4.0,-6.977
"Kingston-Pembroke, Ontario",112,Professional occupations in business,2020-09-01,4.1,2.5
"Kingston-Pembroke, Ontario",112,Professional occupations in business,2020-10-01,3.4,-17.073
"Kingston-Pembroke, Ontario",112,Professional occupations in business,2020-11-01,3.4,0.0
"Kingston-Pembroke, Ontario",112,Professional occupations in business,2020-12-01,2.9,-14.706
"Kingston-Pembroke, Ontario",112,Professional occupations in business,2021-01-01,2.6,-10.345
"Kingston-Pembroke, Ontario",112,Professional occupations in business,2021-02-01,2.1,-19.231
"Kingston-Pembroke, Ontario",112,Professional occupations in business,2021-03-01,1.7,-19.048
"Kingston-Pembroke, Ontario",112,Professional occupations in business,2021-04-01,1.6,-5.882
"Kingston-Pembroke, Ontario",112,Professional occupations in business,2021-05-01,1.7,6.25
"Kingston-Pembroke, Ontario",112,Professional occupations in business,2021-06-01,2.7,58.824
"Kingston-Pembroke, Ontario",112,Professional occupations in business,2021-07-01,3.4,25.926
"Kingston-Pembroke, Ontario",112,Professional occupations in business,2021-08-01,3.8,11.765
"Kingston-Pembroke, Ontario",112,Professional occupations in business,2021-09-01,3.5,-7.895
"Kingston-Pembroke, Ontario",112,Professional occupations in business,2021-10-01,4.7,34.286
"Kingston-Pembroke, Ontario",112,Professional occupations in business,2021-11-01,5.0,6.383
"Kingston-Pembroke, Ontario",112,Professional occupations in business,2021-12-01,5.4,8.0
"Kingston-Pembroke, Ontario",112,Professional occupations in business,2022-01-01,4.7,-12.963
"Kingston-Pembroke, Ontario",112,Professional occupations in business,2022-02-01,5.4,14.894
"Kingston-Pembroke, Ontario",112,Professional occupations in business,2022-03-01,5.3,-1.852
"Kingston-Pembroke, Ontario",112,Professional occupations in business,2022-04-01,5.1,-3.774
"Kingston-Pembroke, Ontario",112,Professional occupations in business,2022-05-01,4.8,-5.882
"Kingston-Pembroke, Ontario",112,Professional occupations in business,2022-06-01,4.1,-14.583
"Kingston-Pembroke, Ontario",112,Professional occupations in business,2022-07-01,3.3,-19.512
"Kingston-Pembroke, Ontario",112,Professional occupations in business,2022-08-01,2.2,-33.333
"Kingston-Pembroke, Ontario",112,Professional occupations in business,2022-09-01,2.9,31.818
"Kingston-Pembroke, Ontario",112,Professional occupations in business,2022-10-01,3.8,31.034
"Kingston-Pembroke, Ontario",112,Professional occupations in business,2022-11-01,5.1,34.211
"Kingston-Pembroke, Ontario",112,Professional occupations in business,2022-12-01,5.2,1.961
"Kingston-Pembroke, Ontario",112,Professional occupations in business,2023-01-01,5.0,-3.846
"Kingston-Pembroke, Ontario",112,Professional occupations in business,2023-02-01,3.5,-30.0
"Kingston-Pembroke, Ontario",112,Professional occupations in business,2023-03-01,3.1,-11.429
"Kingston-Pembroke, Ontario",112,Professional occupations in business,2023-04-01,1.9,-38.71
"Kingston-Pembroke, Ontario",112,Professional occupations in business,2023-05-01,1.9,0.0
"Kingston-Pembroke, Ontario",112,Professional occupations in business,2023-06-01,2.1,10.526
"Kingston-Pembroke, Ontario",112,Professional occupations in business,2023-07-01,2.8,33.333
"Kingston-Pembroke, Ontario",112,Professional occupations in business,2023-08-01,3.8,35.714
"Kingston-Pembroke, Ontario",112,Professional occupations in business,2023-09-01,3.7,-2.632
"Kingston-Pembroke, Ontario",112,Professional occupations in business,2023-10-01,4.1,10.811
"Kingston-Pembroke, Ontario",112,Professional occupations in business,2023-11-01,4.4,7.317
"Kingston-Pembroke, Ontario",112,Professional occupations in business,2023-12-01,4.7,6.818
"Kingston-Pembroke, Ontario",112,Professional occupations in business,2024-01-01,4.9,4.255
"Kingston-Pembroke, Ontario",112,Professional occupations in business,2024-02-01,4.8,-2.041
"Kingston-Pembroke, Ontario",112,Professional occupations in business,2024-03-01,4.3,-10.417
"Kingston-Pembroke, Ontario",112,Professional occupations in business,2024-04-01,3.9,-9.302
"Kingston-Pembroke, Ontario",112,Professional occupations in business,2024-05-01,3.3,-15.385
"Kingston-Pembroke, Ontario",112,Professional occupations in business,2024-06-01,3.0,-9.091
"Kingston-Pembroke, Ontario",112,Professional occupations in business,2024-07-01,2.5,-16.667
"Kingston-Pembroke, Ontario",112,Professional occupations in business,2024-08-01,2.5,0.0
"Kingston-Pembroke, Ontario",112,Professional occupations in business,2024-09-01,3.0,20.0
"Kingston-Pembroke, Ontario",112,Professional occupations in business,2024-10-01,3.8,26.667
"Kingston-Pembroke, Ontario",112,Professional occupations in business,2024-11-01,4.0,5.263
"Kingston-Pembroke, Ontario",112,Professional occupations in business,2024-12-01,3.7,-7.5
"Kingston-Pembroke, Ontario",112,Professional occupations in business,2025-01-01,3.8,2.703
"Kingston-Pembroke, Ontario",112,Professional occupations in business,2025-02-01,4.0,5.263
"Kingston-Pembroke, Ontario",112,Professional occupations in business,2025-03-01,3.8,-5.0
"Kingston-Pembroke, Ontario",112,Professional occupations in business,2025-04-01,3.4,-10.526
"Kingston-Pembroke, Ontario",112,Professional occupations in business,2025-05-01,3.3,-2.941
"Kingston-Pembroke, Ontario",112,Professional occupations in business,2025-06-01,3.7,12.121
"Kingston-Pembroke, Ontario",112,Professional occupations in business,2025-07-01,3.8,2.703
"Kingston-Pembroke, Ontario",112,Professional occupations in business,2025-08-01,4.1,7.895
"Kingston-Pembroke, Ontario",112,Professional occupations in business,2025-09-01,4.9,19.512
"Kingston-Pembroke, Ontario",212,Professional occupations in applied sciences (except engineering),2011-03-01,2.9,
"Kingston-Pembroke, Ontario",212,Professional occupations in applied sciences (except engineering),2011-04-01,3.1,6.897
"Kingston-Pembroke, Ontario",212,Professional occupations in applied sciences (except engineering),2011-05-01,3.2,3.226
"Kingston-Pembroke, Ontario",212,Professional occupations in applied sciences (except engineering),2011-06-01,3.3,3.125
"Kingston-Pembroke, Ontario",212,Professional occupations in applied sciences (except engineering),2011-07-01,3.0,-9.091
"Kingston-Pembroke, Ontario",212,Professional occupations in applied sciences (except engineering),2011-08-01,2.8,-6.667
"Kingston-Pembroke, Ontario",212,Professional occupations in applied sciences (except engineering),2011-09-01,2.7,-3.571
"Kingston-Pembroke, Ontario",212,Professional occupations in applied sciences (except engineering),2011-10-01,2.7,0.0
"Kingston-Pembroke, Ontario",212,Professional occupations in applied sciences (except engineering),2011-11-01,2.6,-3.704
"Kingston-Pembroke, Ontario",212,Professional occupations in applied sciences (except engineering),2011-12-01,2.7,3.846
"Kingston-Pembroke, Ontario",212,Professional occupations in applied sciences (except engineering),2012-01-01,3.1,14.815
"Kingston-Pembroke, Ontario",212,Professional occupations in applied sciences (except engineering),2012-02-01,3.6,16.129
"Kingston-Pembroke, Ontario",212,Professional occupations in applied sciences (except engineering),2012-03-01,3.9,8.333
"Kingston-Pembroke, Ontario",212,Professional occupations in applied sciences (except engineering),2012-04-01,3.7,-5.128
"Kingston-Pembroke, Ontario",212,Professional occupations in applied sciences (except engineering),2012-05-01,3.7,0.0
"Kingston-Pembroke, Ontario",212,Professional occupations in applied sciences (except engineering),2012-06-01,3.9,5.405
"Kingston-Pembroke, Ontario",212,Professional occupations in applied sciences (except engineering),2012-07-01,3.9,0.0
"Kingston-Pembroke, Ontario",212,Professional occupations in applied sciences (except engineering),2012-08-01,3.6,-7.692
"Kingston-Pembroke, Ontario",212,Professional occupations in applied sciences (except engineering),2012-09-01,3.0,-16.667
"Kingston-Pembroke, Ontario",212,Professional occupations in applied sciences (except engineering),2012-10-01,2.6,-13.333
"Kingston-Pembroke, Ontario",212,Professional occupations in applied sciences (except engineering),2012-11-01,2.6,0.0
"Kingston-Pembroke, Ontario",212,Professional occupations in applied sciences (except engineering),2012-12-01,2.4,-7.692
"Kingston-Pembroke, Ontario",212,Professional occupations in applied sciences (except engineering),2013-01-01,2.1,-12.5
"Kingston-Pembroke, Ontario",212,Professional occupations in applied sciences (except engineering),2013-02-01,1.9,-9.524
"Kingston-Pembroke, Ontario",212,Professional occupations in applied sciences (except engineering),2013-03-01,1.8,-5.263
"Kingston-Pembroke, Ontario",212,Professional occupations in applied sciences (except engineering),2013-04-01,2.1,16.667
"Kingston-Pembroke, Ontario",212,Professional occupations in applied sciences (except engineering),2013-05-01,2.1,0.0
"Kingston-Pembroke, Ontario",212,Professional occupations in applied sciences (except engineering),2013-06-01,2.4,14.286
"Kingston-Pembroke, Ontario",212,Professional occupations in applied sciences (except engineering),2013-07-01,2.6,8.333
"Kingston-Pembroke, Ontario",212,Professional occupations in applied sciences (except engineering),2013-08-01,2.8,7.692
"Kingston-Pembroke, Ontario",212,Professional occupations in applied sciences (except engineering),2013-09-01,3.0,7.143
"Kingston-Pembroke, Ontario",212,Professional occupations in applied sciences (except engineering),2013-10-01,2.8,-6.667
"Kingston-Pembroke, Ontario",212,Professional occupations in applied sciences (except engineering),2013-11-01,2.4,-14.286
"Kingston-Pembroke, Ontario",212,Professional occupations in applied sciences (except engineering),2013-12-01,2.1,-12.5
"Kingston-Pembroke, Ontario",212,Professional occupations in applied sciences (except engineering),2014-01-01,2.2,4.762
"Kingston-Pembroke, Ontario",212,Professional occupations in applied sciences (except engineering),2014-02-01,2.7,22.727
"Kingston-Pembroke, Ontario",212,Professional occupations in applied sciences (except engineering),2014-03-01,3.2,18.519
"Kingston-Pembroke, Ontario",212,Professional occupations in applied sciences (except engineering),2014-04-01,3.3,3.125
"Kingston-Pembroke, Ontario",212,Professional occupations in applied sciences (except engineering),2014-05-01,3.4,3.03
"Kingston-Pembroke, Ontario",212,Professional occupations in applied sciences (except engineering),2014-06-01,3.4,0.0
"Kingston-Pembroke, Ontario",212,Professional occupations in applied sciences (except engineering),2014-07-01,3.7,8.824
"Kingston-Pembroke, Ontario",212,Professional occupations in applied sciences (except engineering),2014-08-01,3.6,-2.703
"Kingston-Pembroke, Ontario",212,Professional occupations in applied sciences (except engineering),2014-09-01,3.3,-8.333
"Kingston-Pembroke, Ontario",212,Professional occupations in applied sciences (except engineering),2014-10-01,2.8,-15.152
"Kingston-Pembroke, Ontario",212,Professional occupations in applied sciences (except engineering),2014-11-01,2.1,-25.0
"Kingston-Pembroke, Ontario",212,Professional occupations in applied sciences (except engineering),2014-12-01,1.8,-14.286
"Kingston-Pembroke, Ontario",212,Professional occupations in applied sciences (except engineering),2015-01-01,1.5,-16.667
"Kingston-Pembroke, Ontario",212,Professional occupations in applied sciences (except engineering),2015-02-01,,0.0
"Kingston-Pembroke, Ontario",212,Professional occupations in applied sciences (except engineering),2015-03-01,1.7,13.333
"Kingston-Pembroke, Ontario",212,Professional occupations in applied sciences (except engineering),2015-04-01,1.6,-5.882
"Kingston-Pembroke, Ontario",212,Professional occupations in applied sciences (except engineering),2015-05-01,2.2,37.5
"Kingston-Pembroke, Ontario",212,Professional occupations in applied sciences (except engineering),2015-06-01,2.5,13.636
"Kingston-Pembroke, Ontario",212,Professional occupations in applied sciences (except engineering),2015-07-01,3.1,24.0
"Kingston-Pembroke, Ontario",212,Professional occupations in applied sciences (except engineering),2015-08-01,3.2,3.226
"Kingston-Pembroke, Ontario",212,Professional occupations in applied sciences (except engineering),2015-09-01,3.1,-3.125
"Kingston-Pembroke, Ontario",212,Professional occupations in applied sciences (except engineering),2015-10-01,3.1,0.0
"Kingston-Pembroke, Ontario",212,Professional occupations in applied sciences (except engineering),2015-11-01,2.6,-16.129
"Kingston-Pembroke, Ontario",212,Professional occupations in applied sciences (except engineering),2015-12-01,2.2,-15.385
"Kingston-Pembroke, Ontario",212,Professional occupations in applied sciences (except engineering),2016-01-01,1.7,-22.727
"Kingston-Pembroke, Ontario",212,Professional occupations in applied sciences (except engineering),2016-02-01,1.7,0.0
"Kingston-Pembroke, Ontario",212,Professional occupations in applied sciences (except engineering),2016-03-01,1.9,11.765
"Kingston-Pembroke, Ontario",212,Professional occupations in applied sciences (except engineering),2016-04-01,2.1,10.526
"Kingston-Pembroke, Ontario",212,Professional occupations in applied sciences (except engineering),2016-05-01,2.0,-4.762
"Kingston-Pembroke, Ontario",212,Professional occupations in applied sciences (except engineering),2016-06-01,1.9,-5.0
"Kingston-Pembroke, Ontario",212,Professional occupations in applied sciences (except engineering),2016-07-01,2.7,42.105
"Kingston-Pembroke, Ontario",212,Professional occupations in applied sciences (except engineering),2016-08-01,3.2,18.519
"Kingston-Pembroke, Ontario",212,Professional occupations in applied sciences (except engineering),2016-09-01,4.2,31.25
"Kingston-Pembroke, Ontario",212,Professional occupations in applied sciences (except engineering),2016-10-01,4.2,0.0
"Kingston-Pembroke, Ontario",212,Professional occupations in applied sciences (except engineering),2016-11-01,4.6,9.524
"Kingston-Pembroke, Ontario",212,Professional occupations in applied sciences (except engineering),2016-12-01,4.8,4.348
"Kingston-Pembroke, Ontario",212,Professional occupations in applied sciences (except engineering),2017-01-01,4.2,-12.5
"Kingston-Pembroke, Ontario",212,Professional occupations in applied sciences (except engineering),2017-02-01,3.5,-16.667
"Kingston-Pembroke, Ontario",212,Professional occupations in applied sciences (except engineering),2017-03-01,2.4,-31.429
"Kingston-Pembroke, Ontario",212,Professional occupations in applied sciences (except engineering),2017-04-01,2.5,4.167
"Kingston-Pembroke, Ontario",212,Professional occupations in applied sciences (except engineering),2017-05-01,3.7,48.0
"Kingston-Pembroke, Ontario",212,Professional occupations in applied sciences (except engineering),2017-06-01,5.0,35.135
"Kingston-Pembroke, Ontario",212,Professional occupations in applied sciences (except engineering),2017-07-01,5.6,12.0
"Kingston-Pembroke, Ontario",212,Professional occupations in applied sciences (except engineering),2017-08-01,5.2,-7.143
"Kingston-Pembroke, Ontario",212,Professional occupations in applied sciences (except engineering),2017-09-01,4.9,-5.769
"Kingston-Pembroke, Ontario",212,Professional occupations in applied sciences (except engineering),2017-10-01,4.9,0.0
"Kingston-Pembroke, Ontario",212,Professional occupations in applied sciences (except engineering),2017-11-01,4.4,-10.204
"Kingston-Pembroke, Ontario",212,Professional occupations in applied sciences (except engineering),2017-12-01,3.9,-11.364
"Kingston-Pembroke, Ontario",212,Professional occupations in applied sciences (except engineering),2018-01-01,3.5,-10.256
"Kingston-Pembroke, Ontario",212,Professional occupations in applied sciences (except engineering),2018-02-01,3.7,5.714
"Kingston-Pembroke, Ontario",212,Professional occupations in applied sciences (except engineering),2018-03-01,3.8,2.703
"Kingston-Pembroke, Ontario",212,Professional occupations in applied sciences (except engineering),2018-04-01,3.4,-10.526
"Kingston-Pembroke, Ontario",212,Professional occupations in applied sciences (except engineering),2018-05-01,3.3,-2.941
"Kingston-Pembroke, Ontario",212,Professional occupations in applied sciences (except engineering),2018-06-01,3.6,9.091
"Kingston-Pembroke, Ontario",212,Professional occupations in applied sciences (except engineering),2018-07-01,4.0,11.111
"Kingston-Pembroke, Ontario",212,Professional occupations in applied sciences (except engineering),2018-08-01,3.9,-2.5
"Kingston-Pembroke, Ontario",212,Professional occupations in applied sciences (except engineering),2018-09-01,3.3,-15.385
"Kingston-Pembroke, Ontario",212,Professional occupations in applied sciences (except engineering),2018-10-01,3.2,-3.03
"Kingston-Pembroke, Ontario",212,Professional occupations in applied sciences (except engineering),2018-11-01,2.8,-12.5
"Kingston-Pembroke, Ontario",212,Professional occupations in applied sciences (except engineering),2018-12-01,2.3,-17.857
"Kingston-Pembroke, Ontario",212,Professional occupations in applied sciences (except engineering),2019-01-01,2.1,-8.696
"Kingston-Pembroke, Ontario",212,Professional occupations in applied sciences (except engineering),2019-02-01,2.1,0.0
"Kingston-Pembroke, Ontario",212,Professional occupations in applied sciences (except engineering),2019-03-01,2.4,14.286
"Kingston-Pembroke, Ontario",212,Professional occupations in applied sciences (except engineering),2019-04-01,2.5,4.167
"Kingston-Pembroke, Ontario",212,Professional occupations in applied sciences (except engineering),2019-05-01,2.7,8.0
"Kingston-Pembroke, Ontario",212,Professional occupations in applied sciences (except engineering),2019-06-01,2.8,3.704
"Kingston-Pembroke, Ontario",212,Professional occupations in applied sciences (except engineering),2019-07-01,2.3,-17.857
"Kingston-Pembroke, Ontario",212,Professional occupations in applied sciences (except engineering),2019-08-01,2.1,-8.696
"Kingston-Pembroke, Ontario",212,Professional occupations in applied sciences (except engineering),2019-09-01,2.4,14.286
"Kingston-Pembroke, Ontario",212,Professional occupations in applied sciences (except engineering),2019-10-01,3.3,37.5
"Kingston-Pembroke, Ontario",212,Professional occupations in applied sciences (except engineering),2019-11-01,4.2,27.273
"Kingston-Pembroke, Ontario",212,Professional occupations in applied sciences (except engineering),2019-12-01,4.5,7.143
"Kingston-Pembroke, Ontario",212,Professional occupations in applied sciences (except engineering),2020-01-01,5.0,11.111
"Kingston-Pembroke, Ontario",212,Professional occupations in applied sciences (except engineering),2020-02-01,5.7,14.0
"Kingston-Pembroke, Ontario",212,Professional occupations in applied sciences (except engineering),2020-03-01,5.6,-1.754
"Kingston-Pembroke, Ontario",212,Professional occupations in applied sciences (except engineering),2020-04-01,4.9,-12.5
"Kingston-Pembroke, Ontario",212,Professional occupations in applied sciences (except engineering),2020-05-01,4.2,-14.286
"Kingston-Pembroke, Ontario",212,Professional occupations in applied sciences (except engineering),2020-06-01,4.7,11.905
"Kingston-Pembroke, Ontario",212,Professional occupations in applied sciences (except engineering),2020-07-01,4.8,2.128
"Kingston-Pembroke, Ontario",212,Professional occupations in applied sciences (except engineering),2020-08-01,4.8,0.0
"Kingston-Pembroke, Ontario",212,Professional occupations in applied sciences (except engineering),2020-09-01,3.8,-20.833
"Kingston-Pembroke, Ontario",212,Professional occupations in applied sciences (except engineering),2020-10-01,3.3,-13.158
"Kingston-Pembroke, Ontario",212,Professional occupations in applied sciences (except engineering),2020-11-01,3.2,-3.03
"Kingston-Pembroke, Ontario",212,Professional occupations in applied sciences (except engineering),2020-12-01,3.4,6.25
"Kingston-Pembroke, Ontario",212,Professional occupations in applied sciences (except engineering),2021-01-01,3.2,-5.882
"Kingston-Pembroke, Ontario",212,Professional occupations in applied sciences (except engineering),2021-02-01,2.4,-25.0
"Kingston-Pembroke, Ontario",212,Professional occupations in applied sciences (except engineering),2021-03-01,1.9,-20.833
"Kingston-Pembroke, Ontario",212,Professional occupations in applied sciences (except engineering),2021-04-01,2.0,5.263
"Kingston-Pembroke, Ontario",212,Professional occupations in applied sciences (except engineering),2021-05-01,2.1,5.0
"Kingston-Pembroke, Ontario",212,Professional occupations in applied sciences (except engineering),2021-06-01,2.6,23.81
"Kingston-Pembroke, Ontario",212,Professional occupations in applied sciences (except engineering),2021-07-01,3.7,42.308
"Kingston-Pembroke, Ontario",212,Professional occupations in applied sciences (except engineering),2021-08-01,5.7,54.054
"Kingston-Pembroke, Ontario",212,Professional occupations in applied sciences (except engineering),2021-09-01,6.2,8.772
"Kingston-Pembroke, Ontario",212,Professional occupations in applied sciences (except engineering),2021-10-01,5.8,-6.452
"Kingston-Pembroke, Ontario",212,Professional occupations in applied sciences (except engineering),2021-11-01,4.9,-15.517
"Kingston-Pembroke, Ontario",212,Professional occupations in applied sciences (except engineering),2021-12-01,4.9,0.0
"Kingston-Pembroke, Ontario",212,Professional occupations in applied sciences (except engineering),2022-01-01,4.6,-6.122
"Kingston-Pembroke, Ontario",212,Professional occupations in applied sciences (except engineering),2022-02-01,3.8,-17.391
"Kingston-Pembroke, Ontario",212,Professional occupations in applied sciences (except engineering),2022-03-01,3.2,-15.789
"Kingston-Pembroke, Ontario",212,Professional occupations in applied sciences (except engineering),2022-04-01,3.1,-3.125
"Kingston-Pembroke, Ontario",212,Professional occupations in applied sciences (except engineering),2022-05-01,3.1,0.0
"Kingston-Pembroke, Ontario",212,Professional occupations in applied sciences (except engineering),2022-06-01,3.7,19.355
"Kingston-Pembroke, Ontario",212,Professional occupations in applied sciences (except engineering),2022-07-01,4.1,10.811
"Kingston-Pembroke, Ontario",212,Professional occupations in applied sciences (except engineering),2022-08-01,5.3,29.268
"Kingston-Pembroke, Ontario",212,Professional occupations in applied sciences (except engineering),2022-09-01,5.8,9.434
"Kingston-Pembroke, Ontario",212,Professional occupations in applied sciences (except engineering),2022-10-01,6.5,12.069
"Kingston-Pembroke, Ontario",212,Professional occupations in applied sciences (except engineering),2022-11-01,7.0,7.692
"Kingston-Pembroke, Ontario",212,Professional occupations in applied sciences (except engineering),2022-12-01,7.5,7.143
"Kingston-Pembroke, Ontario",212,Professional occupations in applied sciences (except engineering),2023-01-01,7.2,-4.0
"Kingston-Pembroke, Ontario",212,Professional occupations in applied sciences (except engineering),2023-02-01,6.4,-11.111
"Kingston-Pembroke, Ontario",212,Professional occupations in applied sciences (except engineering),2023-03-01,5.9,-7.812
"Kingston-Pembroke, Ontario",212,Professional occupations in applied sciences (except engineering),2023-04-01,5.6,-5.085
"Kingston-Pembroke, Ontario",212,Professional occupations in applied sciences (except engineering),2023-05-01,6.3,12.5
"Kingston-Pembroke, Ontario",212,Professional occupations in applied sciences (except engineering),2023-06-01,7.1,12.698
"Kingston-Pembroke, Ontario",212,Professional occupations in applied sciences (except engineering),2023-07-01,7.8,9.859
"Kingston-Pembroke, Ontario",212,Professional occupations in applied sciences (except engineering),2023-08-01,7.7,-1.282
"Kingston-Pembroke, Ontario",212,Professional occupations in applied sciences (except engineering),2023-09-01,7.0,-9.091
"Kingston-Pembroke, Ontario",212,Professional occupations in applied sciences (except engineering),2023-10-01,6.8,-2.857
"Kingston-Pembroke, Ontario",212,Professional occupations in applied sciences (except engineering),2023-11-01,6.3,-7.353
"Kingston-Pembroke, Ontario",212,Professional occupations in applied sciences (except engineering),2023-12-01,5.4,-14.286
"Kingston-Pembroke, Ontario",212,Professional occupations in applied sciences (except engineering),2024-01-01,4.5,-16.667
"Kingston-Pembroke, Ontario",212,Professional occupations in applied sciences (except engineering),2024-02-01,4.0,-11.111
"Kingston-Pembroke, Ontario",212,Professional occupations in applied sciences (except engineering),2024-03-01,3.6,-10.0
"Kingston-Pembroke, Ontario",212,Professional occupations in applied sciences (except engineering),2024-04-01,2.9,-19.444
"Kingston-Pembroke, Ontario",212,Professional occupations in applied sciences (except engineering),2024-05-01,2.9,0.0
"Kingston-Pembroke, Ontario",212,Professional occupations in applied sciences (except engineering),2024-06-01,3.4,17.241
"Kingston-Pembroke, Ontario",212,Professional occupations in applied sciences (except engineering),2024-07-01,4.0,17.647
"Kingston-Pembroke, Ontario",212,Professional occupations in applied sciences (except engineering),2024-08-01,4.3,7.5
"Kingston-Pembroke, Ontario",212,Professional occupations in applied sciences (except engineering),2024-09-01,5.0,16.279
"Kingston-Pembroke, Ontario",212,Professional occupations in applied sciences (except engineering),2024-10-01,5.5,10.0
"Kingston-Pembroke, Ontario",212,Professional occupations in applied sciences (except engineering),2024-11-01,5.8,5.455
"Kingston-Pembroke, Ontario",212,Professional occupations in applied sciences (except engineering),2024-12-01,5.4,-6.897
"Kingston-Pembroke, Ontario",212,Professional occupations in applied sciences (except engineering),2025-01-01,5.2,-3.704
"Kingston-Pembroke, Ontario",212,Professional occupations in applied sciences (except engineering),2025-02-01,5.7,9.615
"Kingston-Pembroke, Ontario",212,Professional occupations in applied sciences (except engineering),2025-03-01,5.9,3.509
"Kingston-Pembroke, Ontario",212,Professional occupations in applied sciences (except engineering),2025-04-01,6.1,3.39
"Kingston-Pembroke, Ontario",212,Professional occupations in applied sciences (except engineering),2025-05-01,5.3,-13.115
"Kingston-Pembroke, Ontario",212,Professional occupations in applied sciences (except engineering),2025-06-01,4.7,-11.321
"Kingston-Pembroke, Ontario",212,Professional occupations in applied sciences (except engineering),2025-07-01,4.3,-8.511
"Kingston-Pembroke, Ontario",212,Professional occupations in applied sciences (except engineering),2025-08-01,4.6,6.977
"Kingston-Pembroke, Ontario",212,Professional occupations in applied sciences (except engineering),2025-09-01,5.2,13.043
"Kitchener-Waterloo-Barrie, Ontario",112,Professional occupations in business,2011-03-01,8.5,
"Kitchener-Waterloo-Barrie, Ontario",112,Professional occupations in business,2011-04-01,7.8,-8.235
"Kitchener-Waterloo-Barrie, Ontario",112,Professional occupations in business,2011-05-01,7.1,-8.974
"Kitchener-Waterloo-Barrie, Ontario",112,Professional occupations in business,2011-06-01,6.8,-4.225
"Kitchener-Waterloo-Barrie, Ontario",112,Professional occupations in business,2011-07-01,6.7,-1.471
"Kitchener-Waterloo-Barrie, Ontario",112,Professional occupations in business,2011-08-01,7.5,11.94
"Kitchener-Waterloo-Barrie, Ontario",112,Professional occupations in business,2011-09-01,8.7,16.0
"Kitchener-Waterloo-Barrie, Ontario",112,Professional occupations in business,2011-10-01,10.0,14.943
"Kitchener-Waterloo-Barrie, Ontario",112,Professional occupations in business,2011-11-01,10.8,8.0
"Kitchener-Waterloo-Barrie, Ontario",112,Professional occupations in business,2011-12-01,11.0,1.852
"Kitchener-Waterloo-Barrie, Ontario",112,Professional occupations in business,2012-01-01,11.4,3.636
"Kitchener-Waterloo-Barrie, Ontario",112,Professional occupations in business,2012-02-01,10.4,-8.772
"Kitchener-Waterloo-Barrie, Ontario",112,Professional occupations in business,2012-03-01,8.7,-16.346
"Kitchener-Waterloo-Barrie, Ontario",112,Professional occupations in business,2012-04-01,6.7,-22.989
"Kitchener-Waterloo-Barrie, Ontario",112,Professional occupations in business,2012-05-01,6.8,1.493
"Kitchener-Waterloo-Barrie, Ontario",112,Professional occupations in business,2012-06-01,8.0,17.647
"Kitchener-Waterloo-Barrie, Ontario",112,Professional occupations in business,2012-07-01,10.0,25.0
"Kitchener-Waterloo-Barrie, Ontario",112,Professional occupations in business,2012-08-01,10.6,6.0
"Kitchener-Waterloo-Barrie, Ontario",112,Professional occupations in business,2012-09-01,11.3,6.604
"Kitchener-Waterloo-Barrie, Ontario",112,Professional occupations in business,2012-10-01,11.4,0.885
"Kitchener-Waterloo-Barrie, Ontario",112,Professional occupations in business,2012-11-01,11.9,4.386
"Kitchener-Waterloo-Barrie, Ontario",112,Professional occupations in business,2012-12-01,12.1,1.681
"Kitchener-Waterloo-Barrie, Ontario",112,Professional occupations in business,2013-01-01,11.4,-5.785
"Kitchener-Waterloo-Barrie, Ontario",112,Professional occupations in business,2013-02-01,10.6,-7.018
"Kitchener-Waterloo-Barrie, Ontario",112,Professional occupations in business,2013-03-01,10.2,-3.774
"Kitchener-Waterloo-Barrie, Ontario",112,Professional occupations in business,2013-04-01,10.9,6.863
"Kitchener-Waterloo-Barrie, Ontario",112,Professional occupations in business,2013-05-01,11.0,0.917
"Kitchener-Waterloo-Barrie, Ontario",112,Professional occupations in business,2013-06-01,10.6,-3.636
"Kitchener-Waterloo-Barrie, Ontario",112,Professional occupations in business,2013-07-01,10.0,-5.66
"Kitchener-Waterloo-Barrie, Ontario",112,Professional occupations in business,2013-08-01,10.2,2.0
"Kitchener-Waterloo-Barrie, Ontario",112,Professional occupations in business,2013-09-01,9.3,-8.824
"Kitchener-Waterloo-Barrie, Ontario",112,Professional occupations in business,2013-10-01,8.7,-6.452
"Kitchener-Waterloo-Barrie, Ontario",112,Professional occupations in business,2013-11-01,7.9,-9.195
"Kitchener-Waterloo-Barrie, Ontario",112,Professional occupations in business,2013-12-01,8.8,11.392
"Kitchener-Waterloo-Barrie, Ontario",112,Professional occupations in business,2014-01-01,9.3,5.682
"Kitchener-Waterloo-Barrie, Ontario",112,Professional occupations in business,2014-02-01,10.3,10.753
"Kitchener-Waterloo-Barrie, Ontario",112,Professional occupations in business,2014-03-01,10.7,3.883
"Kitchener-Waterloo-Barrie, Ontario",112,Professional occupations in business,2014-04-01,11.4,6.542
"Kitchener-Waterloo-Barrie, Ontario",112,Professional occupations in business,2014-05-01,11.9,4.386
"Kitchener-Waterloo-Barrie, Ontario",112,Professional occupations in business,2014-06-01,11.3,-5.042
"Kitchener-Waterloo-Barrie, Ontario",112,Professional occupations in business,2014-07-01,11.3,0.0
"Kitchener-Waterloo-Barrie, Ontario",112,Professional occupations in business,2014-08-01,10.4,-7.965
"Kitchener-Waterloo-Barrie, Ontario",112,Professional occupations in business,2014-09-01,10.4,0.0
"Kitchener-Waterloo-Barrie, Ontario",112,Professional occupations in business,2014-10-01,9.4,-9.615
"Kitchener-Waterloo-Barrie, Ontario",112,Professional occupations in business,2014-11-01,9.3,-1.064
"Kitchener-Waterloo-Barrie, Ontario",112,Professional occupations in business,2014-12-01,8.7,-6.452
"Kitchener-Waterloo-Barrie, Ontario",112,Professional occupations in business,2015-01-01,8.8,1.149
"Kitchener-Waterloo-Barrie, Ontario",112,Professional occupations in business,2015-02-01,8.7,-1.136
"Kitchener-Waterloo-Barrie, Ontario",112,Professional occupations in business,2015-03-01,8.8,1.149
"Kitchener-Waterloo-Barrie, Ontario",112,Professional occupations in business,2015-04-01,8.9,1.136
"Kitchener-Waterloo-Barrie, Ontario",112,Professional occupations in business,2015-05-01,8.9,0.0
"Kitchener-Waterloo-Barrie, Ontario",112,Professional occupations in business,2015-06-01,9.7,8.989
"Kitchener-Waterloo-Barrie, Ontario",112,Professional occupations in business,2015-07-01,9.7,0.0
"Kitchener-Waterloo-Barrie, Ontario",112,Professional occupations in business,2015-08-01,9.9,2.062
"Kitchener-Waterloo-Barrie, Ontario",112,Professional occupations in business,2015-09-01,9.7,-2.02
"Kitchener-Waterloo-Barrie, Ontario",112,Professional occupations in business,2015-10-01,10.4,7.216
"Kitchener-Waterloo-Barrie, Ontario",112,Professional occupations in business,2015-11-01,10.3,-0.962
"Kitchener-Waterloo-Barrie, Ontario",112,Professional occupations in business,2015-12-01,10.8,4.854
"Kitchener-Waterloo-Barrie, Ontario",112,Professional occupations in business,2016-01-01,11.6,7.407
"Kitchener-Waterloo-Barrie, Ontario",112,Professional occupations in business,2016-02-01,13.8,18.966
"Kitchener-Waterloo-Barrie, Ontario",112,Professional occupations in business,2016-03-01,15.4,11.594
"Kitchener-Waterloo-Barrie, Ontario",112,Professional occupations in business,2016-04-01,15.6,1.299
"Kitchener-Waterloo-Barrie, Ontario",112,Professional occupations in business,2016-05-01,15.8,1.282
"Kitchener-Waterloo-Barrie, Ontario",112,Professional occupations in business,2016-06-01,15.1,-4.43
"Kitchener-Waterloo-Barrie, Ontario",112,Professional occupations in business,2016-07-01,14.4,-4.636
"Kitchener-Waterloo-Barrie, Ontario",112,Professional occupations in business,2016-08-01,12.8,-11.111
"Kitchener-Waterloo-Barrie, Ontario",112,Professional occupations in business,2016-09-01,10.2,-20.313
"Kitchener-Waterloo-Barrie, Ontario",112,Professional occupations in business,2016-10-01,8.9,-12.745
"Kitchener-Waterloo-Barrie, Ontario",112,Professional occupations in business,2016-11-01,8.7,-2.247
"Kitchener-Waterloo-Barrie, Ontario",112,Professional occupations in business,2016-12-01,9.0,3.448
"Kitchener-Waterloo-Barrie, Ontario",112,Professional occupations in business,2017-01-01,8.9,-1.111
"Kitchener-Waterloo-Barrie, Ontario",112,Professional occupations in business,2017-02-01,8.6,-3.371
"Kitchener-Waterloo-Barrie, Ontario",112,Professional occupations in business,2017-03-01,10.0,16.279
"Kitchener-Waterloo-Barrie, Ontario",112,Professional occupations in business,2017-04-01,11.7,17.0
"Kitchener-Waterloo-Barrie, Ontario",112,Professional occupations in business,2017-05-01,12.8,9.402
"Kitchener-Waterloo-Barrie, Ontario",112,Professional occupations in business,2017-06-01,13.7,7.031
"Kitchener-Waterloo-Barrie, Ontario",112,Professional occupations in business,2017-07-01,15.0,9.489
"Kitchener-Waterloo-Barrie, Ontario",112,Professional occupations in business,2017-08-01,16.0,6.667
"Kitchener-Waterloo-Barrie, Ontario",112,Professional occupations in business,2017-09-01,15.8,-1.25
"Kitchener-Waterloo-Barrie, Ontario",112,Professional occupations in business,2017-10-01,13.7,-13.291
"Kitchener-Waterloo-Barrie, Ontario",112,Professional occupations in business,2017-11-01,12.2,-10.949
"Kitchener-Waterloo-Barrie, Ontario",112,Professional occupations in business,2017-12-01,12.1,-0.82
"Kitchener-Waterloo-Barrie, Ontario",112,Professional occupations in business,2018-01-01,13.2,9.091
"Kitchener-Waterloo-Barrie, Ontario",112,Professional occupations in business,2018-02-01,13.6,3.03
"Kitchener-Waterloo-Barrie, Ontario",112,Professional occupations in business,2018-03-01,13.1,-3.676
"Kitchener-Waterloo-Barrie, Ontario",112,Professional occupations in business,2018-04-01,13.1,0.0
"Kitchener-Waterloo-Barrie, Ontario",112,Professional occupations in business,2018-05-01,12.6,-3.817
"Kitchener-Waterloo-Barrie, Ontario",112,Professional occupations in business,2018-06-01,12.1,-3.968
"Kitchener-Waterloo-Barrie, Ontario",112,Professional occupations in business,2018-07-01,11.1,-8.264
"Kitchener-Waterloo-Barrie, Ontario",112,Professional occupations in business,2018-08-01,10.6,-4.505
"Kitchener-Waterloo-Barrie, Ontario",112,Professional occupations in business,2018-09-01,10.2,-3.774
"Kitchener-Waterloo-Barrie, Ontario",112,Professional occupations in business,2018-10-01,10.8,5.882
"Kitchener-Waterloo-Barrie, Ontario",112,Professional occupations in business,2018-11-01,12.2,12.963
"Kitchener-Waterloo-Barrie, Ontario",112,Professional occupations in business,2018-12-01,13.3,9.016
"Kitchener-Waterloo-Barrie, Ontario",112,Professional occupations in business,2019-01-01,13.2,-0.752
"Kitchener-Waterloo-Barrie, Ontario",112,Professional occupations in business,2019-02-01,12.4,-6.061
"Kitchener-Waterloo-Barrie, Ontario",112,Professional occupations in business,2019-03-01,12.2,-1.613
"Kitchener-Waterloo-Barrie, Ontario",112,Professional occupations in business,2019-04-01,12.5,2.459
"Kitchener-Waterloo-Barrie, Ontario",112,Professional occupations in business,2019-05-01,11.9,-4.8
"Kitchener-Waterloo-Barrie, Ontario",112,Professional occupations in business,2019-06-01,11.3,-5.042
"Kitchener-Waterloo-Barrie, Ontario",112,Professional occupations in business,2019-07-01,11.0,-2.655
"Kitchener-Waterloo-Barrie, Ontario",112,Professional occupations in business,2019-08-01,13.0,18.182
"Kitchener-Waterloo-Barrie, Ontario",112,Professional occupations in business,2019-09-01,13.7,5.385
"Kitchener-Waterloo-Barrie, Ontario",112,Professional occupations in business,2019-10-01,13.7,0.0
"Kitchener-Waterloo-Barrie, Ontario",112,Professional occupations in business,2019-11-01,12.2,-10.949
"Kitchener-Waterloo-Barrie, Ontario",112,Professional occupations in business,2019-12-01,12.0,-1.639
"Kitchener-Waterloo-Barrie, Ontario",112,Professional occupations in business,2020-01-01,12.1,0.833
"Kitchener-Waterloo-Barrie, Ontario",112,Professional occupations in business,2020-02-01,11.7,-3.306
"Kitchener-Waterloo-Barrie, Ontario",112,Professional occupations in business,2020-03-01,11.8,0.855
"Kitchener-Waterloo-Barrie, Ontario",112,Professional occupations in business,2020-04-01,10.4,-11.864
"Kitchener-Waterloo-Barrie, Ontario",112,Professional occupations in business,2020-05-01,11.9,14.423
"Kitchener-Waterloo-Barrie, Ontario",112,Professional occupations in business,2020-06-01,13.8,15.966
"Kitchener-Waterloo-Barrie, Ontario",112,Professional occupations in business,2020-07-01,16.4,18.841
"Kitchener-Waterloo-Barrie, Ontario",112,Professional occupations in business,2020-08-01,15.2,-7.317
"Kitchener-Waterloo-Barrie, Ontario",112,Professional occupations in business,2020-09-01,12.7,-16.447
"Kitchener-Waterloo-Barrie, Ontario",112,Professional occupations in business,2020-10-01,11.1,-12.598
"Kitchener-Waterloo-Barrie, Ontario",112,Professional occupations in business,2020-11-01,8.9,-19.82
"Kitchener-Waterloo-Barrie, Ontario",112,Professional occupations in business,2020-12-01,7.5,-15.73
"Kitchener-Waterloo-Barrie, Ontario",112,Professional occupations in business,2021-01-01,5.5,-26.667
"Kitchener-Waterloo-Barrie, Ontario",112,Professional occupations in business,2021-02-01,6.6,20.0
"Kitchener-Waterloo-Barrie, Ontario",112,Professional occupations in business,2021-03-01,8.1,22.727
"Kitchener-Waterloo-Barrie, Ontario",112,Professional occupations in business,2021-04-01,10.4,28.395
"Kitchener-Waterloo-Barrie, Ontario",112,Professional occupations in business,2021-05-01,13.0,25.0
"Kitchener-Waterloo-Barrie, Ontario",112,Professional occupations in business,2021-06-01,15.9,22.308
"Kitchener-Waterloo-Barrie, Ontario",112,Professional occupations in business,2021-07-01,18.0,13.208
"Kitchener-Waterloo-Barrie, Ontario",112,Professional occupations in business,2021-08-01,18.5,2.778
"Kitchener-Waterloo-Barrie, Ontario",112,Professional occupations in business,2021-09-01,18.9,2.162
"Kitchener-Waterloo-Barrie, Ontario",112,Professional occupations in business,2021-10-01,19.4,2.646
"Kitchener-Waterloo-Barrie, Ontario",112,Professional occupations in business,2021-11-01,18.8,-3.093
"Kitchener-Waterloo-Barrie, Ontario",112,Professional occupations in business,2021-12-01,17.1,-9.043
"Kitchener-Waterloo-Barrie, Ontario",112,Professional occupations in business,2022-01-01,15.7,-8.187
"Kitchener-Waterloo-Barrie, Ontario",112,Professional occupations in business,2022-02-01,16.8,7.006
"Kitchener-Waterloo-Barrie, Ontario",112,Professional occupations in business,2022-03-01,19.0,13.095
"Kitchener-Waterloo-Barrie, Ontario",112,Professional occupations in business,2022-04-01,20.3,6.842
"Kitchener-Waterloo-Barrie, Ontario",112,Professional occupations in business,2022-05-01,20.3,0.0
"Kitchener-Waterloo-Barrie, Ontario",112,Professional occupations in business,2022-06-01,18.2,-10.345
"Kitchener-Waterloo-Barrie, Ontario",112,Professional occupations in business,2022-07-01,16.7,-8.242
"Kitchener-Waterloo-Barrie, Ontario",112,Professional occupations in business,2022-08-01,15.2,-8.982
"Kitchener-Waterloo-Barrie, Ontario",112,Professional occupations in business,2022-09-01,15.9,4.605
"Kitchener-Waterloo-Barrie, Ontario",112,Professional occupations in business,2022-10-01,16.1,1.258
"Kitchener-Waterloo-Barrie, Ontario",112,Professional occupations in business,2022-11-01,15.9,-1.242
"Kitchener-Waterloo-Barrie, Ontario",112,Professional occupations in business,2022-12-01,14.6,-8.176
"Kitchener-Waterloo-Barrie, Ontario",112,Professional occupations in business,2023-01-01,14.3,-2.055
"Kitchener-Waterloo-Barrie, Ontario",112,Professional occupations in business,2023-02-01,16.1,12.587
"Kitchener-Waterloo-Barrie, Ontario",112,Professional occupations in business,2023-03-01,16.0,-0.621
"Kitchener-Waterloo-Barrie, Ontario",112,Professional occupations in business,2023-04-01,17.0,6.25
"Kitchener-Waterloo-Barrie, Ontario",112,Professional occupations in business,2023-05-01,16.5,-2.941
"Kitchener-Waterloo-Barrie, Ontario",112,Professional occupations in business,2023-06-01,17.0,3.03
"Kitchener-Waterloo-Barrie, Ontario",112,Professional occupations in business,2023-07-01,17.2,1.176
"Kitchener-Waterloo-Barrie, Ontario",112,Professional occupations in business,2023-08-01,19.7,14.535
"Kitchener-Waterloo-Barrie, Ontario",112,Professional occupations in business,2023-09-01,23.1,17.259
"Kitchener-Waterloo-Barrie, Ontario",112,Professional occupations in business,2023-10-01,24.5,6.061
"Kitchener-Waterloo-Barrie, Ontario",112,Professional occupations in business,2023-11-01,22.7,-7.347
"Kitchener-Waterloo-Barrie, Ontario",112,Professional occupations in business,2023-12-01,21.1,-7.048
"Kitchener-Waterloo-Barrie, Ontario",112,Professional occupations in business,2024-01-01,20.5,-2.844
"Kitchener-Waterloo-Barrie, Ontario",112,Professional occupations in business,2024-02-01,20.7,0.976
"Kitchener-Waterloo-Barrie, Ontario",112,Professional occupations in business,2024-03-01,21.2,2.415
"Kitchener-Waterloo-Barrie, Ontario",112,Professional occupations in business,2024-04-01,23.1,8.962
"Kitchener-Waterloo-Barrie, Ontario",112,Professional occupations in business,2024-05-01,24.1,4.329
"Kitchener-Waterloo-Barrie, Ontario",112,Professional occupations in business,2024-06-01,23.4,-2.905
"Kitchener-Waterloo-Barrie, Ontario",112,Professional occupations in business,2024-07-01,19.8,-15.385
"Kitchener-Waterloo-Barrie, Ontario",112,Professional occupations in business,2024-08-01,18.3,-7.576
"Kitchener-Waterloo-Barrie, Ontario",112,Professional occupations in business,2024-09-01,18.6,1.639
"Kitchener-Waterloo-Barrie, Ontario",112,Professional occupations in business,2024-10-01,19.0,2.151
"Kitchener-Waterloo-Barrie, Ontario",112,Professional occupations in business,2024-11-01,18.7,-1.579
"Kitchener-Waterloo-Barrie, Ontario",112,Professional occupations in business,2024-12-01,18.4,-1.604
"Kitchener-Waterloo-Barrie, Ontario",112,Professional occupations in business,2025-01-01,18.2,-1.087
"Kitchener-Waterloo-Barrie, Ontario",112,Professional occupations in business,2025-02-01,19.8,8.791
"Kitchener-Waterloo-Barrie, Ontario",112,Professional occupations in business,2025-03-01,20.0,1.01
"Kitchener-Waterloo-Barrie, Ontario",112,Professional occupations in business,2025-04-01,22.1,10.5
"Kitchener-Waterloo-Barrie, Ontario",112,Professional occupations in business,2025-05-01,22.5,1.81
"Kitchener-Waterloo-Barrie, Ontario",112,Professional occupations in business,2025-06-01,24.0,6.667
"Kitchener-Waterloo-Barrie, Ontario",112,Professional occupations in business,2025-07-01,26.8,11.667
"Kitchener-Waterloo-Barrie, Ontario",112,Professional occupations in business,2025-08-01,27.5,2.612
"Kitchener-Waterloo-Barrie, Ontario",112,Professional occupations in business,2025-09-01,28.2,2.545
"Kitchener-Waterloo-Barrie, Ontario",212,Professional occupations in applied sciences (except engineering),2011-03-01,13.5,
"Kitchener-Waterloo-Barrie, Ontario",212,Professional occupations in applied sciences (except engineering),2011-04-01,12.8,-5.185
"Kitchener-Waterloo-Barrie, Ontario",212,Professional occupations in applied sciences (except engineering),2011-05-01,12.2,-4.688
"Kitchener-Waterloo-Barrie, Ontario",212,Professional occupations in applied sciences (except engineering),2011-06-01,11.4,-6.557
"Kitchener-Waterloo-Barrie, Ontario",212,Professional occupations in applied sciences (except engineering),2011-07-01,11.8,3.509
"Kitchener-Waterloo-Barrie, Ontario",212,Professional occupations in applied sciences (except engineering),2011-08-01,11.1,-5.932
"Kitchener-Waterloo-Barrie, Ontario",212,Professional occupations in applied sciences (except engineering),2011-09-01,11.9,7.207
"Kitchener-Waterloo-Barrie, Ontario",212,Professional occupations in applied sciences (except engineering),2011-10-01,12.9,8.403
"Kitchener-Waterloo-Barrie, Ontario",212,Professional occupations in applied sciences (except engineering),2011-11-01,14.1,9.302
"Kitchener-Waterloo-Barrie, Ontario",212,Professional occupations in applied sciences (except engineering),2011-12-01,14.6,3.546
"Kitchener-Waterloo-Barrie, Ontario",212,Professional occupations in applied sciences (except engineering),2012-01-01,14.3,-2.055
"Kitchener-Waterloo-Barrie, Ontario",212,Professional occupations in applied sciences (except engineering),2012-02-01,14.0,-2.098
"Kitchener-Waterloo-Barrie, Ontario",212,Professional occupations in applied sciences (except engineering),2012-03-01,13.2,-5.714
"Kitchener-Waterloo-Barrie, Ontario",212,Professional occupations in applied sciences (except engineering),2012-04-01,14.5,9.848
"Kitchener-Waterloo-Barrie, Ontario",212,Professional occupations in applied sciences (except engineering),2012-05-01,15.3,5.517
"Kitchener-Waterloo-Barrie, Ontario",212,Professional occupations in applied sciences (except engineering),2012-06-01,16.7,9.15
"Kitchener-Waterloo-Barrie, Ontario",212,Professional occupations in applied sciences (except engineering),2012-07-01,17.1,2.395
"Kitchener-Waterloo-Barrie, Ontario",212,Professional occupations in applied sciences (except engineering),2012-08-01,17.7,3.509
"Kitchener-Waterloo-Barrie, Ontario",212,Professional occupations in applied sciences (except engineering),2012-09-01,17.7,0.0
"Kitchener-Waterloo-Barrie, Ontario",212,Professional occupations in applied sciences (except engineering),2012-10-01,17.1,-3.39
"Kitchener-Waterloo-Barrie, Ontario",212,Professional occupations in applied sciences (except engineering),2012-11-01,16.2,-5.263
"Kitchener-Waterloo-Barrie, Ontario",212,Professional occupations in applied sciences (except engineering),2012-12-01,15.7,-3.086
"Kitchener-Waterloo-Barrie, Ontario",212,Professional occupations in applied sciences (except engineering),2013-01-01,14.1,-10.191
"Kitchener-Waterloo-Barrie, Ontario",212,Professional occupations in applied sciences (except engineering),2013-02-01,13.4,-4.965
"Kitchener-Waterloo-Barrie, Ontario",212,Professional occupations in applied sciences (except engineering),2013-03-01,12.3,-8.209
"Kitchener-Waterloo-Barrie, Ontario",212,Professional occupations in applied sciences (except engineering),2013-04-01,12.9,4.878
"Kitchener-Waterloo-Barrie, Ontario",212,Professional occupations in applied sciences (except engineering),2013-05-01,13.1,1.55
"Kitchener-Waterloo-Barrie, Ontario",212,Professional occupations in applied sciences (except engineering),2013-06-01,13.0,-0.763
"Kitchener-Waterloo-Barrie, Ontario",212,Professional occupations in applied sciences (except engineering),2013-07-01,12.9,-0.769
"Kitchener-Waterloo-Barrie, Ontario",212,Professional occupations in applied sciences (except engineering),2013-08-01,13.9,7.752
"Kitchener-Waterloo-Barrie, Ontario",212,Professional occupations in applied sciences (except engineering),2013-09-01,14.7,5.755
"Kitchener-Waterloo-Barrie, Ontario",212,Professional occupations in applied sciences (except engineering),2013-10-01,16.0,8.844
"Kitchener-Waterloo-Barrie, Ontario",212,Professional occupations in applied sciences (except engineering),2013-11-01,16.9,5.625
"Kitchener-Waterloo-Barrie, Ontario",212,Professional occupations in applied sciences (except engineering),2013-12-01,18.0,6.509
"Kitchener-Waterloo-Barrie, Ontario",212,Professional occupations in applied sciences (except engineering),2014-01-01,17.5,-2.778
"Kitchener-Waterloo-Barrie, Ontario",212,Professional occupations in applied sciences (except engineering),2014-02-01,15.6,-10.857
"Kitchener-Waterloo-Barrie, Ontario",212,Professional occupations in applied sciences (except engineering),2014-03-01,15.4,-1.282
"Kitchener-Waterloo-Barrie, Ontario",212,Professional occupations in applied sciences (except engineering),2014-04-01,15.5,0.649
"Kitchener-Waterloo-Barrie, Ontario",212,Professional occupations in applied sciences (except engineering),2014-05-01,15.7,1.29
"Kitchener-Waterloo-Barrie, Ontario",212,Professional occupations in applied sciences (except engineering),2014-06-01,15.1,-3.822
"Kitchener-Waterloo-Barrie, Ontario",212,Professional occupations in applied sciences (except engineering),2014-07-01,13.6,-9.934
"Kitchener-Waterloo-Barrie, Ontario",212,Professional occupations in applied sciences (except engineering),2014-08-01,13.7,0.735
"Kitchener-Waterloo-Barrie, Ontario",212,Professional occupations in applied sciences (except engineering),2014-09-01,14.5,5.839
"Kitchener-Waterloo-Barrie, Ontario",212,Professional occupations in applied sciences (except engineering),2014-10-01,16.2,11.724
"Kitchener-Waterloo-Barrie, Ontario",212,Professional occupations in applied sciences (except engineering),2014-11-01,16.9,4.321
"Kitchener-Waterloo-Barrie, Ontario",212,Professional occupations in applied sciences (except engineering),2014-12-01,17.1,1.183
"Kitchener-Waterloo-Barrie, Ontario",212,Professional occupations in applied sciences (except engineering),2015-01-01,18.3,7.018
"Kitchener-Waterloo-Barrie, Ontario",212,Professional occupations in applied sciences (except engineering),2015-02-01,19.5,6.557
"Kitchener-Waterloo-Barrie, Ontario",212,Professional occupations in applied sciences (except engineering),2015-03-01,20.2,3.59
"Kitchener-Waterloo-Barrie, Ontario",212,Professional occupations in applied sciences (except engineering),2015-04-01,19.5,-3.465
"Kitchener-Waterloo-Barrie, Ontario",212,Professional occupations in applied sciences (except engineering),2015-05-01,18.9,-3.077
"Kitchener-Waterloo-Barrie, Ontario",212,Professional occupations in applied sciences (except engineering),2015-06-01,18.4,-2.646
"Kitchener-Waterloo-Barrie, Ontario",212,Professional occupations in applied sciences (except engineering),2015-07-01,18.3,-0.543
"Kitchener-Waterloo-Barrie, Ontario",212,Professional occupations in applied sciences (except engineering),2015-08-01,18.6,1.639
"Kitchener-Waterloo-Barrie, Ontario",212,Professional occupations in applied sciences (except engineering),2015-09-01,17.9,-3.763
"Kitchener-Waterloo-Barrie, Ontario",212,Professional occupations in applied sciences (except engineering),2015-10-01,17.4,-2.793
"Kitchener-Waterloo-Barrie, Ontario",212,Professional occupations in applied sciences (except engineering),2015-11-01,17.2,-1.149
"Kitchener-Waterloo-Barrie, Ontario",212,Professional occupations in applied sciences (except engineering),2015-12-01,17.9,4.07
"Kitchener-Waterloo-Barrie, Ontario",212,Professional occupations in applied sciences (except engineering),2016-01-01,19.0,6.145
"Kitchener-Waterloo-Barrie, Ontario",212,Professional occupations in applied sciences (except engineering),2016-02-01,19.5,2.632
"Kitchener-Waterloo-Barrie, Ontario",212,Professional occupations in applied sciences (except engineering),2016-03-01,20.4,4.615
"Kitchener-Waterloo-Barrie, Ontario",212,Professional occupations in applied sciences (except engineering),2016-04-01,21.0,2.941
"Kitchener-Waterloo-Barrie, Ontario",212,Professional occupations in applied sciences (except engineering),2016-05-01,21.8,3.81
"Kitchener-Waterloo-Barrie, Ontario",212,Professional occupations in applied sciences (except engineering),2016-06-01,21.9,0.459
"Kitchener-Waterloo-Barrie, Ontario",212,Professional occupations in applied sciences (except engineering),2016-07-01,21.5,-1.826
"Kitchener-Waterloo-Barrie, Ontario",212,Professional occupations in applied sciences (except engineering),2016-08-01,22.1,2.791
"Kitchener-Waterloo-Barrie, Ontario",212,Professional occupations in applied sciences (except engineering),2016-09-01,22.5,1.81
"Kitchener-Waterloo-Barrie, Ontario",212,Professional occupations in applied sciences (except engineering),2016-10-01,22.9,1.778
"Kitchener-Waterloo-Barrie, Ontario",212,Professional occupations in applied sciences (except engineering),2016-11-01,20.9,-8.734
"Kitchener-Waterloo-Barrie, Ontario",212,Professional occupations in applied sciences (except engineering),2016-12-01,19.7,-5.742
"Kitchener-Waterloo-Barrie, Ontario",212,Professional occupations in applied sciences (except engineering),2017-01-01,19.6,-0.508
"Kitchener-Waterloo-Barrie, Ontario",212,Professional occupations in applied sciences (except engineering),2017-02-01,21.1,7.653
"Kitchener-Waterloo-Barrie, Ontario",212,Professional occupations in applied sciences (except engineering),2017-03-01,21.9,3.791
"Kitchener-Waterloo-Barrie, Ontario",212,Professional occupations in applied sciences (except engineering),2017-04-01,22.7,3.653
"Kitchener-Waterloo-Barrie, Ontario",212,Professional occupations in applied sciences (except engineering),2017-05-01,23.7,4.405
"Kitchener-Waterloo-Barrie, Ontario",212,Professional occupations in applied sciences (except engineering),2017-06-01,23.7,0.0
"Kitchener-Waterloo-Barrie, Ontario",212,Professional occupations in applied sciences (except engineering),2017-07-01,22.6,-4.641
"Kitchener-Waterloo-Barrie, Ontario",212,Professional occupations in applied sciences (except engineering),2017-08-01,20.7,-8.407
"Kitchener-Waterloo-Barrie, Ontario",212,Professional occupations in applied sciences (except engineering),2017-09-01,20.3,-1.932
"Kitchener-Waterloo-Barrie, Ontario",212,Professional occupations in applied sciences (except engineering),2017-10-01,20.5,0.985
"Kitchener-Waterloo-Barrie, Ontario",212,Professional occupations in applied sciences (except engineering),2017-11-01,19.7,-3.902
"Kitchener-Waterloo-Barrie, Ontario",212,Professional occupations in applied sciences (except engineering),2017-12-01,19.5,-1.015
"Kitchener-Waterloo-Barrie, Ontario",212,Professional occupations in applied sciences (except engineering),2018-01-01,18.9,-3.077
"Kitchener-Waterloo-Barrie, Ontario",212,Professional occupations in applied sciences (except engineering),2018-02-01,19.8,4.762
"Kitchener-Waterloo-Barrie, Ontario",212,Professional occupations in applied sciences (except engineering),2018-03-01,21.6,9.091
"Kitchener-Waterloo-Barrie, Ontario",212,Professional occupations in applied sciences (except engineering),2018-04-01,23.4,8.333
"Kitchener-Waterloo-Barrie, Ontario",212,Professional occupations in applied sciences (except engineering),2018-05-01,23.9,2.137
"Kitchener-Waterloo-Barrie, Ontario",212,Professional occupations in applied sciences (except engineering),2018-06-01,21.9,-8.368
"Kitchener-Waterloo-Barrie, Ontario",212,Professional occupations in applied sciences (except engineering),2018-07-01,20.4,-6.849
"Kitchener-Waterloo-Barrie, Ontario",212,Professional occupations in applied sciences (except engineering),2018-08-01,19.2,-5.882
"Kitchener-Waterloo-Barrie, Ontario",212,Professional occupations in applied sciences (except engineering),2018-09-01,18.8,-2.083
"Kitchener-Waterloo-Barrie, Ontario",212,Professional occupations in applied sciences (except engineering),2018-10-01,18.2,-3.191
"Kitchener-Waterloo-Barrie, Ontario",212,Professional occupations in applied sciences (except engineering),2018-11-01,19.3,6.044
"Kitchener-Waterloo-Barrie, Ontario",212,Professional occupations in applied sciences (except engineering),2018-12-01,21.0,8.808
"Kitchener-Waterloo-Barrie, Ontario",212,Professional occupations in applied sciences (except engineering),2019-01-01,23.2,10.476
"Kitchener-Waterloo-Barrie, Ontario",212,Professional occupations in applied sciences (except engineering),2019-02-01,25.0,7.759
"Kitchener-Waterloo-Barrie, Ontario",212,Professional occupations in applied sciences (except engineering),2019-03-01,26.3,5.2
"Kitchener-Waterloo-Barrie, Ontario",212,Professional occupations in applied sciences (except engineering),2019-04-01,26.9,2.281
"Kitchener-Waterloo-Barrie, Ontario",212,Professional occupations in applied sciences (except engineering),2019-05-01,26.3,-2.23
"Kitchener-Waterloo-Barrie, Ontario",212,Professional occupations in applied sciences (except engineering),2019-06-01,27.7,5.323
"Kitchener-Waterloo-Barrie, Ontario",212,Professional occupations in applied sciences (except engineering),2019-07-01,29.4,6.137
"Kitchener-Waterloo-Barrie, Ontario",212,Professional occupations in applied sciences (except engineering),2019-08-01,29.6,0.68
"Kitchener-Waterloo-Barrie, Ontario",212,Professional occupations in applied sciences (except engineering),2019-09-01,27.1,-8.446
"Kitchener-Waterloo-Barrie, Ontario",212,Professional occupations in applied sciences (except engineering),2019-10-01,24.9,-8.118
"Kitchener-Waterloo-Barrie, Ontario",212,Professional occupations in applied sciences (except engineering),2019-11-01,24.4,-2.008
"Kitchener-Waterloo-Barrie, Ontario",212,Professional occupations in applied sciences (except engineering),2019-12-01,24.9,2.049
"Kitchener-Waterloo-Barrie, Ontario",212,Professional occupations in applied sciences (except engineering),2020-01-01,24.6,-1.205
"Kitchener-Waterloo-Barrie, Ontario",212,Professional occupations in applied sciences (except engineering),2020-02-01,24.4,-0.813
"Kitchener-Waterloo-Barrie, Ontario",212,Professional occupations in applied sciences (except engineering),2020-03-01,24.7,1.23
"Kitchener-Waterloo-Barrie, Ontario",212,Professional occupations in applied sciences (except engineering),2020-04-01,25.1,1.619
"Kitchener-Waterloo-Barrie, Ontario",212,Professional occupations in applied sciences (except engineering),2020-05-01,25.1,0.0
"Kitchener-Waterloo-Barrie, Ontario",212,Professional occupations in applied sciences (except engineering),2020-06-01,26.0,3.586
"Kitchener-Waterloo-Barrie, Ontario",212,Professional occupations in applied sciences (except engineering),2020-07-01,26.5,1.923
"Kitchener-Waterloo-Barrie, Ontario",212,Professional occupations in applied sciences (except engineering),2020-08-01,28.7,8.302
"Kitchener-Waterloo-Barrie, Ontario",212,Professional occupations in applied sciences (except engineering),2020-09-01,30.4,5.923
"Kitchener-Waterloo-Barrie, Ontario",212,Professional occupations in applied sciences (except engineering),2020-10-01,31.4,3.289
"Kitchener-Waterloo-Barrie, Ontario",212,Professional occupations in applied sciences (except engineering),2020-11-01,30.7,-2.229
"Kitchener-Waterloo-Barrie, Ontario",212,Professional occupations in applied sciences (except engineering),2020-12-01,28.2,-8.143
"Kitchener-Waterloo-Barrie, Ontario",212,Professional occupations in applied sciences (except engineering),2021-01-01,26.6,-5.674
"Kitchener-Waterloo-Barrie, Ontario",212,Professional occupations in applied sciences (except engineering),2021-02-01,25.3,-4.887
"Kitchener-Waterloo-Barrie, Ontario",212,Professional occupations in applied sciences (except engineering),2021-03-01,24.8,-1.976
"Kitchener-Waterloo-Barrie, Ontario",212,Professional occupations in applied sciences (except engineering),2021-04-01,25.5,2.823
"Kitchener-Waterloo-Barrie, Ontario",212,Professional occupations in applied sciences (except engineering),2021-05-01,26.6,4.314
"Kitchener-Waterloo-Barrie, Ontario",212,Professional occupations in applied sciences (except engineering),2021-06-01,26.9,1.128
"Kitchener-Waterloo-Barrie, Ontario",212,Professional occupations in applied sciences (except engineering),2021-07-01,27.0,0.372
"Kitchener-Waterloo-Barrie, Ontario",212,Professional occupations in applied sciences (except engineering),2021-08-01,27.2,0.741
"Kitchener-Waterloo-Barrie, Ontario",212,Professional occupations in applied sciences (except engineering),2021-09-01,28.7,5.515
"Kitchener-Waterloo-Barrie, Ontario",212,Professional occupations in applied sciences (except engineering),2021-10-01,28.1,-2.091
"Kitchener-Waterloo-Barrie, Ontario",212,Professional occupations in applied sciences (except engineering),2021-11-01,29.7,5.694
"Kitchener-Waterloo-Barrie, Ontario",212,Professional occupations in applied sciences (except engineering),2021-12-01,29.3,-1.347
"Kitchener-Waterloo-Barrie, Ontario",212,Professional occupations in applied sciences (except engineering),2022-01-01,30.7,4.778
"Kitchener-Waterloo-Barrie, Ontario",212,Professional occupations in applied sciences (except engineering),2022-02-01,29.8,-2.932
"Kitchener-Waterloo-Barrie, Ontario",212,Professional occupations in applied sciences (except engineering),2022-03-01,30.1,1.007
"Kitchener-Waterloo-Barrie, Ontario",212,Professional occupations in applied sciences (except engineering),2022-04-01,30.4,0.997
"Kitchener-Waterloo-Barrie, Ontario",212,Professional occupations in applied sciences (except engineering),2022-05-01,33.4,9.868
"Kitchener-Waterloo-Barrie, Ontario",212,Professional occupations in applied sciences (except engineering),2022-06-01,34.8,4.192
"Kitchener-Waterloo-Barrie, Ontario",212,Professional occupations in applied sciences (except engineering),2022-07-01,37.0,6.322
"Kitchener-Waterloo-Barrie, Ontario",212,Professional occupations in applied sciences (except engineering),2022-08-01,36.5,-1.351
"Kitchener-Waterloo-Barrie, Ontario",212,Professional occupations in applied sciences (except engineering),2022-09-01,37.9,3.836
"Kitchener-Waterloo-Barrie, Ontario",212,Professional occupations in applied sciences (except engineering),2022-10-01,37.7,-0.528
"Kitchener-Waterloo-Barrie, Ontario",212,Professional occupations in applied sciences (except engineering),2022-11-01,35.7,-5.305
"Kitchener-Waterloo-Barrie, Ontario",212,Professional occupations in applied sciences (except engineering),2022-12-01,33.7,-5.602
"Kitchener-Waterloo-Barrie, Ontario",212,Professional occupations in applied sciences (except engineering),2023-01-01,31.5,-6.528
"Kitchener-Waterloo-Barrie, Ontario",212,Professional occupations in applied sciences (except engineering),2023-02-01,31.2,-0.952
"Kitchener-Waterloo-Barrie, Ontario",212,Professional occupations in applied sciences (except engineering),2023-03-01,31.9,2.244
"Kitchener-Waterloo-Barrie, Ontario",212,Professional occupations in applied sciences (except engineering),2023-04-01,35.1,10.031
"Kitchener-Waterloo-Barrie, Ontario",212,Professional occupations in applied sciences (except engineering),2023-05-01,36.4,3.704
"Kitchener-Waterloo-Barrie, Ontario",212,Professional occupations in applied sciences (except engineering),2023-06-01,38.3,5.22
"Kitchener-Waterloo-Barrie, Ontario",212,Professional occupations in applied sciences (except engineering),2023-07-01,37.9,-1.044
"Kitchener-Waterloo-Barrie, Ontario",212,Professional occupations in applied sciences (except engineering),2023-08-01,39.2,3.43
"Kitchener-Waterloo-Barrie, Ontario",212,Professional occupations in applied sciences (except engineering),2023-09-01,38.5,-1.786
"Kitchener-Waterloo-Barrie, Ontario",212,Professional occupations in applied sciences (except engineering),2023-10-01,38.6,0.26
"Kitchener-Waterloo-Barrie, Ontario",212,Professional occupations in applied sciences (except engineering),2023-11-01,40.0,3.627
"Kitchener-Waterloo-Barrie, Ontario",212,Professional occupations in applied sciences (except engineering),2023-12-01,40.0,0.0
"Kitchener-Waterloo-Barrie, Ontario",212,Professional occupations in applied sciences (except engineering),2024-01-01,39.3,-1.75
"Kitchener-Waterloo-Barrie, Ontario",212,Professional occupations in applied sciences (except engineering),2024-02-01,38.0,-3.308
"Kitchener-Waterloo-Barrie, Ontario",212,Professional occupations in applied sciences (except engineering),2024-03-01,38.6,1.579
"Kitchener-Waterloo-Barrie, Ontario",212,Professional occupations in applied sciences (except engineering),2024-04-01,39.9,3.368
"Kitchener-Waterloo-Barrie, Ontario",212,Professional occupations in applied sciences (except engineering),2024-05-01,40.7,2.005
"Kitchener-Waterloo-Barrie, Ontario",212,Professional occupations in applied sciences (except engineering),2024-06-01,41.5,1.966
"Kitchener-Waterloo-Barrie, Ontario",212,Professional occupations in applied sciences (except engineering),2024-07-01,40.5,-2.41
"Kitchener-Waterloo-Barrie, Ontario",212,Professional occupations in applied sciences (except engineering),2024-08-01,39.4,-2.716
"Kitchener-Waterloo-Barrie, Ontario",212,Professional occupations in applied sciences (except engineering),2024-09-01,40.0,1.523
"Kitchener-Waterloo-Barrie, Ontario",212,Professional occupations in applied sciences (except engineering),2024-10-01,40.7,1.75
"Kitchener-Waterloo-Barrie, Ontario",212,Professional occupations in applied sciences (except engineering),2024-11-01,40.5,-0.491
"Kitchener-Waterloo-Barrie, Ontario",212,Professional occupations in applied sciences (except engineering),2024-12-01,39.3,-2.963
"Kitchener-Waterloo-Barrie, Ontario",212,Professional occupations in applied sciences (except engineering),2025-01-01,41.3,5.089
"Kitchener-Waterloo-Barrie, Ontario",212,Professional occupations in applied sciences (except engineering),2025-02-01,44.1,6.78
"Kitchener-Waterloo-Barrie, Ontario",212,Professional occupations in applied sciences (except engineering),2025-03-01,44.1,0.0
"Kitchener-Waterloo-Barrie, Ontario",212,Professional occupations in applied sciences (except engineering),2025-04-01,43.8,-0.68
"Kitchener-Waterloo-Barrie, Ontario",212,Professional occupations in applied sciences (except engineering),2025-05-01,44.6,1.826
"Kitchener-Waterloo-Barrie, Ontario",212,Professional occupations in applied sciences (except engineering),2025-06-01,45.8,2.691
"Kitchener-Waterloo-Barrie, Ontario",212,Professional occupations in applied sciences (except engineering),2025-07-01,43.8,-4.367
"Kitchener-Waterloo-Barrie, Ontario",212,Professional occupations in applied sciences (except engineering),2025-08-01,41.3,-5.708
"Kitchener-Waterloo-Barrie, Ontario",212,Professional occupations in applied sciences (except engineering),2025-09-01,39.2,-5.085
"Muskoka-Kawarthas, Ontario",112,Professional occupations in business,2011-03-01,1.8,
"Muskoka-Kawarthas, Ontario",112,Professional occupations in business,2011-04-01,1.6,-11.111
"Muskoka-Kawarthas, Ontario",112,Professional occupations in business,2011-05-01,,0.0
"Muskoka-Kawarthas, Ontario",112,Professional occupations in business,2011-06-01,,0.0
"Muskoka-Kawarthas, Ontario",112,Professional occupations in business,2011-07-01,,0.0
"Muskoka-Kawarthas, Ontario",112,Professional occupations in business,2011-08-01,,0.0
"Muskoka-Kawarthas, Ontario",112,Professional occupations in business,2011-09-01,1.5,-6.25
"Muskoka-Kawarthas, Ontario",112,Professional occupations in business,2011-10-01,2.5,66.667
"Muskoka-Kawarthas, Ontario",112,Professional occupations in business,2011-11-01,2.4,-4.0
"Muskoka-Kawarthas, Ontario",112,Professional occupations in business,2011-12-01,2.0,-16.667
"Muskoka-Kawarthas, Ontario",112,Professional occupations in business,2012-01-01,,0.0
"Muskoka-Kawarthas, Ontario",112,Professional occupations in business,2012-02-01,,0.0
"Muskoka-Kawarthas, Ontario",112,Professional occupations in business,2012-03-01,,0.0
"Muskoka-Kawarthas, Ontario",112,Professional occupations in business,2012-04-01,,0.0
"Muskoka-Kawarthas, Ontario",112,Professional occupations in business,2012-05-01,,0.0
"Muskoka-Kawarthas, Ontario",112,Professional occupations in business,2012-06-01,,0.0
"Muskoka-Kawarthas, Ontario",112,Professional occupations in business,2012-07-01,1.6,-20.0
"Muskoka-Kawarthas, Ontario",112,Professional occupations in business,2012-08-01,2.2,37.5
"Muskoka-Kawarthas, Ontario",112,Professional occupations in business,2012-09-01,2.3,4.545
"Muskoka-Kawarthas, Ontario",112,Professional occupations in business,2012-10-01,2.3,0.0
"Muskoka-Kawarthas, Ontario",112,Professional occupations in business,2012-11-01,2.1,-8.696
"Muskoka-Kawarthas, Ontario",112,Professional occupations in business,2012-12-01,1.9,-9.524
"Muskoka-Kawarthas, Ontario",112,Professional occupations in business,2013-01-01,1.6,-15.789
"Muskoka-Kawarthas, Ontario",112,Professional occupations in business,2013-02-01,,0.0
"Muskoka-Kawarthas, Ontario",112,Professional occupations in business,2013-03-01,1.7,6.25
"Muskoka-Kawarthas, Ontario",112,Professional occupations in business,2013-04-01,2.0,17.647
"Muskoka-Kawarthas, Ontario",112,Professional occupations in business,2013-05-01,2.5,25.0
"Muskoka-Kawarthas, Ontario",112,Professional occupations in business,2013-06-01,2.4,-4.0
"Muskoka-Kawarthas, Ontario",112,Professional occupations in business,2013-07-01,2.6,8.333
"Muskoka-Kawarthas, Ontario",112,Professional occupations in business,2013-08-01,2.6,0.0
"Muskoka-Kawarthas, Ontario",112,Professional occupations in business,2013-09-01,2.4,-7.692
"Muskoka-Kawarthas, Ontario",112,Professional occupations in business,2013-10-01,2.3,-4.167
"Muskoka-Kawarthas, Ontario",112,Professional occupations in business,2013-11-01,2.0,-13.043
"Muskoka-Kawarthas, Ontario",112,Professional occupations in business,2013-12-01,2.1,5.0
"Muskoka-Kawarthas, Ontario",112,Professional occupations in business,2014-01-01,1.9,-9.524
"Muskoka-Kawarthas, Ontario",112,Professional occupations in business,2014-02-01,2.1,10.526
"Muskoka-Kawarthas, Ontario",112,Professional occupations in business,2014-03-01,2.8,33.333
"Muskoka-Kawarthas, Ontario",112,Professional occupations in business,2014-04-01,2.9,3.571
"Muskoka-Kawarthas, Ontario",112,Professional occupations in business,2014-05-01,3.4,17.241
"Muskoka-Kawarthas, Ontario",112,Professional occupations in business,2014-06-01,2.9,-14.706
"Muskoka-Kawarthas, Ontario",112,Professional occupations in business,2014-07-01,3.2,10.345
"Muskoka-Kawarthas, Ontario",112,Professional occupations in business,2014-08-01,3.4,6.25
"Muskoka-Kawarthas, Ontario",112,Professional occupations in business,2014-09-01,3.1,-8.824
"Muskoka-Kawarthas, Ontario",112,Professional occupations in business,2014-10-01,3.0,-3.226
"Muskoka-Kawarthas, Ontario",112,Professional occupations in business,2014-11-01,2.3,-23.333
"Muskoka-Kawarthas, Ontario",112,Professional occupations in business,2014-12-01,2.3,0.0
"Muskoka-Kawarthas, Ontario",112,Professional occupations in business,2015-01-01,1.8,-21.739
"Muskoka-Kawarthas, Ontario",112,Professional occupations in business,2015-02-01,1.5,-16.667
"Muskoka-Kawarthas, Ontario",112,Professional occupations in business,2015-03-01,,0.0
"Muskoka-Kawarthas, Ontario",112,Professional occupations in business,2015-04-01,,0.0
"Muskoka-Kawarthas, Ontario",112,Professional occupations in business,2015-05-01,,0.0
"Muskoka-Kawarthas, Ontario",112,Professional occupations in business,2015-06-01,,0.0
"Muskoka-Kawarthas, Ontario",112,Professional occupations in business,2015-07-01,,0.0
"Muskoka-Kawarthas, Ontario",112,Professional occupations in business,2015-08-01,,0.0
"Muskoka-Kawarthas, Ontario",112,Professional occupations in business,2015-09-01,,0.0
"Muskoka-Kawarthas, Ontario",112,Professional occupations in business,2015-10-01,,0.0
"Muskoka-Kawarthas, Ontario",112,Professional occupations in business,2015-11-01,,0.0
"Muskoka-Kawarthas, Ontario",112,Professional occupations in business,2015-12-01,,0.0
"Muskoka-Kawarthas, Ontario",112,Professional occupations in business,2016-01-01,,0.0
"Muskoka-Kawarthas, Ontario",112,Professional occupations in business,2016-02-01,,0.0
"Muskoka-Kawarthas, Ontario",112,Professional occupations in business,2016-03-01,,0.0
"Muskoka-Kawarthas, Ontario",112,Professional occupations in business,2016-04-01,,0.0
"Muskoka-Kawarthas, Ontario",112,Professional occupations in business,2016-05-01,,0.0
"Muskoka-Kawarthas, Ontario",112,Professional occupations in business,2016-06-01,,0.0
"Muskoka-Kawarthas, Ontario",112,Professional occupations in business,2016-07-01,1.5,0.0
"Muskoka-Kawarthas, Ontario",112,Professional occupations in business,2016-08-01,,0.0
"Muskoka-Kawarthas, Ontario",112,Professional occupations in business,2016-09-01,,0.0
"Muskoka-Kawarthas, Ontario",112,Professional occupations in business,2016-10-01,2.0,33.333
"Muskoka-Kawarthas, Ontario",112,Professional occupations in business,2016-11-01,1.9,-5.0
"Muskoka-Kawarthas, Ontario",112,Professional occupations in business,2016-12-01,1.8,-5.263
"Muskoka-Kawarthas, Ontario",112,Professional occupations in business,2017-01-01,,0.0
"Muskoka-Kawarthas, Ontario",112,Professional occupations in business,2017-02-01,,0.0
"Muskoka-Kawarthas, Ontario",112,Professional occupations in business,2017-03-01,2.1,16.667
"Muskoka-Kawarthas, Ontario",112,Professional occupations in business,2017-04-01,2.8,33.333
"Muskoka-Kawarthas, Ontario",112,Professional occupations in business,2017-05-01,2.9,3.571
"Muskoka-Kawarthas, Ontario",112,Professional occupations in business,2017-06-01,2.7,-6.897
"Muskoka-Kawarthas, Ontario",112,Professional occupations in business,2017-07-01,2.9,7.407
"Muskoka-Kawarthas, Ontario",112,Professional occupations in business,2017-08-01,2.1,-27.586
"Muskoka-Kawarthas, Ontario",112,Professional occupations in business,2017-09-01,2.2,4.762
"Muskoka-Kawarthas, Ontario",112,Professional occupations in business,2017-10-01,1.9,-13.636
"Muskoka-Kawarthas, Ontario",112,Professional occupations in business,2017-11-01,2.5,31.579
"Muskoka-Kawarthas, Ontario",112,Professional occupations in business,2017-12-01,2.5,0.0
"Muskoka-Kawarthas, Ontario",112,Professional occupations in business,2018-01-01,2.6,4.0
"Muskoka-Kawarthas, Ontario",112,Professional occupations in business,2018-02-01,2.6,0.0
"Muskoka-Kawarthas, Ontario",112,Professional occupations in business,2018-03-01,2.0,-23.077
"Muskoka-Kawarthas, Ontario",112,Professional occupations in business,2018-04-01,1.5,-25.0
"Muskoka-Kawarthas, Ontario",112,Professional occupations in business,2018-05-01,,0.0
"Muskoka-Kawarthas, Ontario",112,Professional occupations in business,2018-06-01,,0.0
"Muskoka-Kawarthas, Ontario",112,Professional occupations in business,2018-07-01,,0.0
"Muskoka-Kawarthas, Ontario",112,Professional occupations in business,2018-08-01,1.9,26.667
"Muskoka-Kawarthas, Ontario",112,Professional occupations in business,2018-09-01,2.4,26.316
"Muskoka-Kawarthas, Ontario",112,Professional occupations in business,2018-10-01,2.7,12.5
"Muskoka-Kawarthas, Ontario",112,Professional occupations in business,2018-11-01,2.8,3.704
"Muskoka-Kawarthas, Ontario",112,Professional occupations in business,2018-12-01,3.1,10.714
"Muskoka-Kawarthas, Ontario",112,Professional occupations in business,2019-01-01,2.5,-19.355
"Muskoka-Kawarthas, Ontario",112,Professional occupations in business,2019-02-01,2.1,-16.0
"Muskoka-Kawarthas, Ontario",112,Professional occupations in business,2019-03-01,1.6,-23.81
"Muskoka-Kawarthas, Ontario",112,Professional occupations in business,2019-04-01,1.9,18.75
"Muskoka-Kawarthas, Ontario",112,Professional occupations in business,2019-05-01,2.1,10.526
"Muskoka-Kawarthas, Ontario",112,Professional occupations in business,2019-06-01,2.4,14.286
"Muskoka-Kawarthas, Ontario",112,Professional occupations in business,2019-07-01,2.6,8.333
"Muskoka-Kawarthas, Ontario",112,Professional occupations in business,2019-08-01,3.3,26.923
"Muskoka-Kawarthas, Ontario",112,Professional occupations in business,2019-09-01,3.3,0.0
"Muskoka-Kawarthas, Ontario",112,Professional occupations in business,2019-10-01,3.0,-9.091
"Muskoka-Kawarthas, Ontario",112,Professional occupations in business,2019-11-01,2.1,-30.0
"Muskoka-Kawarthas, Ontario",112,Professional occupations in business,2019-12-01,1.8,-14.286
"Muskoka-Kawarthas, Ontario",112,Professional occupations in business,2020-01-01,2.2,22.222
"Muskoka-Kawarthas, Ontario",112,Professional occupations in business,2020-02-01,2.3,4.545
"Muskoka-Kawarthas, Ontario",112,Professional occupations in business,2020-03-01,2.3,0.0
"Muskoka-Kawarthas, Ontario",112,Professional occupations in business,2020-04-01,,0.0
"Muskoka-Kawarthas, Ontario",112,Professional occupations in business,2020-05-01,,0.0
"Muskoka-Kawarthas, Ontario",112,Professional occupations in business,2020-06-01,,0.0
"Muskoka-Kawarthas, Ontario",112,Professional occupations in business,2020-07-01,,0.0
"Muskoka-Kawarthas, Ontario",112,Professional occupations in business,2020-08-01,,0.0
"Muskoka-Kawarthas, Ontario",112,Professional occupations in business,2020-09-01,,0.0
"Muskoka-Kawarthas, Ontario",112,Professional occupations in business,2020-10-01,2.1,-8.696
"Muskoka-Kawarthas, Ontario",112,Professional occupations in business,2020-11-01,1.7,-19.048
"Muskoka-Kawarthas, Ontario",112,Professional occupations in business,2020-12-01,1.9,11.765
"Muskoka-Kawarthas, Ontario",112,Professional occupations in business,2021-01-01,2.2,15.789
"Muskoka-Kawarthas, Ontario",112,Professional occupations in business,2021-02-01,2.8,27.273
"Muskoka-Kawarthas, Ontario",112,Professional occupations in business,2021-03-01,2.0,-28.571
"Muskoka-Kawarthas, Ontario",112,Professional occupations in business,2021-04-01,,0.0
"Muskoka-Kawarthas, Ontario",112,Professional occupations in business,2021-05-01,,0.0
"Muskoka-Kawarthas, Ontario",112,Professional occupations in business,2021-06-01,2.5,25.0
"Muskoka-Kawarthas, Ontario",112,Professional occupations in business,2021-07-01,3.2,28.0
"Muskoka-Kawarthas, Ontario",112,Professional occupations in business,2021-08-01,3.6,12.5
"Muskoka-Kawarthas, Ontario",112,Professional occupations in business,2021-09-01,3.1,-13.889
"Muskoka-Kawarthas, Ontario",112,Professional occupations in business,2021-10-01,3.8,22.581
"Muskoka-Kawarthas, Ontario",112,Professional occupations in business,2021-11-01,3.3,-13.158
"Muskoka-Kawarthas, Ontario",112,Professional occupations in business,2021-12-01,3.8,15.152
"Muskoka-Kawarthas, Ontario",112,Professional occupations in business,2022-01-01,3.6,-5.263
"Muskoka-Kawarthas, Ontario",112,Professional occupations in business,2022-02-01,3.5,-2.778
"Muskoka-Kawarthas, Ontario",112,Professional occupations in business,2022-03-01,3.1,-11.429
"Muskoka-Kawarthas, Ontario",112,Professional occupations in business,2022-04-01,2.1,-32.258
"Muskoka-Kawarthas, Ontario",112,Professional occupations in business,2022-05-01,1.5,-28.571
"Muskoka-Kawarthas, Ontario",112,Professional occupations in business,2022-06-01,,0.0
"Muskoka-Kawarthas, Ontario",112,Professional occupations in business,2022-07-01,,0.0
"Muskoka-Kawarthas, Ontario",112,Professional occupations in business,2022-08-01,,0.0
"Muskoka-Kawarthas, Ontario",112,Professional occupations in business,2022-09-01,1.5,0.0
"Muskoka-Kawarthas, Ontario",112,Professional occupations in business,2022-10-01,1.8,20.0
"Muskoka-Kawarthas, Ontario",112,Professional occupations in business,2022-11-01,2.0,11.111
"Muskoka-Kawarthas, Ontario",112,Professional occupations in business,2022-12-01,2.2,10.0
"Muskoka-Kawarthas, Ontario",112,Professional occupations in business,2023-01-01,2.2,0.0
"Muskoka-Kawarthas, Ontario",112,Professional occupations in business,2023-02-01,2.7,22.727
"Muskoka-Kawarthas, Ontario",112,Professional occupations in business,2023-03-01,3.0,11.111
"Muskoka-Kawarthas, Ontario",112,Professional occupations in business,2023-04-01,3.1,3.333
"Muskoka-Kawarthas, Ontario",112,Professional occupations in business,2023-05-01,2.8,-9.677
"Muskoka-Kawarthas, Ontario",112,Professional occupations in business,2023-06-01,3.5,25.0
"Muskoka-Kawarthas, Ontario",112,Professional occupations in business,2023-07-01,4.1,17.143
"Muskoka-Kawarthas, Ontario",112,Professional occupations in business,2023-08-01,3.9,-4.878
"Muskoka-Kawarthas, Ontario",112,Professional occupations in business,2023-09-01,2.5,-35.897
"Muskoka-Kawarthas, Ontario",112,Professional occupations in business,2023-10-01,1.7,-32.0
"Muskoka-Kawarthas, Ontario",112,Professional occupations in business,2023-11-01,1.6,-5.882
"Muskoka-Kawarthas, Ontario",112,Professional occupations in business,2023-12-01,2.3,43.75
"Muskoka-Kawarthas, Ontario",112,Professional occupations in business,2024-01-01,2.4,4.348
"Muskoka-Kawarthas, Ontario",112,Professional occupations in business,2024-02-01,2.7,12.5
"Muskoka-Kawarthas, Ontario",112,Professional occupations in business,2024-03-01,3.2,18.519
"Muskoka-Kawarthas, Ontario",112,Professional occupations in business,2024-04-01,3.7,15.625
"Muskoka-Kawarthas, Ontario",112,Professional occupations in business,2024-05-01,5.4,45.946
"Muskoka-Kawarthas, Ontario",112,Professional occupations in business,2024-06-01,5.8,7.407
"Muskoka-Kawarthas, Ontario",112,Professional occupations in business,2024-07-01,5.8,0.0
"Muskoka-Kawarthas, Ontario",112,Professional occupations in business,2024-08-01,4.5,-22.414
"Muskoka-Kawarthas, Ontario",112,Professional occupations in business,2024-09-01,4.5,0.0
"Muskoka-Kawarthas, Ontario",112,Professional occupations in business,2024-10-01,4.2,-6.667
"Muskoka-Kawarthas, Ontario",112,Professional occupations in business,2024-11-01,3.4,-19.048
"Muskoka-Kawarthas, Ontario",112,Professional occupations in business,2024-12-01,2.6,-23.529
"Muskoka-Kawarthas, Ontario",112,Professional occupations in business,2025-01-01,2.9,11.538
"Muskoka-Kawarthas, Ontario",112,Professional occupations in business,2025-02-01,2.7,-6.897
"Muskoka-Kawarthas, Ontario",112,Professional occupations in business,2025-03-01,2.7,0.0
"Muskoka-Kawarthas, Ontario",112,Professional occupations in business,2025-04-01,1.9,-29.63
"Muskoka-Kawarthas, Ontario",112,Professional occupations in business,2025-05-01,2.7,42.105
"Muskoka-Kawarthas, Ontario",112,Professional occupations in business,2025-06-01,2.7,0.0
"Muskoka-Kawarthas, Ontario",112,Professional occupations in business,2025-07-01,3.6,33.333
"Muskoka-Kawarthas, Ontario",112,Professional occupations in business,2025-08-01,3.4,-5.556
"Muskoka-Kawarthas, Ontario",112,Professional occupations in business,2025-09-01,3.1,-8.824
"Muskoka-Kawarthas, Ontario",212,Professional occupations in applied sciences (except engineering),2011-03-01,2.5,
"Muskoka-Kawarthas, Ontario",212,Professional occupations in applied sciences (except engineering),2011-04-01,2.7,8.0
"Muskoka-Kawarthas, Ontario",212,Professional occupations in applied sciences (except engineering),2011-05-01,3.0,11.111
"Muskoka-Kawarthas, Ontario",212,Professional occupations in applied sciences (except engineering),2011-06-01,2.6,-13.333
"Muskoka-Kawarthas, Ontario",212,Professional occupations in applied sciences (except engineering),2011-07-01,2.6,0.0
"Muskoka-Kawarthas, Ontario",212,Professional occupations in applied sciences (except engineering),2011-08-01,2.0,-23.077
"Muskoka-Kawarthas, Ontario",212,Professional occupations in applied sciences (except engineering),2011-09-01,2.2,10.0
"Muskoka-Kawarthas, Ontario",212,Professional occupations in applied sciences (except engineering),2011-10-01,2.0,-9.091
"Muskoka-Kawarthas, Ontario",212,Professional occupations in applied sciences (except engineering),2011-11-01,2.1,5.0
"Muskoka-Kawarthas, Ontario",212,Professional occupations in applied sciences (except engineering),2011-12-01,1.8,-14.286
"Muskoka-Kawarthas, Ontario",212,Professional occupations in applied sciences (except engineering),2012-01-01,1.6,-11.111
"Muskoka-Kawarthas, Ontario",212,Professional occupations in applied sciences (except engineering),2012-02-01,1.9,18.75
"Muskoka-Kawarthas, Ontario",212,Professional occupations in applied sciences (except engineering),2012-03-01,2.0,5.263
"Muskoka-Kawarthas, Ontario",212,Professional occupations in applied sciences (except engineering),2012-04-01,2.2,10.0
"Muskoka-Kawarthas, Ontario",212,Professional occupations in applied sciences (except engineering),2012-05-01,2.2,0.0
"Muskoka-Kawarthas, Ontario",212,Professional occupations in applied sciences (except engineering),2012-06-01,2.7,22.727
"Muskoka-Kawarthas, Ontario",212,Professional occupations in applied sciences (except engineering),2012-07-01,3.2,18.519
"Muskoka-Kawarthas, Ontario",212,Professional occupations in applied sciences (except engineering),2012-08-01,3.5,9.375
"Muskoka-Kawarthas, Ontario",212,Professional occupations in applied sciences (except engineering),2012-09-01,3.0,-14.286
"Muskoka-Kawarthas, Ontario",212,Professional occupations in applied sciences (except engineering),2012-10-01,2.2,-26.667
"Muskoka-Kawarthas, Ontario",212,Professional occupations in applied sciences (except engineering),2012-11-01,,0.0
"Muskoka-Kawarthas, Ontario",212,Professional occupations in applied sciences (except engineering),2012-12-01,,0.0
"Muskoka-Kawarthas, Ontario",212,Professional occupations in applied sciences (except engineering),2013-01-01,,0.0
"Muskoka-Kawarthas, Ontario",212,Professional occupations in applied sciences (except engineering),2013-02-01,,0.0
"Muskoka-Kawarthas, Ontario",212,Professional occupations in applied sciences (except engineering),2013-03-01,,0.0
"Muskoka-Kawarthas, Ontario",212,Professional occupations in applied sciences (except engineering),2013-04-01,1.5,-31.818
"Muskoka-Kawarthas, Ontario",212,Professional occupations in applied sciences (except engineering),2013-05-01,1.9,26.667
"Muskoka-Kawarthas, Ontario",212,Professional occupations in applied sciences (except engineering),2013-06-01,2.1,10.526
"Muskoka-Kawarthas, Ontario",212,Professional occupations in applied sciences (except engineering),2013-07-01,2.3,9.524
"Muskoka-Kawarthas, Ontario",212,Professional occupations in applied sciences (except engineering),2013-08-01,2.6,13.043
"Muskoka-Kawarthas, Ontario",212,Professional occupations in applied sciences (except engineering),2013-09-01,2.7,3.846
"Muskoka-Kawarthas, Ontario",212,Professional occupations in applied sciences (except engineering),2013-10-01,3.1,14.815
"Muskoka-Kawarthas, Ontario",212,Professional occupations in applied sciences (except engineering),2013-11-01,3.3,6.452
"Muskoka-Kawarthas, Ontario",212,Professional occupations in applied sciences (except engineering),2013-12-01,3.6,9.091
"Muskoka-Kawarthas, Ontario",212,Professional occupations in applied sciences (except engineering),2014-01-01,3.4,-5.556
"Muskoka-Kawarthas, Ontario",212,Professional occupations in applied sciences (except engineering),2014-02-01,3.1,-8.824
"Muskoka-Kawarthas, Ontario",212,Professional occupations in applied sciences (except engineering),2014-03-01,2.3,-25.806
"Muskoka-Kawarthas, Ontario",212,Professional occupations in applied sciences (except engineering),2014-04-01,1.8,-21.739
"Muskoka-Kawarthas, Ontario",212,Professional occupations in applied sciences (except engineering),2014-05-01,,0.0
"Muskoka-Kawarthas, Ontario",212,Professional occupations in applied sciences (except engineering),2014-06-01,,0.0
"Muskoka-Kawarthas, Ontario",212,Professional occupations in applied sciences (except engineering),2014-07-01,,0.0
"Muskoka-Kawarthas, Ontario",212,Professional occupations in applied sciences (except engineering),2014-08-01,,0.0
"Muskoka-Kawarthas, Ontario",212,Professional occupations in applied sciences (except engineering),2014-09-01,,0.0
"Muskoka-Kawarthas, Ontario",212,Professional occupations in applied sciences (except engineering),2014-10-01,,0.0
"Muskoka-Kawarthas, Ontario",212,Professional occupations in applied sciences (except engineering),2014-11-01,,0.0
"Muskoka-Kawarthas, Ontario",212,Professional occupations in applied sciences (except engineering),2014-12-01,,0.0
"Muskoka-Kawarthas, Ontario",212,Professional occupations in applied sciences (except engineering),2015-01-01,,0.0
"Muskoka-Kawarthas, Ontario",212,Professional occupations in applied sciences (except engineering),2015-02-01,,0.0
"Muskoka-Kawarthas, Ontario",212,Professional occupations in applied sciences (except engineering),2015-03-01,1.6,-11.111
"Muskoka-Kawarthas, Ontario",212,Professional occupations in applied sciences (except engineering),2015-04-01,1.9,18.75
"Muskoka-Kawarthas, Ontario",212,Professional occupations in applied sciences (except engineering),2015-05-01,2.0,5.263
"Muskoka-Kawarthas, Ontario",212,Professional occupations in applied sciences (except engineering),2015-06-01,1.8,-10.0
"Muskoka-Kawarthas, Ontario",212,Professional occupations in applied sciences (except engineering),2015-07-01,1.6,-11.111
"Muskoka-Kawarthas, Ontario",212,Professional occupations in applied sciences (except engineering),2015-08-01,1.6,0.0
"Muskoka-Kawarthas, Ontario",212,Professional occupations in applied sciences (except engineering),2015-09-01,1.7,6.25
"Muskoka-Kawarthas, Ontario",212,Professional occupations in applied sciences (except engineering),2015-10-01,1.9,11.765
"Muskoka-Kawarthas, Ontario",212,Professional occupations in applied sciences (except engineering),2015-11-01,1.9,0.0
"Muskoka-Kawarthas, Ontario",212,Professional occupations in applied sciences (except engineering),2015-12-01,2.0,5.263
"Muskoka-Kawarthas, Ontario",212,Professional occupations in applied sciences (except engineering),2016-01-01,1.7,-15.0
"Muskoka-Kawarthas, Ontario",212,Professional occupations in applied sciences (except engineering),2016-02-01,,0.0
"Muskoka-Kawarthas, Ontario",212,Professional occupations in applied sciences (except engineering),2016-03-01,,0.0
"Muskoka-Kawarthas, Ontario",212,Professional occupations in applied sciences (except engineering),2016-04-01,,0.0
"Muskoka-Kawarthas, Ontario",212,Professional occupations in applied sciences (except engineering),2016-05-01,,0.0
"Muskoka-Kawarthas, Ontario",212,Professional occupations in applied sciences (except engineering),2016-06-01,1.8,5.882
"Muskoka-Kawarthas, Ontario",212,Professional occupations in applied sciences (except engineering),2016-07-01,1.6,-11.111
"Muskoka-Kawarthas, Ontario",212,Professional occupations in applied sciences (except engineering),2016-08-01,1.6,0.0
"Muskoka-Kawarthas, Ontario",212,Professional occupations in applied sciences (except engineering),2016-09-01,,0.0
"Muskoka-Kawarthas, Ontario",212,Professional occupations in applied sciences (except engineering),2016-10-01,1.5,-6.25
"Muskoka-Kawarthas, Ontario",212,Professional occupations in applied sciences (except engineering),2016-11-01,,0.0
"Muskoka-Kawarthas, Ontario",212,Professional occupations in applied sciences (except engineering),2016-12-01,,0.0
"Muskoka-Kawarthas, Ontario",212,Professional occupations in applied sciences (except engineering),2017-01-01,,0.0
"Muskoka-Kawarthas, Ontario",212,Professional occupations in applied sciences (except engineering),2017-02-01,,0.0
"Muskoka-Kawarthas, Ontario",212,Professional occupations in applied sciences (except engineering),2017-03-01,,0.0
"Muskoka-Kawarthas, Ontario",212,Professional occupations in applied sciences (except engineering),2017-04-01,,0.0
"Muskoka-Kawarthas, Ontario",212,Professional occupations in applied sciences (except engineering),2017-05-01,,0.0
"Muskoka-Kawarthas, Ontario",212,Professional occupations in applied sciences (except engineering),2017-06-01,,0.0
"Muskoka-Kawarthas, Ontario",212,Professional occupations in applied sciences (except engineering),2017-07-01,1.9,26.667
"Muskoka-Kawarthas, Ontario",212,Professional occupations in applied sciences (except engineering),2017-08-01,2.5,31.579
"Muskoka-Kawarthas, Ontario",212,Professional occupations in applied sciences (except engineering),2017-09-01,2.4,-4.0
"Muskoka-Kawarthas, Ontario",212,Professional occupations in applied sciences (except engineering),2017-10-01,1.7,-29.167
"Muskoka-Kawarthas, Ontario",212,Professional occupations in applied sciences (except engineering),2017-11-01,,0.0
"Muskoka-Kawarthas, Ontario",212,Professional occupations in applied sciences (except engineering),2017-12-01,,0.0
"Muskoka-Kawarthas, Ontario",212,Professional occupations in applied sciences (except engineering),2018-01-01,,0.0
"Muskoka-Kawarthas, Ontario",212,Professional occupations in applied sciences (except engineering),2018-02-01,1.7,0.0
"Muskoka-Kawarthas, Ontario",212,Professional occupations in applied sciences (except engineering),2018-03-01,1.7,0.0
"Muskoka-Kawarthas, Ontario",212,Professional occupations in applied sciences (except engineering),2018-04-01,,0.0
"Muskoka-Kawarthas, Ontario",212,Professional occupations in applied sciences (except engineering),2018-05-01,,0.0
"Muskoka-Kawarthas, Ontario",212,Professional occupations in applied sciences (except engineering),2018-06-01,,0.0
"Muskoka-Kawarthas, Ontario",212,Professional occupations in applied sciences (except engineering),2018-07-01,,0.0
"Muskoka-Kawarthas, Ontario",212,Professional occupations in applied sciences (except engineering),2018-08-01,,0.0
"Muskoka-Kawarthas, Ontario",212,Professional occupations in applied sciences (except engineering),2018-09-01,1.7,0.0
"Muskoka-Kawarthas, Ontario",212,Professional occupations in applied sciences (except engineering),2018-10-01,2.2,29.412
"Muskoka-Kawarthas, Ontario",212,Professional occupations in applied sciences (except engineering),2018-11-01,3.0,36.364
"Muskoka-Kawarthas, Ontario",212,Professional occupations in applied sciences (except engineering),2018-12-01,3.1,3.333
"Muskoka-Kawarthas, Ontario",212,Professional occupations in applied sciences (except engineering),2019-01-01,3.5,12.903
"Muskoka-Kawarthas, Ontario",212,Professional occupations in applied sciences (except engineering),2019-02-01,3.3,-5.714
"Muskoka-Kawarthas, Ontario",212,Professional occupations in applied sciences (except engineering),2019-03-01,3.3,0.0
"Muskoka-Kawarthas, Ontario",212,Professional occupations in applied sciences (except engineering),2019-04-01,3.9,18.182
"Muskoka-Kawarthas, Ontario",212,Professional occupations in applied sciences (except engineering),2019-05-01,5.0,28.205
"Muskoka-Kawarthas, Ontario",212,Professional occupations in applied sciences (except engineering),2019-06-01,5.7,14.0
"Muskoka-Kawarthas, Ontario",212,Professional occupations in applied sciences (except engineering),2019-07-01,5.4,-5.263
"Muskoka-Kawarthas, Ontario",212,Professional occupations in applied sciences (except engineering),2019-08-01,4.5,-16.667
"Muskoka-Kawarthas, Ontario",212,Professional occupations in applied sciences (except engineering),2019-09-01,3.7,-17.778
"Muskoka-Kawarthas, Ontario",212,Professional occupations in applied sciences (except engineering),2019-10-01,2.2,-40.541
"Muskoka-Kawarthas, Ontario",212,Professional occupations in applied sciences (except engineering),2019-11-01,,0.0
"Muskoka-Kawarthas, Ontario",212,Professional occupations in applied sciences (except engineering),2019-12-01,,0.0
"Muskoka-Kawarthas, Ontario",212,Professional occupations in applied sciences (except engineering),2020-01-01,2.0,-9.091
"Muskoka-Kawarthas, Ontario",212,Professional occupations in applied sciences (except engineering),2020-02-01,2.7,35.0
"Muskoka-Kawarthas, Ontario",212,Professional occupations in applied sciences (except engineering),2020-03-01,2.5,-7.407
"Muskoka-Kawarthas, Ontario",212,Professional occupations in applied sciences (except engineering),2020-04-01,3.0,20.0
"Muskoka-Kawarthas, Ontario",212,Professional occupations in applied sciences (except engineering),2020-05-01,2.5,-16.667
"Muskoka-Kawarthas, Ontario",212,Professional occupations in applied sciences (except engineering),2020-06-01,2.0,-20.0
"Muskoka-Kawarthas, Ontario",212,Professional occupations in applied sciences (except engineering),2020-07-01,,0.0
"Muskoka-Kawarthas, Ontario",212,Professional occupations in applied sciences (except engineering),2020-08-01,2.2,10.0
"Muskoka-Kawarthas, Ontario",212,Professional occupations in applied sciences (except engineering),2020-09-01,3.9,77.273
"Muskoka-Kawarthas, Ontario",212,Professional occupations in applied sciences (except engineering),2020-10-01,5.6,43.59
"Muskoka-Kawarthas, Ontario",212,Professional occupations in applied sciences (except engineering),2020-11-01,5.6,0.0
"Muskoka-Kawarthas, Ontario",212,Professional occupations in applied sciences (except engineering),2020-12-01,4.9,-12.5
"Muskoka-Kawarthas, Ontario",212,Professional occupations in applied sciences (except engineering),2021-01-01,3.2,-34.694
"Muskoka-Kawarthas, Ontario",212,Professional occupations in applied sciences (except engineering),2021-02-01,1.9,-40.625
"Muskoka-Kawarthas, Ontario",212,Professional occupations in applied sciences (except engineering),2021-03-01,,0.0
"Muskoka-Kawarthas, Ontario",212,Professional occupations in applied sciences (except engineering),2021-04-01,,0.0
"Muskoka-Kawarthas, Ontario",212,Professional occupations in applied sciences (except engineering),2021-05-01,,0.0
"Muskoka-Kawarthas, Ontario",212,Professional occupations in applied sciences (except engineering),2021-06-01,1.6,-15.789
"Muskoka-Kawarthas, Ontario",212,Professional occupations in applied sciences (except engineering),2021-07-01,,0.0
"Muskoka-Kawarthas, Ontario",212,Professional occupations in applied sciences (except engineering),2021-08-01,,0.0
"Muskoka-Kawarthas, Ontario",212,Professional occupations in applied sciences (except engineering),2021-09-01,,0.0
"Muskoka-Kawarthas, Ontario",212,Professional occupations in applied sciences (except engineering),2021-10-01,,0.0
"Muskoka-Kawarthas, Ontario",212,Professional occupations in applied sciences (except engineering),2021-11-01,,0.0
"Muskoka-Kawarthas, Ontario",212,Professional occupations in applied sciences (except engineering),2021-12-01,,0.0
"Muskoka-Kawarthas, Ontario",212,Professional occupations in applied sciences (except engineering),2022-01-01,,0.0
"Muskoka-Kawarthas, Ontario",212,Professional occupations in applied sciences (except engineering),2022-02-01,,0.0
"Muskoka-Kawarthas, Ontario",212,Professional occupations in applied sciences (except engineering),2022-03-01,,0.0
"Muskoka-Kawarthas, Ontario",212,Professional occupations in applied sciences (except engineering),2022-04-01,,0.0
"Muskoka-Kawarthas, Ontario",212,Professional occupations in applied sciences (except engineering),2022-05-01,,0.0
"Muskoka-Kawarthas, Ontario",212,Professional occupations in applied sciences (except engineering),2022-06-01,,0.0
"Muskoka-Kawarthas, Ontario",212,Professional occupations in applied sciences (except engineering),2022-07-01,2.3,43.75
"Muskoka-Kawarthas, Ontario",212,Professional occupations in applied sciences (except engineering),2022-08-01,2.1,-8.696
"Muskoka-Kawarthas, Ontario",212,Professional occupations in applied sciences (except engineering),2022-09-01,1.8,-14.286
"Muskoka-Kawarthas, Ontario",212,Professional occupations in applied sciences (except engineering),2022-10-01,,0.0
"Muskoka-Kawarthas, Ontario",212,Professional occupations in applied sciences (except engineering),2022-11-01,,0.0
"Muskoka-Kawarthas, Ontario",212,Professional occupations in applied sciences (except engineering),2022-12-01,1.5,-16.667
"Muskoka-Kawarthas, Ontario",212,Professional occupations in applied sciences (except engineering),2023-01-01,,0.0
"Muskoka-Kawarthas, Ontario",212,Professional occupations in applied sciences (except engineering),2023-02-01,1.5,0.0
"Muskoka-Kawarthas, Ontario",212,Professional occupations in applied sciences (except engineering),2023-03-01,,0.0
"Muskoka-Kawarthas, Ontario",212,Professional occupations in applied sciences (except engineering),2023-04-01,1.8,20.0
"Muskoka-Kawarthas, Ontario",212,Professional occupations in applied sciences (except engineering),2023-05-01,2.8,55.556
"Muskoka-Kawarthas, Ontario",212,Professional occupations in applied sciences (except engineering),2023-06-01,3.5,25.0
"Muskoka-Kawarthas, Ontario",212,Professional occupations in applied sciences (except engineering),2023-07-01,4.4,25.714
"Muskoka-Kawarthas, Ontario",212,Professional occupations in applied sciences (except engineering),2023-08-01,3.8,-13.636
"Muskoka-Kawarthas, Ontario",212,Professional occupations in applied sciences (except engineering),2023-09-01,3.7,-2.632
"Muskoka-Kawarthas, Ontario",212,Professional occupations in applied sciences (except engineering),2023-10-01,3.7,0.0
"Muskoka-Kawarthas, Ontario",212,Professional occupations in applied sciences (except engineering),2023-11-01,3.5,-5.405
"Muskoka-Kawarthas, Ontario",212,Professional occupations in applied sciences (except engineering),2023-12-01,2.7,-22.857
"Muskoka-Kawarthas, Ontario",212,Professional occupations in applied sciences (except engineering),2024-01-01,,0.0
"Muskoka-Kawarthas, Ontario",212,Professional occupations in applied sciences (except engineering),2024-02-01,,0.0
"Muskoka-Kawarthas, Ontario",212,Professional occupations in applied sciences (except engineering),2024-03-01,1.6,-40.741
"Muskoka-Kawarthas, Ontario",212,Professional occupations in applied sciences (except engineering),2024-04-01,2.0,25.0
"Muskoka-Kawarthas, Ontario",212,Professional occupations in applied sciences (except engineering),2024-05-01,2.2,10.0
"Muskoka-Kawarthas, Ontario",212,Professional occupations in applied sciences (except engineering),2024-06-01,2.7,22.727
"Muskoka-Kawarthas, Ontario",212,Professional occupations in applied sciences (except engineering),2024-07-01,3.0,11.111
"Muskoka-Kawarthas, Ontario",212,Professional occupations in applied sciences (except engineering),2024-08-01,2.6,-13.333
"Muskoka-Kawarthas, Ontario",212,Professional occupations in applied sciences (except engineering),2024-09-01,2.0,-23.077
"Muskoka-Kawarthas, Ontario",212,Professional occupations in applied sciences (except engineering),2024-10-01,2.2,10.0
"Muskoka-Kawarthas, Ontario",212,Professional occupations in applied sciences (except engineering),2024-11-01,2.1,-4.545
"Muskoka-Kawarthas, Ontario",212,Professional occupations in applied sciences (except engineering),2024-12-01,2.0,-4.762
"Muskoka-Kawarthas, Ontario",212,Professional occupations in applied sciences (except engineering),2025-01-01,2.9,45.0
"Muskoka-Kawarthas, Ontario",212,Professional occupations in applied sciences (except engineering),2025-02-01,3.7,27.586
"Muskoka-Kawarthas, Ontario",212,Professional occupations in applied sciences (except engineering),2025-03-01,4.4,18.919
"Muskoka-Kawarthas, Ontario",212,Professional occupations in applied sciences (except engineering),2025-04-01,3.1,-29.545
"Muskoka-Kawarthas, Ontario",212,Professional occupations in applied sciences (except engineering),2025-05-01,3.1,0.0
"Muskoka-Kawarthas, Ontario",212,Professional occupations in applied sciences (except engineering),2025-06-01,3.9,25.806
"Muskoka-Kawarthas, Ontario",212,Professional occupations in applied sciences (except engineering),2025-07-01,4.3,10.256
"Muskoka-Kawarthas, Ontario",212,Professional occupations in applied sciences (except engineering),2025-08-01,4.3,0.0
"Muskoka-Kawarthas, Ontario",212,Professional occupations in applied sciences (except engineering),2025-09-01,4.6,6.977
"Northeast, Ontario",112,Professional occupations in business,2011-03-01,2.5,
"Northeast, Ontario",112,Professional occupations in business,2011-04-01,2.9,16.0
"Northeast, Ontario",112,Professional occupations in business,2011-05-01,2.9,0.0
"Northeast, Ontario",112,Professional occupations in business,2011-06-01,2.8,-3.448
"Northeast, Ontario",112,Professional occupations in business,2011-07-01,2.3,-17.857
"Northeast, Ontario",112,Professional occupations in business,2011-08-01,2.2,-4.348
"Northeast, Ontario",112,Professional occupations in business,2011-09-01,2.4,9.091
"Northeast, Ontario",112,Professional occupations in business,2011-10-01,2.4,0.0
"Northeast, Ontario",112,Professional occupations in business,2011-11-01,2.5,4.167
"Northeast, Ontario",112,Professional occupations in business,2011-12-01,2.6,4.0
"Northeast, Ontario",112,Professional occupations in business,2012-01-01,2.8,7.692
"Northeast, Ontario",112,Professional occupations in business,2012-02-01,2.6,-7.143
"Northeast, Ontario",112,Professional occupations in business,2012-03-01,2.5,-3.846
"Northeast, Ontario",112,Professional occupations in business,2012-04-01,2.5,0.0
"Northeast, Ontario",112,Professional occupations in business,2012-05-01,2.3,-8.0
"Northeast, Ontario",112,Professional occupations in business,2012-06-01,1.9,-17.391
"Northeast, Ontario",112,Professional occupations in business,2012-07-01,1.6,-15.789
"Northeast, Ontario",112,Professional occupations in business,2012-08-01,1.6,0.0
"Northeast, Ontario",112,Professional occupations in business,2012-09-01,,0.0
"Northeast, Ontario",112,Professional occupations in business,2012-10-01,,0.0
"Northeast, Ontario",112,Professional occupations in business,2012-11-01,,0.0
"Northeast, Ontario",112,Professional occupations in business,2012-12-01,,0.0
"Northeast, Ontario",112,Professional occupations in business,2013-01-01,,0.0
"Northeast, Ontario",112,Professional occupations in business,2013-02-01,,0.0
"Northeast, Ontario",112,Professional occupations in business,2013-03-01,,0.0
"Northeast, Ontario",112,Professional occupations in business,2013-04-01,,0.0
"Northeast, Ontario",112,Professional occupations in business,2013-05-01,,0.0
"Northeast, Ontario",112,Professional occupations in business,2013-06-01,,0.0
"Northeast, Ontario",112,Professional occupations in business,2013-07-01,,0.0
"Northeast, Ontario",112,Professional occupations in business,2013-08-01,,0.0
"Northeast, Ontario",112,Professional occupations in business,2013-09-01,,0.0
"Northeast, Ontario",112,Professional occupations in business,2013-10-01,,0.0
"Northeast, Ontario",112,Professional occupations in business,2013-11-01,2.0,25.0
"Northeast, Ontario",112,Professional occupations in business,2013-12-01,2.5,25.0
"Northeast, Ontario",112,Professional occupations in business,2014-01-01,3.1,24.0
"Northeast, Ontario",112,Professional occupations in business,2014-02-01,3.4,9.677
"Northeast, Ontario",112,Professional occupations in business,2014-03-01,3.7,8.824
"Northeast, Ontario",112,Professional occupations in business,2014-04-01,3.6,-2.703
"Northeast, Ontario",112,Professional occupations in business,2014-05-01,3.8,5.556
"Northeast, Ontario",112,Professional occupations in business,2014-06-01,3.6,-5.263
"Northeast, Ontario",112,Professional occupations in business,2014-07-01,3.6,0.0
"Northeast, Ontario",112,Professional occupations in business,2014-08-01,3.1,-13.889
"Northeast, Ontario",112,Professional occupations in business,2014-09-01,2.9,-6.452
"Northeast, Ontario",112,Professional occupations in business,2014-10-01,2.1,-27.586
"Northeast, Ontario",112,Professional occupations in business,2014-11-01,2.2,4.762
"Northeast, Ontario",112,Professional occupations in business,2014-12-01,2.4,9.091
"Northeast, Ontario",112,Professional occupations in business,2015-01-01,2.7,12.5
"Northeast, Ontario",112,Professional occupations in business,2015-02-01,2.6,-3.704
"Northeast, Ontario",112,Professional occupations in business,2015-03-01,2.2,-15.385
"Northeast, Ontario",112,Professional occupations in business,2015-04-01,2.1,-4.545
"Northeast, Ontario",112,Professional occupations in business,2015-05-01,2.0,-4.762
"Northeast, Ontario",112,Professional occupations in business,2015-06-01,1.8,-10.0
"Northeast, Ontario",112,Professional occupations in business,2015-07-01,1.7,-5.556
"Northeast, Ontario",112,Professional occupations in business,2015-08-01,1.6,-5.882
"Northeast, Ontario",112,Professional occupations in business,2015-09-01,1.7,6.25
"Northeast, Ontario",112,Professional occupations in business,2015-10-01,1.5,-11.765
"Northeast, Ontario",112,Professional occupations in business,2015-11-01,1.6,6.667
"Northeast, Ontario",112,Professional occupations in business,2015-12-01,1.8,12.5
"Northeast, Ontario",112,Professional occupations in business,2016-01-01,2.1,16.667
"Northeast, Ontario",112,Professional occupations in business,2016-02-01,2.3,9.524
"Northeast, Ontario",112,Professional occupations in business,2016-03-01,2.3,0.0
"Northeast, Ontario",112,Professional occupations in business,2016-04-01,2.6,13.043
"Northeast, Ontario",112,Professional occupations in business,2016-05-01,2.6,0.0
"Northeast, Ontario",112,Professional occupations in business,2016-06-01,2.5,-3.846
"Northeast, Ontario",112,Professional occupations in business,2016-07-01,2.3,-8.0
"Northeast, Ontario",112,Professional occupations in business,2016-08-01,2.2,-4.348
"Northeast, Ontario",112,Professional occupations in business,2016-09-01,2.0,-9.091
"Northeast, Ontario",112,Professional occupations in business,2016-10-01,,0.0
"Northeast, Ontario",112,Professional occupations in business,2016-11-01,,0.0
"Northeast, Ontario",112,Professional occupations in business,2016-12-01,,0.0
"Northeast, Ontario",112,Professional occupations in business,2017-01-01,,0.0
"Northeast, Ontario",112,Professional occupations in business,2017-02-01,,0.0
"Northeast, Ontario",112,Professional occupations in business,2017-03-01,,0.0
"Northeast, Ontario",112,Professional occupations in business,2017-04-01,,0.0
"Northeast, Ontario",112,Professional occupations in business,2017-05-01,,0.0
"Northeast, Ontario",112,Professional occupations in business,2017-06-01,,0.0
"Northeast, Ontario",112,Professional occupations in business,2017-07-01,,0.0
"Northeast, Ontario",112,Professional occupations in business,2017-08-01,,0.0
"Northeast, Ontario",112,Professional occupations in business,2017-09-01,1.6,-20.0
"Northeast, Ontario",112,Professional occupations in business,2017-10-01,1.8,12.5
"Northeast, Ontario",112,Professional occupations in business,2017-11-01,2.2,22.222
"Northeast, Ontario",112,Professional occupations in business,2017-12-01,2.5,13.636
"Northeast, Ontario",112,Professional occupations in business,2018-01-01,2.8,12.0
"Northeast, Ontario",112,Professional occupations in business,2018-02-01,2.7,-3.571
"Northeast, Ontario",112,Professional occupations in business,2018-03-01,2.5,-7.407
"Northeast, Ontario",112,Professional occupations in business,2018-04-01,2.0,-20.0
"Northeast, Ontario",112,Professional occupations in business,2018-05-01,1.8,-10.0
"Northeast, Ontario",112,Professional occupations in business,2018-06-01,1.7,-5.556
"Northeast, Ontario",112,Professional occupations in business,2018-07-01,1.7,0.0
"Northeast, Ontario",112,Professional occupations in business,2018-08-01,1.9,11.765
"Northeast, Ontario",112,Professional occupations in business,2018-09-01,2.1,10.526
"Northeast, Ontario",112,Professional occupations in business,2018-10-01,2.9,38.095
"Northeast, Ontario",112,Professional occupations in business,2018-11-01,3.4,17.241
"Northeast, Ontario",112,Professional occupations in business,2018-12-01,3.3,-2.941
"Northeast, Ontario",112,Professional occupations in business,2019-01-01,2.8,-15.152
"Northeast, Ontario",112,Professional occupations in business,2019-02-01,2.1,-25.0
"Northeast, Ontario",112,Professional occupations in business,2019-03-01,2.2,4.762
"Northeast, Ontario",112,Professional occupations in business,2019-04-01,2.1,-4.545
"Northeast, Ontario",112,Professional occupations in business,2019-05-01,2.3,9.524
"Northeast, Ontario",112,Professional occupations in business,2019-06-01,2.5,8.696
"Northeast, Ontario",112,Professional occupations in business,2019-07-01,2.6,4.0
"Northeast, Ontario",112,Professional occupations in business,2019-08-01,2.9,11.538
"Northeast, Ontario",112,Professional occupations in business,2019-09-01,3.0,3.448
"Northeast, Ontario",112,Professional occupations in business,2019-10-01,3.0,0.0
"Northeast, Ontario",112,Professional occupations in business,2019-11-01,3.3,10.0
"Northeast, Ontario",112,Professional occupations in business,2019-12-01,3.6,9.091
"Northeast, Ontario",112,Professional occupations in business,2020-01-01,3.9,8.333
"Northeast, Ontario",112,Professional occupations in business,2020-02-01,4.1,5.128
"Northeast, Ontario",112,Professional occupations in business,2020-03-01,4.4,7.317
"Northeast, Ontario",112,Professional occupations in business,2020-04-01,4.4,0.0
"Northeast, Ontario",112,Professional occupations in business,2020-05-01,4.2,-4.545
"Northeast, Ontario",112,Professional occupations in business,2020-06-01,3.7,-11.905
"Northeast, Ontario",112,Professional occupations in business,2020-07-01,3.4,-8.108
"Northeast, Ontario",112,Professional occupations in business,2020-08-01,3.3,-2.941
"Northeast, Ontario",112,Professional occupations in business,2020-09-01,2.9,-12.121
"Northeast, Ontario",112,Professional occupations in business,2020-10-01,2.8,-3.448
"Northeast, Ontario",112,Professional occupations in business,2020-11-01,2.3,-17.857
"Northeast, Ontario",112,Professional occupations in business,2020-12-01,2.2,-4.348
"Northeast, Ontario",112,Professional occupations in business,2021-01-01,2.3,4.545
"Northeast, Ontario",112,Professional occupations in business,2021-02-01,3.0,30.435
"Northeast, Ontario",112,Professional occupations in business,2021-03-01,3.7,23.333
"Northeast, Ontario",112,Professional occupations in business,2021-04-01,4.2,13.514
"Northeast, Ontario",112,Professional occupations in business,2021-05-01,4.8,14.286
"Northeast, Ontario",112,Professional occupations in business,2021-06-01,5.3,10.417
"Northeast, Ontario",112,Professional occupations in business,2021-07-01,5.7,7.547
"Northeast, Ontario",112,Professional occupations in business,2021-08-01,6.5,14.035
"Northeast, Ontario",112,Professional occupations in business,2021-09-01,6.3,-3.077
"Northeast, Ontario",112,Professional occupations in business,2021-10-01,6.0,-4.762
"Northeast, Ontario",112,Professional occupations in business,2021-11-01,5.0,-16.667
"Northeast, Ontario",112,Professional occupations in business,2021-12-01,4.3,-14.0
"Northeast, Ontario",112,Professional occupations in business,2022-01-01,4.0,-6.977
"Northeast, Ontario",112,Professional occupations in business,2022-02-01,3.8,-5.0
"Northeast, Ontario",112,Professional occupations in business,2022-03-01,4.0,5.263
"Northeast, Ontario",112,Professional occupations in business,2022-04-01,3.9,-2.5
"Northeast, Ontario",112,Professional occupations in business,2022-05-01,4.0,2.564
"Northeast, Ontario",112,Professional occupations in business,2022-06-01,4.2,5.0
"Northeast, Ontario",112,Professional occupations in business,2022-07-01,3.6,-14.286
"Northeast, Ontario",112,Professional occupations in business,2022-08-01,2.7,-25.0
"Northeast, Ontario",112,Professional occupations in business,2022-09-01,1.8,-33.333
"Northeast, Ontario",112,Professional occupations in business,2022-10-01,2.1,16.667
"Northeast, Ontario",112,Professional occupations in business,2022-11-01,2.9,38.095
"Northeast, Ontario",112,Professional occupations in business,2022-12-01,4.0,37.931
"Northeast, Ontario",112,Professional occupations in business,2023-01-01,4.6,15.0
"Northeast, Ontario",112,Professional occupations in business,2023-02-01,4.7,2.174
"Northeast, Ontario",112,Professional occupations in business,2023-03-01,4.7,0.0
"Northeast, Ontario",112,Professional occupations in business,2023-04-01,4.3,-8.511
"Northeast, Ontario",112,Professional occupations in business,2023-05-01,4.1,-4.651
"Northeast, Ontario",112,Professional occupations in business,2023-06-01,3.5,-14.634
"Northeast, Ontario",112,Professional occupations in business,2023-07-01,3.9,11.429
"Northeast, Ontario",112,Professional occupations in business,2023-08-01,4.3,10.256
"Northeast, Ontario",112,Professional occupations in business,2023-09-01,4.2,-2.326
"Northeast, Ontario",112,Professional occupations in business,2023-10-01,3.5,-16.667
"Northeast, Ontario",112,Professional occupations in business,2023-11-01,3.0,-14.286
"Northeast, Ontario",112,Professional occupations in business,2023-12-01,3.5,16.667
"Northeast, Ontario",112,Professional occupations in business,2024-01-01,3.7,5.714
"Northeast, Ontario",112,Professional occupations in business,2024-02-01,3.6,-2.703
"Northeast, Ontario",112,Professional occupations in business,2024-03-01,3.9,8.333
"Northeast, Ontario",112,Professional occupations in business,2024-04-01,3.9,0.0
"Northeast, Ontario",112,Professional occupations in business,2024-05-01,4.4,12.821
"Northeast, Ontario",112,Professional occupations in business,2024-06-01,4.5,2.273
"Northeast, Ontario",112,Professional occupations in business,2024-07-01,4.9,8.889
"Northeast, Ontario",112,Professional occupations in business,2024-08-01,4.7,-4.082
"Northeast, Ontario",112,Professional occupations in business,2024-09-01,4.5,-4.255
"Northeast, Ontario",112,Professional occupations in business,2024-10-01,5.2,15.556
"Northeast, Ontario",112,Professional occupations in business,2024-11-01,5.3,1.923
"Northeast, Ontario",112,Professional occupations in business,2024-12-01,5.2,-1.887
"Northeast, Ontario",112,Professional occupations in business,2025-01-01,4.4,-15.385
"Northeast, Ontario",112,Professional occupations in business,2025-02-01,4.2,-4.545
"Northeast, Ontario",112,Professional occupations in business,2025-03-01,3.8,-9.524
"Northeast, Ontario",112,Professional occupations in business,2025-04-01,3.9,2.632
"Northeast, Ontario",112,Professional occupations in business,2025-05-01,4.2,7.692
"Northeast, Ontario",112,Professional occupations in business,2025-06-01,3.8,-9.524
"Northeast, Ontario",112,Professional occupations in business,2025-07-01,3.2,-15.789
"Northeast, Ontario",112,Professional occupations in business,2025-08-01,2.9,-9.375
"Northeast, Ontario",112,Professional occupations in business,2025-09-01,2.9,0.0
"Northeast, Ontario",212,Professional occupations in applied sciences (except engineering),2011-03-01,2.1,
"Northeast, Ontario",212,Professional occupations in applied sciences (except engineering),2011-04-01,2.0,-4.762
"Northeast, Ontario",212,Professional occupations in applied sciences (except engineering),2011-05-01,1.8,-10.0
"Northeast, Ontario",212,Professional occupations in applied sciences (except engineering),2011-06-01,2.0,11.111
"Northeast, Ontario",212,Professional occupations in applied sciences (except engineering),2011-07-01,2.1,5.0
"Northeast, Ontario",212,Professional occupations in applied sciences (except engineering),2011-08-01,2.6,23.81
"Northeast, Ontario",212,Professional occupations in applied sciences (except engineering),2011-09-01,2.8,7.692
"Northeast, Ontario",212,Professional occupations in applied sciences (except engineering),2011-10-01,2.9,3.571
"Northeast, Ontario",212,Professional occupations in applied sciences (except engineering),2011-11-01,2.7,-6.897
"Northeast, Ontario",212,Professional occupations in applied sciences (except engineering),2011-12-01,2.4,-11.111
"Northeast, Ontario",212,Professional occupations in applied sciences (except engineering),2012-01-01,2.2,-8.333
"Northeast, Ontario",212,Professional occupations in applied sciences (except engineering),2012-02-01,1.9,-13.636
"Northeast, Ontario",212,Professional occupations in applied sciences (except engineering),2012-03-01,1.8,-5.263
"Northeast, Ontario",212,Professional occupations in applied sciences (except engineering),2012-04-01,1.8,0.0
"Northeast, Ontario",212,Professional occupations in applied sciences (except engineering),2012-05-01,2.3,27.778
"Northeast, Ontario",212,Professional occupations in applied sciences (except engineering),2012-06-01,2.6,13.043
"Northeast, Ontario",212,Professional occupations in applied sciences (except engineering),2012-07-01,2.8,7.692
"Northeast, Ontario",212,Professional occupations in applied sciences (except engineering),2012-08-01,2.6,-7.143
"Northeast, Ontario",212,Professional occupations in applied sciences (except engineering),2012-09-01,2.3,-11.538
"Northeast, Ontario",212,Professional occupations in applied sciences (except engineering),2012-10-01,2.3,0.0
"Northeast, Ontario",212,Professional occupations in applied sciences (except engineering),2012-11-01,2.3,0.0
"Northeast, Ontario",212,Professional occupations in applied sciences (except engineering),2012-12-01,2.6,13.043
"Northeast, Ontario",212,Professional occupations in applied sciences (except engineering),2013-01-01,2.6,0.0
"Northeast, Ontario",212,Professional occupations in applied sciences (except engineering),2013-02-01,2.9,11.538
"Northeast, Ontario",212,Professional occupations in applied sciences (except engineering),2013-03-01,2.9,0.0
"Northeast, Ontario",212,Professional occupations in applied sciences (except engineering),2013-04-01,2.9,0.0
"Northeast, Ontario",212,Professional occupations in applied sciences (except engineering),2013-05-01,2.9,0.0
"Northeast, Ontario",212,Professional occupations in applied sciences (except engineering),2013-06-01,3.1,6.897
"Northeast, Ontario",212,Professional occupations in applied sciences (except engineering),2013-07-01,3.0,-3.226
"Northeast, Ontario",212,Professional occupations in applied sciences (except engineering),2013-08-01,2.6,-13.333
"Northeast, Ontario",212,Professional occupations in applied sciences (except engineering),2013-09-01,2.0,-23.077
"Northeast, Ontario",212,Professional occupations in applied sciences (except engineering),2013-10-01,2.1,5.0
"Northeast, Ontario",212,Professional occupations in applied sciences (except engineering),2013-11-01,2.4,14.286
"Northeast, Ontario",212,Professional occupations in applied sciences (except engineering),2013-12-01,2.4,0.0
"Northeast, Ontario",212,Professional occupations in applied sciences (except engineering),2014-01-01,2.4,0.0
"Northeast, Ontario",212,Professional occupations in applied sciences (except engineering),2014-02-01,2.3,-4.167
"Northeast, Ontario",212,Professional occupations in applied sciences (except engineering),2014-03-01,2.2,-4.348
"Northeast, Ontario",212,Professional occupations in applied sciences (except engineering),2014-04-01,2.2,0.0
"Northeast, Ontario",212,Professional occupations in applied sciences (except engineering),2014-05-01,2.3,4.545
"Northeast, Ontario",212,Professional occupations in applied sciences (except engineering),2014-06-01,2.4,4.348
"Northeast, Ontario",212,Professional occupations in applied sciences (except engineering),2014-07-01,2.9,20.833
"Northeast, Ontario",212,Professional occupations in applied sciences (except engineering),2014-08-01,3.0,3.448
"Northeast, Ontario",212,Professional occupations in applied sciences (except engineering),2014-09-01,3.3,10.0
"Northeast, Ontario",212,Professional occupations in applied sciences (except engineering),2014-10-01,2.8,-15.152
"Northeast, Ontario",212,Professional occupations in applied sciences (except engineering),2014-11-01,3.2,14.286
"Northeast, Ontario",212,Professional occupations in applied sciences (except engineering),2014-12-01,3.2,0.0
"Northeast, Ontario",212,Professional occupations in applied sciences (except engineering),2015-01-01,3.2,0.0
"Northeast, Ontario",212,Professional occupations in applied sciences (except engineering),2015-02-01,3.0,-6.25
"Northeast, Ontario",212,Professional occupations in applied sciences (except engineering),2015-03-01,2.6,-13.333
"Northeast, Ontario",212,Professional occupations in applied sciences (except engineering),2015-04-01,2.3,-11.538
"Northeast, Ontario",212,Professional occupations in applied sciences (except engineering),2015-05-01,2.1,-8.696
"Northeast, Ontario",212,Professional occupations in applied sciences (except engineering),2015-06-01,2.0,-4.762
"Northeast, Ontario",212,Professional occupations in applied sciences (except engineering),2015-07-01,2.2,10.0
"Northeast, Ontario",212,Professional occupations in applied sciences (except engineering),2015-08-01,2.1,-4.545
"Northeast, Ontario",212,Professional occupations in applied sciences (except engineering),2015-09-01,2.5,19.048
"Northeast, Ontario",212,Professional occupations in applied sciences (except engineering),2015-10-01,2.7,8.0
"Northeast, Ontario",212,Professional occupations in applied sciences (except engineering),2015-11-01,2.6,-3.704
"Northeast, Ontario",212,Professional occupations in applied sciences (except engineering),2015-12-01,2.2,-15.385
"Northeast, Ontario",212,Professional occupations in applied sciences (except engineering),2016-01-01,1.9,-13.636
"Northeast, Ontario",212,Professional occupations in applied sciences (except engineering),2016-02-01,1.8,-5.263
"Northeast, Ontario",212,Professional occupations in applied sciences (except engineering),2016-03-01,1.8,0.0
"Northeast, Ontario",212,Professional occupations in applied sciences (except engineering),2016-04-01,1.8,0.0
"Northeast, Ontario",212,Professional occupations in applied sciences (except engineering),2016-05-01,1.9,5.556
"Northeast, Ontario",212,Professional occupations in applied sciences (except engineering),2016-06-01,2.0,5.263
"Northeast, Ontario",212,Professional occupations in applied sciences (except engineering),2016-07-01,2.0,0.0
"Northeast, Ontario",212,Professional occupations in applied sciences (except engineering),2016-08-01,1.7,-15.0
"Northeast, Ontario",212,Professional occupations in applied sciences (except engineering),2016-09-01,1.7,0.0
"Northeast, Ontario",212,Professional occupations in applied sciences (except engineering),2016-10-01,,0.0
"Northeast, Ontario",212,Professional occupations in applied sciences (except engineering),2016-11-01,1.5,-11.765
"Northeast, Ontario",212,Professional occupations in applied sciences (except engineering),2016-12-01,1.5,0.0
"Northeast, Ontario",212,Professional occupations in applied sciences (except engineering),2017-01-01,1.8,20.0
"Northeast, Ontario",212,Professional occupations in applied sciences (except engineering),2017-02-01,2.0,11.111
"Northeast, Ontario",212,Professional occupations in applied sciences (except engineering),2017-03-01,1.9,-5.0
"Northeast, Ontario",212,Professional occupations in applied sciences (except engineering),2017-04-01,2.0,5.263
"Northeast, Ontario",212,Professional occupations in applied sciences (except engineering),2017-05-01,1.9,-5.0
"Northeast, Ontario",212,Professional occupations in applied sciences (except engineering),2017-06-01,2.2,15.789
"Northeast, Ontario",212,Professional occupations in applied sciences (except engineering),2017-07-01,2.2,0.0
"Northeast, Ontario",212,Professional occupations in applied sciences (except engineering),2017-08-01,2.0,-9.091
"Northeast, Ontario",212,Professional occupations in applied sciences (except engineering),2017-09-01,1.8,-10.0
"Northeast, Ontario",212,Professional occupations in applied sciences (except engineering),2017-10-01,1.9,5.556
"Northeast, Ontario",212,Professional occupations in applied sciences (except engineering),2017-11-01,2.0,5.263
"Northeast, Ontario",212,Professional occupations in applied sciences (except engineering),2017-12-01,2.3,15.0
"Northeast, Ontario",212,Professional occupations in applied sciences (except engineering),2018-01-01,2.4,4.348
"Northeast, Ontario",212,Professional occupations in applied sciences (except engineering),2018-02-01,2.6,8.333
"Northeast, Ontario",212,Professional occupations in applied sciences (except engineering),2018-03-01,2.9,11.538
"Northeast, Ontario",212,Professional occupations in applied sciences (except engineering),2018-04-01,3.1,6.897
"Northeast, Ontario",212,Professional occupations in applied sciences (except engineering),2018-05-01,3.2,3.226
"Northeast, Ontario",212,Professional occupations in applied sciences (except engineering),2018-06-01,2.9,-9.375
"Northeast, Ontario",212,Professional occupations in applied sciences (except engineering),2018-07-01,2.5,-13.793
"Northeast, Ontario",212,Professional occupations in applied sciences (except engineering),2018-08-01,2.3,-8.0
"Northeast, Ontario",212,Professional occupations in applied sciences (except engineering),2018-09-01,2.2,-4.348
"Northeast, Ontario",212,Professional occupations in applied sciences (except engineering),2018-10-01,2.0,-9.091
"Northeast, Ontario",212,Professional occupations in applied sciences (except engineering),2018-11-01,1.8,-10.0
"Northeast, Ontario",212,Professional occupations in applied sciences (except engineering),2018-12-01,1.5,-16.667
"Northeast, Ontario",212,Professional occupations in applied sciences (except engineering),2019-01-01,1.6,6.667
"Northeast, Ontario",212,Professional occupations in applied sciences (except engineering),2019-02-01,1.9,18.75
"Northeast, Ontario",212,Professional occupations in applied sciences (except engineering),2019-03-01,2.1,10.526
"Northeast, Ontario",212,Professional occupations in applied sciences (except engineering),2019-04-01,2.2,4.762
"Northeast, Ontario",212,Professional occupations in applied sciences (except engineering),2019-05-01,2.3,4.545
"Northeast, Ontario",212,Professional occupations in applied sciences (except engineering),2019-06-01,2.5,8.696
"Northeast, Ontario",212,Professional occupations in applied sciences (except engineering),2019-07-01,2.8,12.0
"Northeast, Ontario",212,Professional occupations in applied sciences (except engineering),2019-08-01,2.7,-3.571
"Northeast, Ontario",212,Professional occupations in applied sciences (except engineering),2019-09-01,2.9,7.407
"Northeast, Ontario",212,Professional occupations in applied sciences (except engineering),2019-10-01,2.9,0.0
"Northeast, Ontario",212,Professional occupations in applied sciences (except engineering),2019-11-01,3.3,13.793
"Northeast, Ontario",212,Professional occupations in applied sciences (except engineering),2019-12-01,3.4,3.03
"Northeast, Ontario",212,Professional occupations in applied sciences (except engineering),2020-01-01,3.9,14.706
"Northeast, Ontario",212,Professional occupations in applied sciences (except engineering),2020-02-01,4.0,2.564
"Northeast, Ontario",212,Professional occupations in applied sciences (except engineering),2020-03-01,4.1,2.5
"Northeast, Ontario",212,Professional occupations in applied sciences (except engineering),2020-04-01,3.7,-9.756
"Northeast, Ontario",212,Professional occupations in applied sciences (except engineering),2020-05-01,3.5,-5.405
"Northeast, Ontario",212,Professional occupations in applied sciences (except engineering),2020-06-01,3.6,2.857
"Northeast, Ontario",212,Professional occupations in applied sciences (except engineering),2020-07-01,3.5,-2.778
"Northeast, Ontario",212,Professional occupations in applied sciences (except engineering),2020-08-01,3.4,-2.857
"Northeast, Ontario",212,Professional occupations in applied sciences (except engineering),2020-09-01,2.7,-20.588
"Northeast, Ontario",212,Professional occupations in applied sciences (except engineering),2020-10-01,2.4,-11.111
"Northeast, Ontario",212,Professional occupations in applied sciences (except engineering),2020-11-01,2.1,-12.5
"Northeast, Ontario",212,Professional occupations in applied sciences (except engineering),2020-12-01,2.8,33.333
"Northeast, Ontario",212,Professional occupations in applied sciences (except engineering),2021-01-01,3.2,14.286
"Northeast, Ontario",212,Professional occupations in applied sciences (except engineering),2021-02-01,3.8,18.75
"Northeast, Ontario",212,Professional occupations in applied sciences (except engineering),2021-03-01,3.8,0.0
"Northeast, Ontario",212,Professional occupations in applied sciences (except engineering),2021-04-01,4.0,5.263
"Northeast, Ontario",212,Professional occupations in applied sciences (except engineering),2021-05-01,3.7,-7.5
"Northeast, Ontario",212,Professional occupations in applied sciences (except engineering),2021-06-01,3.6,-2.703
"Northeast, Ontario",212,Professional occupations in applied sciences (except engineering),2021-07-01,3.8,5.556
"Northeast, Ontario",212,Professional occupations in applied sciences (except engineering),2021-08-01,3.9,2.632
"Northeast, Ontario",212,Professional occupations in applied sciences (except engineering),2021-09-01,4.0,2.564
"Northeast, Ontario",212,Professional occupations in applied sciences (except engineering),2021-10-01,3.7,-7.5
"Northeast, Ontario",212,Professional occupations in applied sciences (except engineering),2021-11-01,3.4,-8.108
"Northeast, Ontario",212,Professional occupations in applied sciences (except engineering),2021-12-01,3.5,2.941
"Northeast, Ontario",212,Professional occupations in applied sciences (except engineering),2022-01-01,3.8,8.571
"Northeast, Ontario",212,Professional occupations in applied sciences (except engineering),2022-02-01,4.3,13.158
"Northeast, Ontario",212,Professional occupations in applied sciences (except engineering),2022-03-01,4.5,4.651
"Northeast, Ontario",212,Professional occupations in applied sciences (except engineering),2022-04-01,4.7,4.444
"Northeast, Ontario",212,Professional occupations in applied sciences (except engineering),2022-05-01,4.9,4.255
"Northeast, Ontario",212,Professional occupations in applied sciences (except engineering),2022-06-01,4.7,-4.082
"Northeast, Ontario",212,Professional occupations in applied sciences (except engineering),2022-07-01,4.3,-8.511
"Northeast, Ontario",212,Professional occupations in applied sciences (except engineering),2022-08-01,3.8,-11.628
"Northeast, Ontario",212,Professional occupations in applied sciences (except engineering),2022-09-01,3.5,-7.895
"Northeast, Ontario",212,Professional occupations in applied sciences (except engineering),2022-10-01,2.9,-17.143
"Northeast, Ontario",212,Professional occupations in applied sciences (except engineering),2022-11-01,2.9,0.0
"Northeast, Ontario",212,Professional occupations in applied sciences (except engineering),2022-12-01,2.6,-10.345
"Northeast, Ontario",212,Professional occupations in applied sciences (except engineering),2023-01-01,2.7,3.846
"Northeast, Ontario",212,Professional occupations in applied sciences (except engineering),2023-02-01,2.5,-7.407
"Northeast, Ontario",212,Professional occupations in applied sciences (except engineering),2023-03-01,2.5,0.0
"Northeast, Ontario",212,Professional occupations in applied sciences (except engineering),2023-04-01,2.4,-4.0
"Northeast, Ontario",212,Professional occupations in applied sciences (except engineering),2023-05-01,2.8,16.667
"Northeast, Ontario",212,Professional occupations in applied sciences (except engineering),2023-06-01,3.3,17.857
"Northeast, Ontario",212,Professional occupations in applied sciences (except engineering),2023-07-01,3.8,15.152
"Northeast, Ontario",212,Professional occupations in applied sciences (except engineering),2023-08-01,3.7,-2.632
"Northeast, Ontario",212,Professional occupations in applied sciences (except engineering),2023-09-01,3.8,2.703
"Northeast, Ontario",212,Professional occupations in applied sciences (except engineering),2023-10-01,4.3,13.158
"Northeast, Ontario",212,Professional occupations in applied sciences (except engineering),2023-11-01,4.7,9.302
"Northeast, Ontario",212,Professional occupations in applied sciences (except engineering),2023-12-01,5.0,6.383
"Northeast, Ontario",212,Professional occupations in applied sciences (except engineering),2024-01-01,4.5,-10.0
"Northeast, Ontario",212,Professional occupations in applied sciences (except engineering),2024-02-01,4.5,0.0
"Northeast, Ontario",212,Professional occupations in applied sciences (except engineering),2024-03-01,4.0,-11.111
"Northeast, Ontario",212,Professional occupations in applied sciences (except engineering),2024-04-01,3.9,-2.5
"Northeast, Ontario",212,Professional occupations in applied sciences (except engineering),2024-05-01,3.5,-10.256
"Northeast, Ontario",212,Professional occupations in applied sciences (except engineering),2024-06-01,3.2,-8.571
"Northeast, Ontario",212,Professional occupations in applied sciences (except engineering),2024-07-01,2.9,-9.375
"Northeast, Ontario",212,Professional occupations in applied sciences (except engineering),2024-08-01,2.5,-13.793
"Northeast, Ontario",212,Professional occupations in applied sciences (except engineering),2024-09-01,2.5,0.0
"Northeast, Ontario",212,Professional occupations in applied sciences (except engineering),2024-10-01,2.8,12.0
"Northeast, Ontario",212,Professional occupations in applied sciences (except engineering),2024-11-01,3.5,25.0
"Northeast, Ontario",212,Professional occupations in applied sciences (except engineering),2024-12-01,3.5,0.0
"Northeast, Ontario",212,Professional occupations in applied sciences (except engineering),2025-01-01,3.4,-2.857
"Northeast, Ontario",212,Professional occupations in applied sciences (except engineering),2025-02-01,3.2,-5.882
"Northeast, Ontario",212,Professional occupations in applied sciences (except engineering),2025-03-01,2.9,-9.375
"Northeast, Ontario",212,Professional occupations in applied sciences (except engineering),2025-04-01,2.5,-13.793
"Northeast, Ontario",212,Professional occupations in applied sciences (except engineering),2025-05-01,2.5,0.0
"Northeast, Ontario",212,Professional occupations in applied sciences (except engineering),2025-06-01,2.6,4.0
"Northeast, Ontario",212,Professional occupations in applied sciences (except engineering),2025-07-01,2.5,-3.846
"Northeast, Ontario",212,Professional occupations in applied sciences (except engineering),2025-08-01,2.5,0.0
"Northeast, Ontario",212,Professional occupations in applied sciences (except engineering),2025-09-01,2.8,12.0
"Ottawa, Ontario",112,Professional occupations in business,2011-03-01,20.4,
"Ottawa, Ontario",112,Professional occupations in business,2011-04-01,18.4,-9.804
"Ottawa, Ontario",112,Professional occupations in business,2011-05-01,17.9,-2.717
"Ottawa, Ontario",112,Professional occupations in business,2011-06-01,16.9,-5.587
"Ottawa, Ontario",112,Professional occupations in business,2011-07-01,16.8,-0.592
"Ottawa, Ontario",112,Professional occupations in business,2011-08-01,15.9,-5.357
"Ottawa, Ontario",112,Professional occupations in business,2011-09-01,16.4,3.145
"Ottawa, Ontario",112,Professional occupations in business,2011-10-01,16.4,0.0
"Ottawa, Ontario",112,Professional occupations in business,2011-11-01,18.1,10.366
"Ottawa, Ontario",112,Professional occupations in business,2011-12-01,18.8,3.867
"Ottawa, Ontario",112,Professional occupations in business,2012-01-01,18.7,-0.532
"Ottawa, Ontario",112,Professional occupations in business,2012-02-01,19.2,2.674
"Ottawa, Ontario",112,Professional occupations in business,2012-03-01,19.5,1.562
"Ottawa, Ontario",112,Professional occupations in business,2012-04-01,21.3,9.231
"Ottawa, Ontario",112,Professional occupations in business,2012-05-01,23.3,9.39
"Ottawa, Ontario",112,Professional occupations in business,2012-06-01,25.3,8.584
"Ottawa, Ontario",112,Professional occupations in business,2012-07-01,26.4,4.348
"Ottawa, Ontario",112,Professional occupations in business,2012-08-01,24.5,-7.197
"Ottawa, Ontario",112,Professional occupations in business,2012-09-01,25.2,2.857
"Ottawa, Ontario",112,Professional occupations in business,2012-10-01,25.8,2.381
"Ottawa, Ontario",112,Professional occupations in business,2012-11-01,28.0,8.527
"Ottawa, Ontario",112,Professional occupations in business,2012-12-01,27.7,-1.071
"Ottawa, Ontario",112,Professional occupations in business,2013-01-01,26.0,-6.137
"Ottawa, Ontario",112,Professional occupations in business,2013-02-01,24.9,-4.231
"Ottawa, Ontario",112,Professional occupations in business,2013-03-01,22.1,-11.245
"Ottawa, Ontario",112,Professional occupations in business,2013-04-01,21.6,-2.262
"Ottawa, Ontario",112,Professional occupations in business,2013-05-01,19.0,-12.037
"Ottawa, Ontario",112,Professional occupations in business,2013-06-01,18.4,-3.158
"Ottawa, Ontario",112,Professional occupations in business,2013-07-01,17.7,-3.804
"Ottawa, Ontario",112,Professional occupations in business,2013-08-01,18.0,1.695
"Ottawa, Ontario",112,Professional occupations in business,2013-09-01,19.1,6.111
"Ottawa, Ontario",112,Professional occupations in business,2013-10-01,18.8,-1.571
"Ottawa, Ontario",112,Professional occupations in business,2013-11-01,19.3,2.66
"Ottawa, Ontario",112,Professional occupations in business,2013-12-01,18.5,-4.145
"Ottawa, Ontario",112,Professional occupations in business,2014-01-01,18.0,-2.703
"Ottawa, Ontario",112,Professional occupations in business,2014-02-01,16.5,-8.333
"Ottawa, Ontario",112,Professional occupations in business,2014-03-01,16.3,-1.212
"Ottawa, Ontario",112,Professional occupations in business,2014-04-01,17.4,6.748
"Ottawa, Ontario",112,Professional occupations in business,2014-05-01,18.7,7.471
"Ottawa, Ontario",112,Professional occupations in business,2014-06-01,18.9,1.07
"Ottawa, Ontario",112,Professional occupations in business,2014-07-01,17.9,-5.291
"Ottawa, Ontario",112,Professional occupations in business,2014-08-01,18.0,0.559
"Ottawa, Ontario",112,Professional occupations in business,2014-09-01,17.7,-1.667
"Ottawa, Ontario",112,Professional occupations in business,2014-10-01,18.8,6.215
"Ottawa, Ontario",112,Professional occupations in business,2014-11-01,18.7,-0.532
"Ottawa, Ontario",112,Professional occupations in business,2014-12-01,20.1,7.487
"Ottawa, Ontario",112,Professional occupations in business,2015-01-01,20.3,0.995
"Ottawa, Ontario",112,Professional occupations in business,2015-02-01,20.5,0.985
"Ottawa, Ontario",112,Professional occupations in business,2015-03-01,19.6,-4.39
"Ottawa, Ontario",112,Professional occupations in business,2015-04-01,19.5,-0.51
"Ottawa, Ontario",112,Professional occupations in business,2015-05-01,20.3,4.103
"Ottawa, Ontario",112,Professional occupations in business,2015-06-01,22.5,10.837
"Ottawa, Ontario",112,Professional occupations in business,2015-07-01,23.3,3.556
"Ottawa, Ontario",112,Professional occupations in business,2015-08-01,23.5,0.858
"Ottawa, Ontario",112,Professional occupations in business,2015-09-01,23.0,-2.128
"Ottawa, Ontario",112,Professional occupations in business,2015-10-01,22.9,-0.435
"Ottawa, Ontario",112,Professional occupations in business,2015-11-01,21.3,-6.987
"Ottawa, Ontario",112,Professional occupations in business,2015-12-01,19.3,-9.39
"Ottawa, Ontario",112,Professional occupations in business,2016-01-01,19.1,-1.036
"Ottawa, Ontario",112,Professional occupations in business,2016-02-01,21.9,14.66
"Ottawa, Ontario",112,Professional occupations in business,2016-03-01,24.4,11.416
"Ottawa, Ontario",112,Professional occupations in business,2016-04-01,24.0,-1.639
"Ottawa, Ontario",112,Professional occupations in business,2016-05-01,23.0,-4.167
"Ottawa, Ontario",112,Professional occupations in business,2016-06-01,21.4,-6.957
"Ottawa, Ontario",112,Professional occupations in business,2016-07-01,20.4,-4.673
"Ottawa, Ontario",112,Professional occupations in business,2016-08-01,17.8,-12.745
"Ottawa, Ontario",112,Professional occupations in business,2016-09-01,16.6,-6.742
"Ottawa, Ontario",112,Professional occupations in business,2016-10-01,17.5,5.422
"Ottawa, Ontario",112,Professional occupations in business,2016-11-01,19.2,9.714
"Ottawa, Ontario",112,Professional occupations in business,2016-12-01,20.9,8.854
"Ottawa, Ontario",112,Professional occupations in business,2017-01-01,20.4,-2.392
"Ottawa, Ontario",112,Professional occupations in business,2017-02-01,21.3,4.412
"Ottawa, Ontario",112,Professional occupations in business,2017-03-01,20.4,-4.225
"Ottawa, Ontario",112,Professional occupations in business,2017-04-01,20.3,-0.49
"Ottawa, Ontario",112,Professional occupations in business,2017-05-01,17.7,-12.808
"Ottawa, Ontario",112,Professional occupations in business,2017-06-01,17.9,1.13
"Ottawa, Ontario",112,Professional occupations in business,2017-07-01,18.5,3.352
"Ottawa, Ontario",112,Professional occupations in business,2017-08-01,21.1,14.054
"Ottawa, Ontario",112,Professional occupations in business,2017-09-01,22.1,4.739
"Ottawa, Ontario",112,Professional occupations in business,2017-10-01,21.2,-4.072
"Ottawa, Ontario",112,Professional occupations in business,2017-11-01,21.0,-0.943
"Ottawa, Ontario",112,Professional occupations in business,2017-12-01,20.5,-2.381
"Ottawa, Ontario",112,Professional occupations in business,2018-01-01,21.5,4.878
"Ottawa, Ontario",112,Professional occupations in business,2018-02-01,19.4,-9.767
"Ottawa, Ontario",112,Professional occupations in business,2018-03-01,17.8,-8.247
"Ottawa, Ontario",112,Professional occupations in business,2018-04-01,16.7,-6.18
"Ottawa, Ontario",112,Professional occupations in business,2018-05-01,17.6,5.389
"Ottawa, Ontario",112,Professional occupations in business,2018-06-01,19.2,9.091
"Ottawa, Ontario",112,Professional occupations in business,2018-07-01,21.5,11.979
"Ottawa, Ontario",112,Professional occupations in business,2018-08-01,23.5,9.302
"Ottawa, Ontario",112,Professional occupations in business,2018-09-01,24.6,4.681
"Ottawa, Ontario",112,Professional occupations in business,2018-10-01,24.5,-0.407
"Ottawa, Ontario",112,Professional occupations in business,2018-11-01,24.3,-0.816
"Ottawa, Ontario",112,Professional occupations in business,2018-12-01,23.8,-2.058
"Ottawa, Ontario",112,Professional occupations in business,2019-01-01,23.2,-2.521
"Ottawa, Ontario",112,Professional occupations in business,2019-02-01,22.2,-4.31
"Ottawa, Ontario",112,Professional occupations in business,2019-03-01,20.7,-6.757
"Ottawa, Ontario",112,Professional occupations in business,2019-04-01,20.1,-2.899
"Ottawa, Ontario",112,Professional occupations in business,2019-05-01,19.6,-2.488
"Ottawa, Ontario",112,Professional occupations in business,2019-06-01,21.6,10.204
"Ottawa, Ontario",112,Professional occupations in business,2019-07-01,23.0,6.481
"Ottawa, Ontario",112,Professional occupations in business,2019-08-01,26.6,15.652
"Ottawa, Ontario",112,Professional occupations in business,2019-09-01,30.2,13.534
"Ottawa, Ontario",112,Professional occupations in business,2019-10-01,32.3,6.954
"Ottawa, Ontario",112,Professional occupations in business,2019-11-01,32.1,-0.619
"Ottawa, Ontario",112,Professional occupations in business,2019-12-01,29.5,-8.1
"Ottawa, Ontario",112,Professional occupations in business,2020-01-01,28.6,-3.051
"Ottawa, Ontario",112,Professional occupations in business,2020-02-01,26.6,-6.993
"Ottawa, Ontario",112,Professional occupations in business,2020-03-01,26.3,-1.128
"Ottawa, Ontario",112,Professional occupations in business,2020-04-01,27.1,3.042
"Ottawa, Ontario",112,Professional occupations in business,2020-05-01,28.1,3.69
"Ottawa, Ontario",112,Professional occupations in business,2020-06-01,28.0,-0.356
"Ottawa, Ontario",112,Professional occupations in business,2020-07-01,26.1,-6.786
"Ottawa, Ontario",112,Professional occupations in business,2020-08-01,23.3,-10.728
"Ottawa, Ontario",112,Professional occupations in business,2020-09-01,24.8,6.438
"Ottawa, Ontario",112,Professional occupations in business,2020-10-01,26.2,5.645
"Ottawa, Ontario",112,Professional occupations in business,2020-11-01,29.6,12.977
"Ottawa, Ontario",112,Professional occupations in business,2020-12-01,28.9,-2.365
"Ottawa, Ontario",112,Professional occupations in business,2021-01-01,30.4,5.19
"Ottawa, Ontario",112,Professional occupations in business,2021-02-01,33.7,10.855
"Ottawa, Ontario",112,Professional occupations in business,2021-03-01,34.7,2.967
"Ottawa, Ontario",112,Professional occupations in business,2021-04-01,32.9,-5.187
"Ottawa, Ontario",112,Professional occupations in business,2021-05-01,29.7,-9.726
"Ottawa, Ontario",112,Professional occupations in business,2021-06-01,27.1,-8.754
"Ottawa, Ontario",112,Professional occupations in business,2021-07-01,27.1,0.0
"Ottawa, Ontario",112,Professional occupations in business,2021-08-01,28.5,5.166
"Ottawa, Ontario",112,Professional occupations in business,2021-09-01,30.1,5.614
"Ottawa, Ontario",112,Professional occupations in business,2021-10-01,30.3,0.664
"Ottawa, Ontario",112,Professional occupations in business,2021-11-01,26.9,-11.221
"Ottawa, Ontario",112,Professional occupations in business,2021-12-01,24.9,-7.435
"Ottawa, Ontario",112,Professional occupations in business,2022-01-01,23.0,-7.631
"Ottawa, Ontario",112,Professional occupations in business,2022-02-01,22.9,-0.435
"Ottawa, Ontario",112,Professional occupations in business,2022-03-01,22.5,-1.747
"Ottawa, Ontario",112,Professional occupations in business,2022-04-01,22.7,0.889
"Ottawa, Ontario",112,Professional occupations in business,2022-05-01,23.1,1.762
"Ottawa, Ontario",112,Professional occupations in business,2022-06-01,23.1,0.0
"Ottawa, Ontario",112,Professional occupations in business,2022-07-01,25.0,8.225
"Ottawa, Ontario",112,Professional occupations in business,2022-08-01,24.8,-0.8
"Ottawa, Ontario",112,Professional occupations in business,2022-09-01,26.7,7.661
"Ottawa, Ontario",112,Professional occupations in business,2022-10-01,26.2,-1.873
"Ottawa, Ontario",112,Professional occupations in business,2022-11-01,26.8,2.29
"Ottawa, Ontario",112,Professional occupations in business,2022-12-01,27.4,2.239
"Ottawa, Ontario",112,Professional occupations in business,2023-01-01,28.8,5.109
"Ottawa, Ontario",112,Professional occupations in business,2023-02-01,30.4,5.556
"Ottawa, Ontario",112,Professional occupations in business,2023-03-01,29.0,-4.605
"Ottawa, Ontario",112,Professional occupations in business,2023-04-01,27.7,-4.483
"Ottawa, Ontario",112,Professional occupations in business,2023-05-01,26.4,-4.693
"Ottawa, Ontario",112,Professional occupations in business,2023-06-01,28.1,6.439
"Ottawa, Ontario",112,Professional occupations in business,2023-07-01,30.0,6.762
"Ottawa, Ontario",112,Professional occupations in business,2023-08-01,31.3,4.333
"Ottawa, Ontario",112,Professional occupations in business,2023-09-01,31.3,0.0
"Ottawa, Ontario",112,Professional occupations in business,2023-10-01,30.4,-2.875
"Ottawa, Ontario",112,Professional occupations in business,2023-11-01,31.1,2.303
"Ottawa, Ontario",112,Professional occupations in business,2023-12-01,31.6,1.608
"Ottawa, Ontario",112,Professional occupations in business,2024-01-01,31.5,-0.316
"Ottawa, Ontario",112,Professional occupations in business,2024-02-01,30.2,-4.127
"Ottawa, Ontario",112,Professional occupations in business,2024-03-01,29.1,-3.642
"Ottawa, Ontario",112,Professional occupations in business,2024-04-01,26.7,-8.247
"Ottawa, Ontario",112,Professional occupations in business,2024-05-01,24.4,-8.614
"Ottawa, Ontario",112,Professional occupations in business,2024-06-01,22.0,-9.836
"Ottawa, Ontario",112,Professional occupations in business,2024-07-01,22.2,0.909
"Ottawa, Ontario",112,Professional occupations in business,2024-08-01,25.0,12.613
"Ottawa, Ontario",112,Professional occupations in business,2024-09-01,26.7,6.8
"Ottawa, Ontario",112,Professional occupations in business,2024-10-01,26.1,-2.247
"Ottawa, Ontario",112,Professional occupations in business,2024-11-01,25.1,-3.831
"Ottawa, Ontario",112,Professional occupations in business,2024-12-01,25.6,1.992
"Ottawa, Ontario",112,Professional occupations in business,2025-01-01,27.0,5.469
"Ottawa, Ontario",112,Professional occupations in business,2025-02-01,25.6,-5.185
"Ottawa, Ontario",112,Professional occupations in business,2025-03-01,27.1,5.859
"Ottawa, Ontario",112,Professional occupations in business,2025-04-01,27.9,2.952
"Ottawa, Ontario",112,Professional occupations in business,2025-05-01,29.3,5.018
"Ottawa, Ontario",112,Professional occupations in business,2025-06-01,28.2,-3.754
"Ottawa, Ontario",112,Professional occupations in business,2025-07-01,27.1,-3.901
"Ottawa, Ontario",112,Professional occupations in business,2025-08-01,26.5,-2.214
"Ottawa, Ontario",112,Professional occupations in business,2025-09-01,26.9,1.509
"Ottawa, Ontario",212,Professional occupations in applied sciences (except engineering),2011-03-01,38.6,
"Ottawa, Ontario",212,Professional occupations in applied sciences (except engineering),2011-04-01,40.9,5.959
"Ottawa, Ontario",212,Professional occupations in applied sciences (except engineering),2011-05-01,44.2,8.068
"Ottawa, Ontario",212,Professional occupations in applied sciences (except engineering),2011-06-01,44.2,0.0
"Ottawa, Ontario",212,Professional occupations in applied sciences (except engineering),2011-07-01,43.1,-2.489
"Ottawa, Ontario",212,Professional occupations in applied sciences (except engineering),2011-08-01,40.9,-5.104
"Ottawa, Ontario",212,Professional occupations in applied sciences (except engineering),2011-09-01,38.3,-6.357
"Ottawa, Ontario",212,Professional occupations in applied sciences (except engineering),2011-10-01,38.8,1.305
"Ottawa, Ontario",212,Professional occupations in applied sciences (except engineering),2011-11-01,39.3,1.289
"Ottawa, Ontario",212,Professional occupations in applied sciences (except engineering),2011-12-01,41.0,4.326
"Ottawa, Ontario",212,Professional occupations in applied sciences (except engineering),2012-01-01,40.1,-2.195
"Ottawa, Ontario",212,Professional occupations in applied sciences (except engineering),2012-02-01,40.1,0.0
"Ottawa, Ontario",212,Professional occupations in applied sciences (except engineering),2012-03-01,40.3,0.499
"Ottawa, Ontario",212,Professional occupations in applied sciences (except engineering),2012-04-01,39.8,-1.241
"Ottawa, Ontario",212,Professional occupations in applied sciences (except engineering),2012-05-01,38.8,-2.513
"Ottawa, Ontario",212,Professional occupations in applied sciences (except engineering),2012-06-01,40.4,4.124
"Ottawa, Ontario",212,Professional occupations in applied sciences (except engineering),2012-07-01,44.3,9.653
"Ottawa, Ontario",212,Professional occupations in applied sciences (except engineering),2012-08-01,46.9,5.869
"Ottawa, Ontario",212,Professional occupations in applied sciences (except engineering),2012-09-01,46.1,-1.706
"Ottawa, Ontario",212,Professional occupations in applied sciences (except engineering),2012-10-01,44.8,-2.82
"Ottawa, Ontario",212,Professional occupations in applied sciences (except engineering),2012-11-01,43.9,-2.009
"Ottawa, Ontario",212,Professional occupations in applied sciences (except engineering),2012-12-01,43.9,0.0
"Ottawa, Ontario",212,Professional occupations in applied sciences (except engineering),2013-01-01,44.8,2.05
"Ottawa, Ontario",212,Professional occupations in applied sciences (except engineering),2013-02-01,48.0,7.143
"Ottawa, Ontario",212,Professional occupations in applied sciences (except engineering),2013-03-01,50.4,5.0
"Ottawa, Ontario",212,Professional occupations in applied sciences (except engineering),2013-04-01,51.9,2.976
"Ottawa, Ontario",212,Professional occupations in applied sciences (except engineering),2013-05-01,52.5,1.156
"Ottawa, Ontario",212,Professional occupations in applied sciences (except engineering),2013-06-01,55.2,5.143
"Ottawa, Ontario",212,Professional occupations in applied sciences (except engineering),2013-07-01,52.7,-4.529
"Ottawa, Ontario",212,Professional occupations in applied sciences (except engineering),2013-08-01,48.0,-8.918
"Ottawa, Ontario",212,Professional occupations in applied sciences (except engineering),2013-09-01,43.8,-8.75
"Ottawa, Ontario",212,Professional occupations in applied sciences (except engineering),2013-10-01,45.1,2.968
"Ottawa, Ontario",212,Professional occupations in applied sciences (except engineering),2013-11-01,48.1,6.652
"Ottawa, Ontario",212,Professional occupations in applied sciences (except engineering),2013-12-01,47.8,-0.624
"Ottawa, Ontario",212,Professional occupations in applied sciences (except engineering),2014-01-01,49.6,3.766
"Ottawa, Ontario",212,Professional occupations in applied sciences (except engineering),2014-02-01,49.9,0.605
"Ottawa, Ontario",212,Professional occupations in applied sciences (except engineering),2014-03-01,53.2,6.613
"Ottawa, Ontario",212,Professional occupations in applied sciences (except engineering),2014-04-01,50.7,-4.699
"Ottawa, Ontario",212,Professional occupations in applied sciences (except engineering),2014-05-01,49.9,-1.578
"Ottawa, Ontario",212,Professional occupations in applied sciences (except engineering),2014-06-01,47.5,-4.81
"Ottawa, Ontario",212,Professional occupations in applied sciences (except engineering),2014-07-01,51.8,9.053
"Ottawa, Ontario",212,Professional occupations in applied sciences (except engineering),2014-08-01,54.5,5.212
"Ottawa, Ontario",212,Professional occupations in applied sciences (except engineering),2014-09-01,55.2,1.284
"Ottawa, Ontario",212,Professional occupations in applied sciences (except engineering),2014-10-01,53.1,-3.804
"Ottawa, Ontario",212,Professional occupations in applied sciences (except engineering),2014-11-01,51.3,-3.39
"Ottawa, Ontario",212,Professional occupations in applied sciences (except engineering),2014-12-01,51.5,0.39
"Ottawa, Ontario",212,Professional occupations in applied sciences (except engineering),2015-01-01,48.9,-5.049
"Ottawa, Ontario",212,Professional occupations in applied sciences (except engineering),2015-02-01,47.4,-3.067
"Ottawa, Ontario",212,Professional occupations in applied sciences (except engineering),2015-03-01,45.5,-4.008
"Ottawa, Ontario",212,Professional occupations in applied sciences (except engineering),2015-04-01,45.0,-1.099
"Ottawa, Ontario",212,Professional occupations in applied sciences (except engineering),2015-05-01,41.3,-8.222
"Ottawa, Ontario",212,Professional occupations in applied sciences (except engineering),2015-06-01,37.9,-8.232
"Ottawa, Ontario",212,Professional occupations in applied sciences (except engineering),2015-07-01,36.2,-4.485
"Ottawa, Ontario",212,Professional occupations in applied sciences (except engineering),2015-08-01,36.3,0.276
"Ottawa, Ontario",212,Professional occupations in applied sciences (except engineering),2015-09-01,36.0,-0.826
"Ottawa, Ontario",212,Professional occupations in applied sciences (except engineering),2015-10-01,35.5,-1.389
"Ottawa, Ontario",212,Professional occupations in applied sciences (except engineering),2015-11-01,35.1,-1.127
"Ottawa, Ontario",212,Professional occupations in applied sciences (except engineering),2015-12-01,36.1,2.849
"Ottawa, Ontario",212,Professional occupations in applied sciences (except engineering),2016-01-01,36.2,0.277
"Ottawa, Ontario",212,Professional occupations in applied sciences (except engineering),2016-02-01,38.0,4.972
"Ottawa, Ontario",212,Professional occupations in applied sciences (except engineering),2016-03-01,39.5,3.947
"Ottawa, Ontario",212,Professional occupations in applied sciences (except engineering),2016-04-01,42.5,7.595
"Ottawa, Ontario",212,Professional occupations in applied sciences (except engineering),2016-05-01,42.7,0.471
"Ottawa, Ontario",212,Professional occupations in applied sciences (except engineering),2016-06-01,43.3,1.405
"Ottawa, Ontario",212,Professional occupations in applied sciences (except engineering),2016-07-01,43.5,0.462
"Ottawa, Ontario",212,Professional occupations in applied sciences (except engineering),2016-08-01,46.2,6.207
"Ottawa, Ontario",212,Professional occupations in applied sciences (except engineering),2016-09-01,47.9,3.68
"Ottawa, Ontario",212,Professional occupations in applied sciences (except engineering),2016-10-01,49.8,3.967
"Ottawa, Ontario",212,Professional occupations in applied sciences (except engineering),2016-11-01,50.3,1.004
"Ottawa, Ontario",212,Professional occupations in applied sciences (except engineering),2016-12-01,50.6,0.596
"Ottawa, Ontario",212,Professional occupations in applied sciences (except engineering),2017-01-01,48.3,-4.545
"Ottawa, Ontario",212,Professional occupations in applied sciences (except engineering),2017-02-01,45.7,-5.383
"Ottawa, Ontario",212,Professional occupations in applied sciences (except engineering),2017-03-01,43.4,-5.033
"Ottawa, Ontario",212,Professional occupations in applied sciences (except engineering),2017-04-01,40.9,-5.76
"Ottawa, Ontario",212,Professional occupations in applied sciences (except engineering),2017-05-01,39.7,-2.934
"Ottawa, Ontario",212,Professional occupations in applied sciences (except engineering),2017-06-01,42.4,6.801
"Ottawa, Ontario",212,Professional occupations in applied sciences (except engineering),2017-07-01,46.4,9.434
"Ottawa, Ontario",212,Professional occupations in applied sciences (except engineering),2017-08-01,51.0,9.914
"Ottawa, Ontario",212,Professional occupations in applied sciences (except engineering),2017-09-01,51.4,0.784
"Ottawa, Ontario",212,Professional occupations in applied sciences (except engineering),2017-10-01,54.1,5.253
"Ottawa, Ontario",212,Professional occupations in applied sciences (except engineering),2017-11-01,53.9,-0.37
"Ottawa, Ontario",212,Professional occupations in applied sciences (except engineering),2017-12-01,51.9,-3.711
"Ottawa, Ontario",212,Professional occupations in applied sciences (except engineering),2018-01-01,48.2,-7.129
"Ottawa, Ontario",212,Professional occupations in applied sciences (except engineering),2018-02-01,42.9,-10.996
"Ottawa, Ontario",212,Professional occupations in applied sciences (except engineering),2018-03-01,39.9,-6.993
"Ottawa, Ontario",212,Professional occupations in applied sciences (except engineering),2018-04-01,36.8,-7.769
"Ottawa, Ontario",212,Professional occupations in applied sciences (except engineering),2018-05-01,36.9,0.272
"Ottawa, Ontario",212,Professional occupations in applied sciences (except engineering),2018-06-01,35.7,-3.252
"Ottawa, Ontario",212,Professional occupations in applied sciences (except engineering),2018-07-01,36.4,1.961
"Ottawa, Ontario",212,Professional occupations in applied sciences (except engineering),2018-08-01,34.9,-4.121
"Ottawa, Ontario",212,Professional occupations in applied sciences (except engineering),2018-09-01,35.2,0.86
"Ottawa, Ontario",212,Professional occupations in applied sciences (except engineering),2018-10-01,35.1,-0.284
"Ottawa, Ontario",212,Professional occupations in applied sciences (except engineering),2018-11-01,37.7,7.407
"Ottawa, Ontario",212,Professional occupations in applied sciences (except engineering),2018-12-01,40.7,7.958
"Ottawa, Ontario",212,Professional occupations in applied sciences (except engineering),2019-01-01,42.7,4.914
"Ottawa, Ontario",212,Professional occupations in applied sciences (except engineering),2019-02-01,44.1,3.279
"Ottawa, Ontario",212,Professional occupations in applied sciences (except engineering),2019-03-01,42.7,-3.175
"Ottawa, Ontario",212,Professional occupations in applied sciences (except engineering),2019-04-01,42.3,-0.937
"Ottawa, Ontario",212,Professional occupations in applied sciences (except engineering),2019-05-01,40.9,-3.31
"Ottawa, Ontario",212,Professional occupations in applied sciences (except engineering),2019-06-01,41.6,1.711
"Ottawa, Ontario",212,Professional occupations in applied sciences (except engineering),2019-07-01,42.7,2.644
"Ottawa, Ontario",212,Professional occupations in applied sciences (except engineering),2019-08-01,46.5,8.899
"Ottawa, Ontario",212,Professional occupations in applied sciences (except engineering),2019-09-01,48.6,4.516
"Ottawa, Ontario",212,Professional occupations in applied sciences (except engineering),2019-10-01,50.0,2.881
"Ottawa, Ontario",212,Professional occupations in applied sciences (except engineering),2019-11-01,49.0,-2.0
"Ottawa, Ontario",212,Professional occupations in applied sciences (except engineering),2019-12-01,50.2,2.449
"Ottawa, Ontario",212,Professional occupations in applied sciences (except engineering),2020-01-01,51.7,2.988
"Ottawa, Ontario",212,Professional occupations in applied sciences (except engineering),2020-02-01,53.1,2.708
"Ottawa, Ontario",212,Professional occupations in applied sciences (except engineering),2020-03-01,52.8,-0.565
"Ottawa, Ontario",212,Professional occupations in applied sciences (except engineering),2020-04-01,53.5,1.326
"Ottawa, Ontario",212,Professional occupations in applied sciences (except engineering),2020-05-01,52.9,-1.121
"Ottawa, Ontario",212,Professional occupations in applied sciences (except engineering),2020-06-01,53.1,0.378
"Ottawa, Ontario",212,Professional occupations in applied sciences (except engineering),2020-07-01,50.0,-5.838
"Ottawa, Ontario",212,Professional occupations in applied sciences (except engineering),2020-08-01,50.4,0.8
"Ottawa, Ontario",212,Professional occupations in applied sciences (except engineering),2020-09-01,54.9,8.929
"Ottawa, Ontario",212,Professional occupations in applied sciences (except engineering),2020-10-01,60.2,9.654
"Ottawa, Ontario",212,Professional occupations in applied sciences (except engineering),2020-11-01,61.9,2.824
"Ottawa, Ontario",212,Professional occupations in applied sciences (except engineering),2020-12-01,58.3,-5.816
"Ottawa, Ontario",212,Professional occupations in applied sciences (except engineering),2021-01-01,56.0,-3.945
"Ottawa, Ontario",212,Professional occupations in applied sciences (except engineering),2021-02-01,55.6,-0.714
"Ottawa, Ontario",212,Professional occupations in applied sciences (except engineering),2021-03-01,52.1,-6.295
"Ottawa, Ontario",212,Professional occupations in applied sciences (except engineering),2021-04-01,46.4,-10.94
"Ottawa, Ontario",212,Professional occupations in applied sciences (except engineering),2021-05-01,43.3,-6.681
"Ottawa, Ontario",212,Professional occupations in applied sciences (except engineering),2021-06-01,50.6,16.859
"Ottawa, Ontario",212,Professional occupations in applied sciences (except engineering),2021-07-01,54.9,8.498
"Ottawa, Ontario",212,Professional occupations in applied sciences (except engineering),2021-08-01,57.8,5.282
"Ottawa, Ontario",212,Professional occupations in applied sciences (except engineering),2021-09-01,55.7,-3.633
"Ottawa, Ontario",212,Professional occupations in applied sciences (except engineering),2021-10-01,58.7,5.386
"Ottawa, Ontario",212,Professional occupations in applied sciences (except engineering),2021-11-01,58.2,-0.852
"Ottawa, Ontario",212,Professional occupations in applied sciences (except engineering),2021-12-01,57.3,-1.546
"Ottawa, Ontario",212,Professional occupations in applied sciences (except engineering),2022-01-01,55.8,-2.618
"Ottawa, Ontario",212,Professional occupations in applied sciences (except engineering),2022-02-01,57.7,3.405
"Ottawa, Ontario",212,Professional occupations in applied sciences (except engineering),2022-03-01,57.4,-0.52
"Ottawa, Ontario",212,Professional occupations in applied sciences (except engineering),2022-04-01,59.1,2.962
"Ottawa, Ontario",212,Professional occupations in applied sciences (except engineering),2022-05-01,60.7,2.707
"Ottawa, Ontario",212,Professional occupations in applied sciences (except engineering),2022-06-01,68.0,12.026
"Ottawa, Ontario",212,Professional occupations in applied sciences (except engineering),2022-07-01,69.9,2.794
"Ottawa, Ontario",212,Professional occupations in applied sciences (except engineering),2022-08-01,71.8,2.718
"Ottawa, Ontario",212,Professional occupations in applied sciences (except engineering),2022-09-01,70.6,-1.671
"Ottawa, Ontario",212,Professional occupations in applied sciences (except engineering),2022-10-01,71.3,0.992
"Ottawa, Ontario",212,Professional occupations in applied sciences (except engineering),2022-11-01,72.3,1.403
"Ottawa, Ontario",212,Professional occupations in applied sciences (except engineering),2022-12-01,72.9,0.83
"Ottawa, Ontario",212,Professional occupations in applied sciences (except engineering),2023-01-01,73.6,0.96
"Ottawa, Ontario",212,Professional occupations in applied sciences (except engineering),2023-02-01,71.2,-3.261
"Ottawa, Ontario",212,Professional occupations in applied sciences (except engineering),2023-03-01,65.8,-7.584
"Ottawa, Ontario",212,Professional occupations in applied sciences (except engineering),2023-04-01,61.7,-6.231
"Ottawa, Ontario",212,Professional occupations in applied sciences (except engineering),2023-05-01,58.2,-5.673
"Ottawa, Ontario",212,Professional occupations in applied sciences (except engineering),2023-06-01,58.3,0.172
"Ottawa, Ontario",212,Professional occupations in applied sciences (except engineering),2023-07-01,59.0,1.201
"Ottawa, Ontario",212,Professional occupations in applied sciences (except engineering),2023-08-01,61.6,4.407
"Ottawa, Ontario",212,Professional occupations in applied sciences (except engineering),2023-09-01,61.1,-0.812
"Ottawa, Ontario",212,Professional occupations in applied sciences (except engineering),2023-10-01,58.7,-3.928
"Ottawa, Ontario",212,Professional occupations in applied sciences (except engineering),2023-11-01,56.9,-3.066
"Ottawa, Ontario",212,Professional occupations in applied sciences (except engineering),2023-12-01,56.3,-1.054
"Ottawa, Ontario",212,Professional occupations in applied sciences (except engineering),2024-01-01,56.7,0.71
"Ottawa, Ontario",212,Professional occupations in applied sciences (except engineering),2024-02-01,57.2,0.882
"Ottawa, Ontario",212,Professional occupations in applied sciences (except engineering),2024-03-01,58.0,1.399
"Ottawa, Ontario",212,Professional occupations in applied sciences (except engineering),2024-04-01,59.3,2.241
"Ottawa, Ontario",212,Professional occupations in applied sciences (except engineering),2024-05-01,59.5,0.337
"Ottawa, Ontario",212,Professional occupations in applied sciences (except engineering),2024-06-01,63.2,6.218
"Ottawa, Ontario",212,Professional occupations in applied sciences (except engineering),2024-07-01,65.1,3.006
"Ottawa, Ontario",212,Professional occupations in applied sciences (except engineering),2024-08-01,67.2,3.226
"Ottawa, Ontario",212,Professional occupations in applied sciences (except engineering),2024-09-01,66.3,-1.339
"Ottawa, Ontario",212,Professional occupations in applied sciences (except engineering),2024-10-01,67.0,1.056
"Ottawa, Ontario",212,Professional occupations in applied sciences (except engineering),2024-11-01,66.4,-0.896
"Ottawa, Ontario",212,Professional occupations in applied sciences (except engineering),2024-12-01,63.9,-3.765
"Ottawa, Ontario",212,Professional occupations in applied sciences (except engineering),2025-01-01,64.3,0.626
"Ottawa, Ontario",212,Professional occupations in applied sciences (except engineering),2025-02-01,66.2,2.955
"Ottawa, Ontario",212,Professional occupations in applied sciences (except engineering),2025-03-01,69.8,5.438
"Ottawa, Ontario",212,Professional occupations in applied sciences (except engineering),2025-04-01,70.8,1.433
"Ottawa, Ontario",212,Professional occupations in applied sciences (except engineering),2025-05-01,70.7,-0.141
"Ottawa, Ontario",212,Professional occupations in applied sciences (except engineering),2025-06-01,73.2,3.536
"Ottawa, Ontario",212,Professional occupations in applied sciences (except engineering),2025-07-01,70.7,-3.415
"Ottawa, Ontario",212,Professional occupations in applied sciences (except engineering),2025-08-01,67.8,-4.102
"Ottawa, Ontario",212,Professional occupations in applied sciences (except engineering),2025-09-01,63.9,-5.752
"Stratford-Bruce Peninsula, Ontario",112,Professional occupations in business,2011-03-01,1.6,
"Stratford-Bruce Peninsula, Ontario",112,Professional occupations in business,2011-04-01,1.6,0.0
"Stratford-Bruce Peninsula, Ontario",112,Professional occupations in business,2011-05-01,1.6,0.0
"Stratford-Bruce Peninsula, Ontario",112,Professional occupations in business,2011-06-01,1.6,0.0
"Stratford-Bruce Peninsula, Ontario",112,Professional occupations in business,2011-07-01,,0.0
"Stratford-Bruce Peninsula, Ontario",112,Professional occupations in business,2011-08-01,,0.0
"Stratford-Bruce Peninsula, Ontario",112,Professional occupations in business,2011-09-01,,0.0
"Stratford-Bruce Peninsula, Ontario",112,Professional occupations in business,2011-10-01,,0.0
"Stratford-Bruce Peninsula, Ontario",112,Professional occupations in business,2011-11-01,1.5,-6.25
"Stratford-Bruce Peninsula, Ontario",112,Professional occupations in business,2011-12-01,1.6,6.667
"Stratford-Bruce Peninsula, Ontario",112,Professional occupations in business,2012-01-01,1.5,-6.25
"Stratford-Bruce Peninsula, Ontario",112,Professional occupations in business,2012-02-01,,0.0
"Stratford-Bruce Peninsula, Ontario",112,Professional occupations in business,2012-03-01,,0.0
"Stratford-Bruce Peninsula, Ontario",112,Professional occupations in business,2012-04-01,,0.0
"Stratford-Bruce Peninsula, Ontario",112,Professional occupations in business,2012-05-01,,0.0
"Stratford-Bruce Peninsula, Ontario",112,Professional occupations in business,2012-06-01,1.8,20.0
"Stratford-Bruce Peninsula, Ontario",112,Professional occupations in business,2012-07-01,2.2,22.222
"Stratford-Bruce Peninsula, Ontario",112,Professional occupations in business,2012-08-01,2.5,13.636
"Stratford-Bruce Peninsula, Ontario",112,Professional occupations in business,2012-09-01,2.8,12.0
"Stratford-Bruce Peninsula, Ontario",112,Professional occupations in business,2012-10-01,2.9,3.571
"Stratford-Bruce Peninsula, Ontario",112,Professional occupations in business,2012-11-01,2.6,-10.345
"Stratford-Bruce Peninsula, Ontario",112,Professional occupations in business,2012-12-01,1.9,-26.923
"Stratford-Bruce Peninsula, Ontario",112,Professional occupations in business,2013-01-01,,0.0
"Stratford-Bruce Peninsula, Ontario",112,Professional occupations in business,2013-02-01,,0.0
"Stratford-Bruce Peninsula, Ontario",112,Professional occupations in business,2013-03-01,1.6,-15.789
"Stratford-Bruce Peninsula, Ontario",112,Professional occupations in business,2013-04-01,1.6,0.0
"Stratford-Bruce Peninsula, Ontario",112,Professional occupations in business,2013-05-01,1.7,6.25
"Stratford-Bruce Peninsula, Ontario",112,Professional occupations in business,2013-06-01,,0.0
"Stratford-Bruce Peninsula, Ontario",112,Professional occupations in business,2013-07-01,,0.0
"Stratford-Bruce Peninsula, Ontario",112,Professional occupations in business,2013-08-01,,0.0
"Stratford-Bruce Peninsula, Ontario",112,Professional occupations in business,2013-09-01,,0.0
"Stratford-Bruce Peninsula, Ontario",112,Professional occupations in business,2013-10-01,,0.0
"Stratford-Bruce Peninsula, Ontario",112,Professional occupations in business,2013-11-01,,0.0
"Stratford-Bruce Peninsula, Ontario",112,Professional occupations in business,2013-12-01,,0.0
"Stratford-Bruce Peninsula, Ontario",112,Professional occupations in business,2014-01-01,,0.0
"Stratford-Bruce Peninsula, Ontario",112,Professional occupations in business,2014-02-01,,0.0
"Stratford-Bruce Peninsula, Ontario",112,Professional occupations in business,2014-03-01,,0.0
"Stratford-Bruce Peninsula, Ontario",112,Professional occupations in business,2014-04-01,,0.0
"Stratford-Bruce Peninsula, Ontario",112,Professional occupations in business,2014-05-01,,0.0
"Stratford-Bruce Peninsula, Ontario",112,Professional occupations in business,2014-06-01,,0.0
"Stratford-Bruce Peninsula, Ontario",112,Professional occupations in business,2014-07-01,,0.0
"Stratford-Bruce Peninsula, Ontario",112,Professional occupations in business,2014-08-01,,0.0
"Stratford-Bruce Peninsula, Ontario",112,Professional occupations in business,2014-09-01,,0.0
"Stratford-Bruce Peninsula, Ontario",112,Professional occupations in business,2014-10-01,,0.0
"Stratford-Bruce Peninsula, Ontario",112,Professional occupations in business,2014-11-01,,0.0
"Stratford-Bruce Peninsula, Ontario",112,Professional occupations in business,2014-12-01,,0.0
"Stratford-Bruce Peninsula, Ontario",112,Professional occupations in business,2015-01-01,,0.0
"Stratford-Bruce Peninsula, Ontario",112,Professional occupations in business,2015-02-01,,0.0
"Stratford-Bruce Peninsula, Ontario",112,Professional occupations in business,2015-03-01,,0.0
"Stratford-Bruce Peninsula, Ontario",112,Professional occupations in business,2015-04-01,,0.0
"Stratford-Bruce Peninsula, Ontario",112,Professional occupations in business,2015-05-01,,0.0
"Stratford-Bruce Peninsula, Ontario",112,Professional occupations in business,2015-06-01,,0.0
"Stratford-Bruce Peninsula, Ontario",112,Professional occupations in business,2015-07-01,,0.0
"Stratford-Bruce Peninsula, Ontario",112,Professional occupations in business,2015-08-01,,0.0
"Stratford-Bruce Peninsula, Ontario",112,Professional occupations in business,2015-09-01,,0.0
"Stratford-Bruce Peninsula, Ontario",112,Professional occupations in business,2015-10-01,,0.0
"Stratford-Bruce Peninsula, Ontario",112,Professional occupations in business,2015-11-01,,0.0
"Stratford-Bruce Peninsula, Ontario",112,Professional occupations in business,2015-12-01,,0.0
"Stratford-Bruce Peninsula, Ontario",112,Professional occupations in business,2016-01-01,,0.0
"Stratford-Bruce Peninsula, Ontario",112,Professional occupations in business,2016-02-01,,0.0
"Stratford-Bruce Peninsula, Ontario",112,Professional occupations in business,2016-03-01,,0.0
"Stratford-Bruce Peninsula, Ontario",112,Professional occupations in business,2016-04-01,,0.0
"Stratford-Bruce Peninsula, Ontario",112,Professional occupations in business,2016-05-01,,0.0
"Stratford-Bruce Peninsula, Ontario",112,Professional occupations in business,2016-06-01,,0.0
"Stratford-Bruce Peninsula, Ontario",112,Professional occupations in business,2016-07-01,1.9,11.765
"Stratford-Bruce Peninsula, Ontario",112,Professional occupations in business,2016-08-01,1.8,-5.263
"Stratford-Bruce Peninsula, Ontario",112,Professional occupations in business,2016-09-01,,0.0
"Stratford-Bruce Peninsula, Ontario",112,Professional occupations in business,2016-10-01,,0.0
"Stratford-Bruce Peninsula, Ontario",112,Professional occupations in business,2016-11-01,,0.0
"Stratford-Bruce Peninsula, Ontario",112,Professional occupations in business,2016-12-01,,0.0
"Stratford-Bruce Peninsula, Ontario",112,Professional occupations in business,2017-01-01,,0.0
"Stratford-Bruce Peninsula, Ontario",112,Professional occupations in business,2017-02-01,,0.0
"Stratford-Bruce Peninsula, Ontario",112,Professional occupations in business,2017-03-01,,0.0
"Stratford-Bruce Peninsula, Ontario",112,Professional occupations in business,2017-04-01,1.7,-5.556
"Stratford-Bruce Peninsula, Ontario",112,Professional occupations in business,2017-05-01,2.0,17.647
"Stratford-Bruce Peninsula, Ontario",112,Professional occupations in business,2017-06-01,2.2,10.0
"Stratford-Bruce Peninsula, Ontario",112,Professional occupations in business,2017-07-01,2.1,-4.545
"Stratford-Bruce Peninsula, Ontario",112,Professional occupations in business,2017-08-01,,0.0
"Stratford-Bruce Peninsula, Ontario",112,Professional occupations in business,2017-09-01,,0.0
"Stratford-Bruce Peninsula, Ontario",112,Professional occupations in business,2017-10-01,,0.0
"Stratford-Bruce Peninsula, Ontario",112,Professional occupations in business,2017-11-01,,0.0
"Stratford-Bruce Peninsula, Ontario",112,Professional occupations in business,2017-12-01,,0.0
"Stratford-Bruce Peninsula, Ontario",112,Professional occupations in business,2018-01-01,,0.0
"Stratford-Bruce Peninsula, Ontario",112,Professional occupations in business,2018-02-01,,0.0
"Stratford-Bruce Peninsula, Ontario",112,Professional occupations in business,2018-03-01,,0.0
"Stratford-Bruce Peninsula, Ontario",112,Professional occupations in business,2018-04-01,,0.0
"Stratford-Bruce Peninsula, Ontario",112,Professional occupations in business,2018-05-01,,0.0
"Stratford-Bruce Peninsula, Ontario",112,Professional occupations in business,2018-06-01,,0.0
"Stratford-Bruce Peninsula, Ontario",112,Professional occupations in business,2018-07-01,,0.0
"Stratford-Bruce Peninsula, Ontario",112,Professional occupations in business,2018-08-01,,0.0
"Stratford-Bruce Peninsula, Ontario",112,Professional occupations in business,2018-09-01,,0.0
"Stratford-Bruce Peninsula, Ontario",112,Professional occupations in business,2018-10-01,1.8,-14.286
"Stratford-Bruce Peninsula, Ontario",112,Professional occupations in business,2018-11-01,2.2,22.222
"Stratford-Bruce Peninsula, Ontario",112,Professional occupations in business,2018-12-01,2.5,13.636
"Stratford-Bruce Peninsula, Ontario",112,Professional occupations in business,2019-01-01,2.6,4.0
"Stratford-Bruce Peninsula, Ontario",112,Professional occupations in business,2019-02-01,2.2,-15.385
"Stratford-Bruce Peninsula, Ontario",112,Professional occupations in business,2019-03-01,2.1,-4.545
"Stratford-Bruce Peninsula, Ontario",112,Professional occupations in business,2019-04-01,2.0,-4.762
"Stratford-Bruce Peninsula, Ontario",112,Professional occupations in business,2019-05-01,1.6,-20.0
"Stratford-Bruce Peninsula, Ontario",112,Professional occupations in business,2019-06-01,1.6,0.0
"Stratford-Bruce Peninsula, Ontario",112,Professional occupations in business,2019-07-01,2.0,25.0
"Stratford-Bruce Peninsula, Ontario",112,Professional occupations in business,2019-08-01,2.7,35.0
"Stratford-Bruce Peninsula, Ontario",112,Professional occupations in business,2019-09-01,2.8,3.704
"Stratford-Bruce Peninsula, Ontario",112,Professional occupations in business,2019-10-01,2.8,0.0
"Stratford-Bruce Peninsula, Ontario",112,Professional occupations in business,2019-11-01,2.6,-7.143
"Stratford-Bruce Peninsula, Ontario",112,Professional occupations in business,2019-12-01,2.2,-15.385
"Stratford-Bruce Peninsula, Ontario",112,Professional occupations in business,2020-01-01,1.6,-27.273
"Stratford-Bruce Peninsula, Ontario",112,Professional occupations in business,2020-02-01,,0.0
"Stratford-Bruce Peninsula, Ontario",112,Professional occupations in business,2020-03-01,,0.0
"Stratford-Bruce Peninsula, Ontario",112,Professional occupations in business,2020-04-01,,0.0
"Stratford-Bruce Peninsula, Ontario",112,Professional occupations in business,2020-05-01,,0.0
"Stratford-Bruce Peninsula, Ontario",112,Professional occupations in business,2020-06-01,,0.0
"Stratford-Bruce Peninsula, Ontario",112,Professional occupations in business,2020-07-01,,0.0
"Stratford-Bruce Peninsula, Ontario",112,Professional occupations in business,2020-08-01,,0.0
"Stratford-Bruce Peninsula, Ontario",112,Professional occupations in business,2020-09-01,,0.0
"Stratford-Bruce Peninsula, Ontario",112,Professional occupations in business,2020-10-01,,0.0
"Stratford-Bruce Peninsula, Ontario",112,Professional occupations in business,2020-11-01,,0.0
"Stratford-Bruce Peninsula, Ontario",112,Professional occupations in business,2020-12-01,,0.0
"Stratford-Bruce Peninsula, Ontario",112,Professional occupations in business,2021-01-01,,0.0
"Stratford-Bruce Peninsula, Ontario",112,Professional occupations in business,2021-02-01,,0.0
"Stratford-Bruce Peninsula, Ontario",112,Professional occupations in business,2021-03-01,1.6,0.0
"Stratford-Bruce Peninsula, Ontario",112,Professional occupations in business,2021-04-01,,0.0
"Stratford-Bruce Peninsula, Ontario",112,Professional occupations in business,2021-05-01,,0.0
"Stratford-Bruce Peninsula, Ontario",112,Professional occupations in business,2021-06-01,,0.0
"Stratford-Bruce Peninsula, Ontario",112,Professional occupations in business,2021-07-01,,0.0
"Stratford-Bruce Peninsula, Ontario",112,Professional occupations in business,2021-08-01,,0.0
"Stratford-Bruce Peninsula, Ontario",112,Professional occupations in business,2021-09-01,,0.0
"Stratford-Bruce Peninsula, Ontario",112,Professional occupations in business,2021-10-01,,0.0
"Stratford-Bruce Peninsula, Ontario",112,Professional occupations in business,2021-11-01,,0.0
"Stratford-Bruce Peninsula, Ontario",112,Professional occupations in business,2021-12-01,,0.0
"Stratford-Bruce Peninsula, Ontario",112,Professional occupations in business,2022-01-01,,0.0
"Stratford-Bruce Peninsula, Ontario",112,Professional occupations in business,2022-02-01,1.8,12.5
"Stratford-Bruce Peninsula, Ontario",112,Professional occupations in business,2022-03-01,,0.0
"Stratford-Bruce Peninsula, Ontario",112,Professional occupations in business,2022-04-01,,0.0
"Stratford-Bruce Peninsula, Ontario",112,Professional occupations in business,2022-05-01,,0.0
"Stratford-Bruce Peninsula, Ontario",112,Professional occupations in business,2022-06-01,,0.0
"Stratford-Bruce Peninsula, Ontario",112,Professional occupations in business,2022-07-01,1.6,-11.111
"Stratford-Bruce Peninsula, Ontario",112,Professional occupations in business,2022-08-01,2.1,31.25
"Stratford-Bruce Peninsula, Ontario",112,Professional occupations in business,2022-09-01,2.6,23.81
"Stratford-Bruce Peninsula, Ontario",112,Professional occupations in business,2022-10-01,2.4,-7.692
"Stratford-Bruce Peninsula, Ontario",112,Professional occupations in business,2022-11-01,2.2,-8.333
"Stratford-Bruce Peninsula, Ontario",112,Professional occupations in business,2022-12-01,1.5,-31.818
"Stratford-Bruce Peninsula, Ontario",112,Professional occupations in business,2023-01-01,1.7,13.333
"Stratford-Bruce Peninsula, Ontario",112,Professional occupations in business,2023-02-01,2.1,23.529
"Stratford-Bruce Peninsula, Ontario",112,Professional occupations in business,2023-03-01,2.7,28.571
"Stratford-Bruce Peninsula, Ontario",112,Professional occupations in business,2023-04-01,2.9,7.407
"Stratford-Bruce Peninsula, Ontario",112,Professional occupations in business,2023-05-01,2.8,-3.448
"Stratford-Bruce Peninsula, Ontario",112,Professional occupations in business,2023-06-01,2.1,-25.0
"Stratford-Bruce Peninsula, Ontario",112,Professional occupations in business,2023-07-01,1.9,-9.524
"Stratford-Bruce Peninsula, Ontario",112,Professional occupations in business,2023-08-01,2.0,5.263
"Stratford-Bruce Peninsula, Ontario",112,Professional occupations in business,2023-09-01,2.5,25.0
"Stratford-Bruce Peninsula, Ontario",112,Professional occupations in business,2023-10-01,2.9,16.0
"Stratford-Bruce Peninsula, Ontario",112,Professional occupations in business,2023-11-01,2.6,-10.345
"Stratford-Bruce Peninsula, Ontario",112,Professional occupations in business,2023-12-01,2.1,-19.231
"Stratford-Bruce Peninsula, Ontario",112,Professional occupations in business,2024-01-01,1.5,-28.571
"Stratford-Bruce Peninsula, Ontario",112,Professional occupations in business,2024-02-01,1.9,26.667
"Stratford-Bruce Peninsula, Ontario",112,Professional occupations in business,2024-03-01,2.5,31.579
"Stratford-Bruce Peninsula, Ontario",112,Professional occupations in business,2024-04-01,3.1,24.0
"Stratford-Bruce Peninsula, Ontario",112,Professional occupations in business,2024-05-01,4.2,35.484
"Stratford-Bruce Peninsula, Ontario",112,Professional occupations in business,2024-06-01,5.2,23.81
"Stratford-Bruce Peninsula, Ontario",112,Professional occupations in business,2024-07-01,6.2,19.231
"Stratford-Bruce Peninsula, Ontario",112,Professional occupations in business,2024-08-01,5.5,-11.29
"Stratford-Bruce Peninsula, Ontario",112,Professional occupations in business,2024-09-01,4.7,-14.545
"Stratford-Bruce Peninsula, Ontario",112,Professional occupations in business,2024-10-01,3.4,-27.66
"Stratford-Bruce Peninsula, Ontario",112,Professional occupations in business,2024-11-01,2.6,-23.529
"Stratford-Bruce Peninsula, Ontario",112,Professional occupations in business,2024-12-01,2.1,-19.231
"Stratford-Bruce Peninsula, Ontario",112,Professional occupations in business,2025-01-01,,0.0
"Stratford-Bruce Peninsula, Ontario",112,Professional occupations in business,2025-02-01,,0.0
"Stratford-Bruce Peninsula, Ontario",112,Professional occupations in business,2025-03-01,,0.0
"Stratford-Bruce Peninsula, Ontario",112,Professional occupations in business,2025-04-01,,0.0
"Stratford-Bruce Peninsula, Ontario",112,Professional occupations in business,2025-05-01,,0.0
"Stratford-Bruce Peninsula, Ontario",112,Professional occupations in business,2025-06-01,,0.0
"Stratford-Bruce Peninsula, Ontario",112,Professional occupations in business,2025-07-01,1.7,-19.048
"Stratford-Bruce Peninsula, Ontario",112,Professional occupations in business,2025-08-01,2.1,23.529
"Stratford-Bruce Peninsula, Ontario",112,Professional occupations in business,2025-09-01,2.4,14.286
"Stratford-Bruce Peninsula, Ontario",212,Professional occupations in applied sciences (except engineering),2011-03-01,,
"Stratford-Bruce Peninsula, Ontario",212,Professional occupations in applied sciences (except engineering),2011-04-01,,
"Stratford-Bruce Peninsula, Ontario",212,Professional occupations in applied sciences (except engineering),2011-05-01,,
"Stratford-Bruce Peninsula, Ontario",212,Professional occupations in applied sciences (except engineering),2011-06-01,,
"Stratford-Bruce Peninsula, Ontario",212,Professional occupations in applied sciences (except engineering),2011-07-01,1.6,
"Stratford-Bruce Peninsula, Ontario",212,Professional occupations in applied sciences (except engineering),2011-08-01,1.5,-6.25
"Stratford-Bruce Peninsula, Ontario",212,Professional occupations in applied sciences (except engineering),2011-09-01,,0.0
"Stratford-Bruce Peninsula, Ontario",212,Professional occupations in applied sciences (except engineering),2011-10-01,,0.0
"Stratford-Bruce Peninsula, Ontario",212,Professional occupations in applied sciences (except engineering),2011-11-01,,0.0
"Stratford-Bruce Peninsula, Ontario",212,Professional occupations in applied sciences (except engineering),2011-12-01,,0.0
"Stratford-Bruce Peninsula, Ontario",212,Professional occupations in applied sciences (except engineering),2012-01-01,,0.0
"Stratford-Bruce Peninsula, Ontario",212,Professional occupations in applied sciences (except engineering),2012-02-01,,0.0
"Stratford-Bruce Peninsula, Ontario",212,Professional occupations in applied sciences (except engineering),2012-03-01,,0.0
"Stratford-Bruce Peninsula, Ontario",212,Professional occupations in applied sciences (except engineering),2012-04-01,,0.0
"Stratford-Bruce Peninsula, Ontario",212,Professional occupations in applied sciences (except engineering),2012-05-01,,0.0
"Stratford-Bruce Peninsula, Ontario",212,Professional occupations in applied sciences (except engineering),2012-06-01,,0.0
"Stratford-Bruce Peninsula, Ontario",212,Professional occupations in applied sciences (except engineering),2012-07-01,,0.0
"Stratford-Bruce Peninsula, Ontario",212,Professional occupations in applied sciences (except engineering),2012-08-01,,0.0
"Stratford-Bruce Peninsula, Ontario",212,Professional occupations in applied sciences (except engineering),2012-09-01,,0.0
"Stratford-Bruce Peninsula, Ontario",212,Professional occupations in applied sciences (except engineering),2012-10-01,,0.0
"Stratford-Bruce Peninsula, Ontario",212,Professional occupations in applied sciences (except engineering),2012-11-01,,0.0
"Stratford-Bruce Peninsula, Ontario",212,Professional occupations in applied sciences (except engineering),2012-12-01,,0.0
"Stratford-Bruce Peninsula, Ontario",212,Professional occupations in applied sciences (except engineering),2013-01-01,,0.0
"Stratford-Bruce Peninsula, Ontario",212,Professional occupations in applied sciences (except engineering),2013-02-01,,0.0
"Stratford-Bruce Peninsula, Ontario",212,Professional occupations in applied sciences (except engineering),2013-03-01,,0.0
"Stratford-Bruce Peninsula, Ontario",212,Professional occupations in applied sciences (except engineering),2013-04-01,,0.0
"Stratford-Bruce Peninsula, Ontario",212,Professional occupations in applied sciences (except engineering),2013-05-01,,0.0
"Stratford-Bruce Peninsula, Ontario",212,Professional occupations in applied sciences (except engineering),2013-06-01,,0.0
"Stratford-Bruce Peninsula, Ontario",212,Professional occupations in applied sciences (except engineering),2013-07-01,,0.0
"Stratford-Bruce Peninsula, Ontario",212,Professional occupations in applied sciences (except engineering),2013-08-01,,0.0
"Stratford-Bruce Peninsula, Ontario",212,Professional occupations in applied sciences (except engineering),2013-09-01,,0.0
"Stratford-Bruce Peninsula, Ontario",212,Professional occupations in applied sciences (except engineering),2013-10-01,,0.0
"Stratford-Bruce Peninsula, Ontario",212,Professional occupations in applied sciences (except engineering),2013-11-01,,0.0
"Stratford-Bruce Peninsula, Ontario",212,Professional occupations in applied sciences (except engineering),2013-12-01,,0.0
"Stratford-Bruce Peninsula, Ontario",212,Professional occupations in applied sciences (except engineering),2014-01-01,,0.0
"Stratford-Bruce Peninsula, Ontario",212,Professional occupations in applied sciences (except engineering),2014-02-01,,0.0
"Stratford-Bruce Peninsula, Ontario",212,Professional occupations in applied sciences (except engineering),2014-03-01,,0.0
"Stratford-Bruce Peninsula, Ontario",212,Professional occupations in applied sciences (except engineering),2014-04-01,,0.0
"Stratford-Bruce Peninsula, Ontario",212,Professional occupations in applied sciences (except engineering),2014-05-01,,0.0
"Stratford-Bruce Peninsula, Ontario",212,Professional occupations in applied sciences (except engineering),2014-06-01,,0.0
"Stratford-Bruce Peninsula, Ontario",212,Professional occupations in applied sciences (except engineering),2014-07-01,,0.0
"Stratford-Bruce Peninsula, Ontario",212,Professional occupations in applied sciences (except engineering),2014-08-01,,0.0
"Stratford-Bruce Peninsula, Ontario",212,Professional occupations in applied sciences (except engineering),2014-09-01,,0.0
"Stratford-Bruce Peninsula, Ontario",212,Professional occupations in applied sciences (except engineering),2014-10-01,,0.0
"Stratford-Bruce Peninsula, Ontario",212,Professional occupations in applied sciences (except engineering),2014-11-01,,0.0
"Stratford-Bruce Peninsula, Ontario",212,Professional occupations in applied sciences (except engineering),2014-12-01,,0.0
"Stratford-Bruce Peninsula, Ontario",212,Professional occupations in applied sciences (except engineering),2015-01-01,,0.0
"Stratford-Bruce Peninsula, Ontario",212,Professional occupations in applied sciences (except engineering),2015-02-01,,0.0
"Stratford-Bruce Peninsula, Ontario",212,Professional occupations in applied sciences (except engineering),2015-03-01,,0.0
"Stratford-Bruce Peninsula, Ontario",212,Professional occupations in applied sciences (except engineering),2015-04-01,1.9,26.667
"Stratford-Bruce Peninsula, Ontario",212,Professional occupations in applied sciences (except engineering),2015-05-01,1.8,-5.263
"Stratford-Bruce Peninsula, Ontario",212,Professional occupations in applied sciences (except engineering),2015-06-01,1.6,-11.111
"Stratford-Bruce Peninsula, Ontario",212,Professional occupations in applied sciences (except engineering),2015-07-01,,0.0
"Stratford-Bruce Peninsula, Ontario",212,Professional occupations in applied sciences (except engineering),2015-08-01,,0.0
"Stratford-Bruce Peninsula, Ontario",212,Professional occupations in applied sciences (except engineering),2015-09-01,,0.0
"Stratford-Bruce Peninsula, Ontario",212,Professional occupations in applied sciences (except engineering),2015-10-01,,0.0
"Stratford-Bruce Peninsula, Ontario",212,Professional occupations in applied sciences (except engineering),2015-11-01,,0.0
"Stratford-Bruce Peninsula, Ontario",212,Professional occupations in applied sciences (except engineering),2015-12-01,,0.0
"Stratford-Bruce Peninsula, Ontario",212,Professional occupations in applied sciences (except engineering),2016-01-01,,0.0
"Stratford-Bruce Peninsula, Ontario",212,Professional occupations in applied sciences (except engineering),2016-02-01,,0.0
"Stratford-Bruce Peninsula, Ontario",212,Professional occupations in applied sciences (except engineering),2016-03-01,1.6,0.0
"Stratford-Bruce Peninsula, Ontario",212,Professional occupations in applied sciences (except engineering),2016-04-01,1.9,18.75
"Stratford-Bruce Peninsula, Ontario",212,Professional occupations in applied sciences (except engineering),2016-05-01,1.6,-15.789
"Stratford-Bruce Peninsula, Ontario",212,Professional occupations in applied sciences (except engineering),2016-06-01,,0.0
"Stratford-Bruce Peninsula, Ontario",212,Professional occupations in applied sciences (except engineering),2016-07-01,,0.0
"Stratford-Bruce Peninsula, Ontario",212,Professional occupations in applied sciences (except engineering),2016-08-01,,0.0
"Stratford-Bruce Peninsula, Ontario",212,Professional occupations in applied sciences (except engineering),2016-09-01,,0.0
"Stratford-Bruce Peninsula, Ontario",212,Professional occupations in applied sciences (except engineering),2016-10-01,,0.0
"Stratford-Bruce Peninsula, Ontario",212,Professional occupations in applied sciences (except engineering),2016-11-01,,0.0
"Stratford-Bruce Peninsula, Ontario",212,Professional occupations in applied sciences (except engineering),2016-12-01,,0.0
"Stratford-Bruce Peninsula, Ontario",212,Professional occupations in applied sciences (except engineering),2017-01-01,,0.0
"Stratford-Bruce Peninsula, Ontario",212,Professional occupations in applied sciences (except engineering),2017-02-01,,0.0
"Stratford-Bruce Peninsula, Ontario",212,Professional occupations in applied sciences (except engineering),2017-03-01,1.9,18.75
"Stratford-Bruce Peninsula, Ontario",212,Professional occupations in applied sciences (except engineering),2017-04-01,1.9,0.0
"Stratford-Bruce Peninsula, Ontario",212,Professional occupations in applied sciences (except engineering),2017-05-01,1.6,-15.789
"Stratford-Bruce Peninsula, Ontario",212,Professional occupations in applied sciences (except engineering),2017-06-01,,0.0
"Stratford-Bruce Peninsula, Ontario",212,Professional occupations in applied sciences (except engineering),2017-07-01,,0.0
"Stratford-Bruce Peninsula, Ontario",212,Professional occupations in applied sciences (except engineering),2017-08-01,,0.0
"Stratford-Bruce Peninsula, Ontario",212,Professional occupations in applied sciences (except engineering),2017-09-01,,0.0
"Stratford-Bruce Peninsula, Ontario",212,Professional occupations in applied sciences (except engineering),2017-10-01,,0.0
"Stratford-Bruce Peninsula, Ontario",212,Professional occupations in applied sciences (except engineering),2017-11-01,,0.0
"Stratford-Bruce Peninsula, Ontario",212,Professional occupations in applied sciences (except engineering),2017-12-01,,0.0
"Stratford-Bruce Peninsula, Ontario",212,Professional occupations in applied sciences (except engineering),2018-01-01,,0.0
"Stratford-Bruce Peninsula, Ontario",212,Professional occupations in applied sciences (except engineering),2018-02-01,,0.0
"Stratford-Bruce Peninsula, Ontario",212,Professional occupations in applied sciences (except engineering),2018-03-01,,0.0
"Stratford-Bruce Peninsula, Ontario",212,Professional occupations in applied sciences (except engineering),2018-04-01,,0.0
"Stratford-Bruce Peninsula, Ontario",212,Professional occupations in applied sciences (except engineering),2018-05-01,,0.0
"Stratford-Bruce Peninsula, Ontario",212,Professional occupations in applied sciences (except engineering),2018-06-01,,0.0
"Stratford-Bruce Peninsula, Ontario",212,Professional occupations in applied sciences (except engineering),2018-07-01,,0.0
"Stratford-Bruce Peninsula, Ontario",212,Professional occupations in applied sciences (except engineering),2018-08-01,,0.0
"Stratford-Bruce Peninsula, Ontario",212,Professional occupations in applied sciences (except engineering),2018-09-01,,0.0
"Stratford-Bruce Peninsula, Ontario",212,Professional occupations in applied sciences (except engineering),2018-10-01,1.9,18.75
"Stratford-Bruce Peninsula, Ontario",212,Professional occupations in applied sciences (except engineering),2018-11-01,1.6,-15.789
"Stratford-Bruce Peninsula, Ontario",212,Professional occupations in applied sciences (except engineering),2018-12-01,1.7,6.25
"Stratford-Bruce Peninsula, Ontario",212,Professional occupations in applied sciences (except engineering),2019-01-01,,0.0
"Stratford-Bruce Peninsula, Ontario",212,Professional occupations in applied sciences (except engineering),2019-02-01,,0.0
"Stratford-Bruce Peninsula, Ontario",212,Professional occupations in applied sciences (except engineering),2019-03-01,,0.0
"Stratford-Bruce Peninsula, Ontario",212,Professional occupations in applied sciences (except engineering),2019-04-01,,0.0
"Stratford-Bruce Peninsula, Ontario",212,Professional occupations in applied sciences (except engineering),2019-05-01,,0.0
"Stratford-Bruce Peninsula, Ontario",212,Professional occupations in applied sciences (except engineering),2019-06-01,,0.0
"Stratford-Bruce Peninsula, Ontario",212,Professional occupations in applied sciences (except engineering),2019-07-01,,0.0
"Stratford-Bruce Peninsula, Ontario",212,Professional occupations in applied sciences (except engineering),2019-08-01,2.0,17.647
"Stratford-Bruce Peninsula, Ontario",212,Professional occupations in applied sciences (except engineering),2019-09-01,2.5,25.0
"Stratford-Bruce Peninsula, Ontario",212,Professional occupations in applied sciences (except engineering),2019-10-01,2.9,16.0
"Stratford-Bruce Peninsula, Ontario",212,Professional occupations in applied sciences (except engineering),2019-11-01,3.2,10.345
"Stratford-Bruce Peninsula, Ontario",212,Professional occupations in applied sciences (except engineering),2019-12-01,3.7,15.625
"Stratford-Bruce Peninsula, Ontario",212,Professional occupations in applied sciences (except engineering),2020-01-01,3.2,-13.514
"Stratford-Bruce Peninsula, Ontario",212,Professional occupations in applied sciences (except engineering),2020-02-01,2.9,-9.375
"Stratford-Bruce Peninsula, Ontario",212,Professional occupations in applied sciences (except engineering),2020-03-01,1.9,-34.483
"Stratford-Bruce Peninsula, Ontario",212,Professional occupations in applied sciences (except engineering),2020-04-01,2.1,10.526
"Stratford-Bruce Peninsula, Ontario",212,Professional occupations in applied sciences (except engineering),2020-05-01,,0.0
"Stratford-Bruce Peninsula, Ontario",212,Professional occupations in applied sciences (except engineering),2020-06-01,1.5,-28.571
"Stratford-Bruce Peninsula, Ontario",212,Professional occupations in applied sciences (except engineering),2020-07-01,,0.0
"Stratford-Bruce Peninsula, Ontario",212,Professional occupations in applied sciences (except engineering),2020-08-01,,0.0
"Stratford-Bruce Peninsula, Ontario",212,Professional occupations in applied sciences (except engineering),2020-09-01,,0.0
"Stratford-Bruce Peninsula, Ontario",212,Professional occupations in applied sciences (except engineering),2020-10-01,1.5,0.0
"Stratford-Bruce Peninsula, Ontario",212,Professional occupations in applied sciences (except engineering),2020-11-01,1.7,13.333
"Stratford-Bruce Peninsula, Ontario",212,Professional occupations in applied sciences (except engineering),2020-12-01,1.9,11.765
"Stratford-Bruce Peninsula, Ontario",212,Professional occupations in applied sciences (except engineering),2021-01-01,2.4,26.316
"Stratford-Bruce Peninsula, Ontario",212,Professional occupations in applied sciences (except engineering),2021-02-01,3.5,45.833
"Stratford-Bruce Peninsula, Ontario",212,Professional occupations in applied sciences (except engineering),2021-03-01,3.5,0.0
"Stratford-Bruce Peninsula, Ontario",212,Professional occupations in applied sciences (except engineering),2021-04-01,3.5,0.0
"Stratford-Bruce Peninsula, Ontario",212,Professional occupations in applied sciences (except engineering),2021-05-01,3.0,-14.286
"Stratford-Bruce Peninsula, Ontario",212,Professional occupations in applied sciences (except engineering),2021-06-01,3.2,6.667
"Stratford-Bruce Peninsula, Ontario",212,Professional occupations in applied sciences (except engineering),2021-07-01,3.3,3.125
"Stratford-Bruce Peninsula, Ontario",212,Professional occupations in applied sciences (except engineering),2021-08-01,2.9,-12.121
"Stratford-Bruce Peninsula, Ontario",212,Professional occupations in applied sciences (except engineering),2021-09-01,1.8,-37.931
"Stratford-Bruce Peninsula, Ontario",212,Professional occupations in applied sciences (except engineering),2021-10-01,,0.0
"Stratford-Bruce Peninsula, Ontario",212,Professional occupations in applied sciences (except engineering),2021-11-01,,0.0
"Stratford-Bruce Peninsula, Ontario",212,Professional occupations in applied sciences (except engineering),2021-12-01,,0.0
"Stratford-Bruce Peninsula, Ontario",212,Professional occupations in applied sciences (except engineering),2022-01-01,,0.0
"Stratford-Bruce Peninsula, Ontario",212,Professional occupations in applied sciences (except engineering),2022-02-01,,0.0
"Stratford-Bruce Peninsula, Ontario",212,Professional occupations in applied sciences (except engineering),2022-03-01,,0.0
"Stratford-Bruce Peninsula, Ontario",212,Professional occupations in applied sciences (except engineering),2022-04-01,,0.0
"Stratford-Bruce Peninsula, Ontario",212,Professional occupations in applied sciences (except engineering),2022-05-01,,0.0
"Stratford-Bruce Peninsula, Ontario",212,Professional occupations in applied sciences (except engineering),2022-06-01,,0.0
"Stratford-Bruce Peninsula, Ontario",212,Professional occupations in applied sciences (except engineering),2022-07-01,,0.0
"Stratford-Bruce Peninsula, Ontario",212,Professional occupations in applied sciences (except engineering),2022-08-01,,0.0
"Stratford-Bruce Peninsula, Ontario",212,Professional occupations in applied sciences (except engineering),2022-09-01,,0.0
"Stratford-Bruce Peninsula, Ontario",212,Professional occupations in applied sciences (except engineering),2022-10-01,,0.0
"Stratford-Bruce Peninsula, Ontario",212,Professional occupations in applied sciences (except engineering),2022-11-01,,0.0
"Stratford-Bruce Peninsula, Ontario",212,Professional occupations in applied sciences (except engineering),2022-12-01,,0.0
"Stratford-Bruce Peninsula, Ontario",212,Professional occupations in applied sciences (except engineering),2023-01-01,,0.0
"Stratford-Bruce Peninsula, Ontario",212,Professional occupations in applied sciences (except engineering),2023-02-01,,0.0
"Stratford-Bruce Peninsula, Ontario",212,Professional occupations in applied sciences (except engineering),2023-03-01,,0.0
"Stratford-Bruce Peninsula, Ontario",212,Professional occupations in applied sciences (except engineering),2023-04-01,,0.0
"Stratford-Bruce Peninsula, Ontario",212,Professional occupations in applied sciences (except engineering),2023-05-01,,0.0
"Stratford-Bruce Peninsula, Ontario",212,Professional occupations in applied sciences (except engineering),2023-06-01,,0.0
"Stratford-Bruce Peninsula, Ontario",212,Professional occupations in applied sciences (except engineering),2023-07-01,,0.0
"Stratford-Bruce Peninsula, Ontario",212,Professional occupations in applied sciences (except engineering),2023-08-01,,0.0
"Stratford-Bruce Peninsula, Ontario",212,Professional occupations in applied sciences (except engineering),2023-09-01,,0.0
"Stratford-Bruce Peninsula, Ontario",212,Professional occupations in applied sciences (except engineering),2023-10-01,,0.0
"Stratford-Bruce Peninsula, Ontario",212,Professional occupations in applied sciences (except engineering),2023-11-01,,0.0
"Stratford-Bruce Peninsula, Ontario",212,Professional occupations in applied sciences (except engineering),2023-12-01,,0.0
"Stratford-Bruce Peninsula, Ontario",212,Professional occupations in applied sciences (except engineering),2024-01-01,,0.0
"Stratford-Bruce Peninsula, Ontario",212,Professional occupations in applied sciences (except engineering),2024-02-01,2.5,38.889
"Stratford-Bruce Peninsula, Ontario",212,Professional occupations in applied sciences (except engineering),2024-03-01,2.7,8.0
"Stratford-Bruce Peninsula, Ontario",212,Professional occupations in applied sciences (except engineering),2024-04-01,3.0,11.111
"Stratford-Bruce Peninsula, Ontario",212,Professional occupations in applied sciences (except engineering),2024-05-01,2.7,-10.0
"Stratford-Bruce Peninsula, Ontario",212,Professional occupations in applied sciences (except engineering),2024-06-01,2.7,0.0
"Stratford-Bruce Peninsula, Ontario",212,Professional occupations in applied sciences (except engineering),2024-07-01,2.8,3.704
"Stratford-Bruce Peninsula, Ontario",212,Professional occupations in applied sciences (except engineering),2024-08-01,2.3,-17.857
"Stratford-Bruce Peninsula, Ontario",212,Professional occupations in applied sciences (except engineering),2024-09-01,2.1,-8.696
"Stratford-Bruce Peninsula, Ontario",212,Professional occupations in applied sciences (except engineering),2024-10-01,1.6,-23.81
"Stratford-Bruce Peninsula, Ontario",212,Professional occupations in applied sciences (except engineering),2024-11-01,,0.0
"Stratford-Bruce Peninsula, Ontario",212,Professional occupations in applied sciences (except engineering),2024-12-01,1.9,18.75
"Stratford-Bruce Peninsula, Ontario",212,Professional occupations in applied sciences (except engineering),2025-01-01,2.1,10.526
"Stratford-Bruce Peninsula, Ontario",212,Professional occupations in applied sciences (except engineering),2025-02-01,2.3,9.524
"Stratford-Bruce Peninsula, Ontario",212,Professional occupations in applied sciences (except engineering),2025-03-01,2.3,0.0
"Stratford-Bruce Peninsula, Ontario",212,Professional occupations in applied sciences (except engineering),2025-04-01,2.4,4.348
"Stratford-Bruce Peninsula, Ontario",212,Professional occupations in applied sciences (except engineering),2025-05-01,3.2,33.333
"Stratford-Bruce Peninsula, Ontario",212,Professional occupations in applied sciences (except engineering),2025-06-01,2.5,-21.875
"Stratford-Bruce Peninsula, Ontario",212,Professional occupations in applied sciences (except engineering),2025-07-01,2.1,-16.0
"Stratford-Bruce Peninsula, Ontario",212,Professional occupations in applied sciences (except engineering),2025-08-01,,0.0
"Stratford-Bruce Peninsula, Ontario",212,Professional occupations in applied sciences (except engineering),2025-09-01,1.9,-9.524
"Toronto, Ontario",112,Professional occupations in business,2011-03-01,84.2,
"Toronto, Ontario",112,Professional occupations in business,2011-04-01,80.3,-4.632
"Toronto, Ontario",112,Professional occupations in business,2011-05-01,76.3,-4.981
"Toronto, Ontario",112,Professional occupations in business,2011-06-01,70.8,-7.208
"Toronto, Ontario",112,Professional occupations in business,2011-07-01,66.9,-5.508
"Toronto, Ontario",112,Professional occupations in business,2011-08-01,65.8,-1.644
"Toronto, Ontario",112,Professional occupations in business,2011-09-01,65.1,-1.064
"Toronto, Ontario",112,Professional occupations in business,2011-10-01,64.2,-1.382
"Toronto, Ontario",112,Professional occupations in business,2011-11-01,60.8,-5.296
"Toronto, Ontario",112,Professional occupations in business,2011-12-01,59.8,-1.645
"Toronto, Ontario",112,Professional occupations in business,2012-01-01,62.8,5.017
"Toronto, Ontario",112,Professional occupations in business,2012-02-01,71.1,13.217
"Toronto, Ontario",112,Professional occupations in business,2012-03-01,81.8,15.049
"Toronto, Ontario",112,Professional occupations in business,2012-04-01,87.4,6.846
"Toronto, Ontario",112,Professional occupations in business,2012-05-01,90.9,4.005
"Toronto, Ontario",112,Professional occupations in business,2012-06-01,90.5,-0.44
"Toronto, Ontario",112,Professional occupations in business,2012-07-01,91.2,0.773
"Toronto, Ontario",112,Professional occupations in business,2012-08-01,90.6,-0.658
"Toronto, Ontario",112,Professional occupations in business,2012-09-01,84.3,-6.954
"Toronto, Ontario",112,Professional occupations in business,2012-10-01,75.4,-10.558
"Toronto, Ontario",112,Professional occupations in business,2012-11-01,64.5,-14.456
"Toronto, Ontario",112,Professional occupations in business,2012-12-01,61.5,-4.651
"Toronto, Ontario",112,Professional occupations in business,2013-01-01,61.1,-0.65
"Toronto, Ontario",112,Professional occupations in business,2013-02-01,64.1,4.91
"Toronto, Ontario",112,Professional occupations in business,2013-03-01,66.5,3.744
"Toronto, Ontario",112,Professional occupations in business,2013-04-01,69.7,4.812
"Toronto, Ontario",112,Professional occupations in business,2013-05-01,70.9,1.722
"Toronto, Ontario",112,Professional occupations in business,2013-06-01,72.1,1.693
"Toronto, Ontario",112,Professional occupations in business,2013-07-01,77.3,7.212
"Toronto, Ontario",112,Professional occupations in business,2013-08-01,77.6,0.388
"Toronto, Ontario",112,Professional occupations in business,2013-09-01,75.5,-2.706
"Toronto, Ontario",112,Professional occupations in business,2013-10-01,69.7,-7.682
"Toronto, Ontario",112,Professional occupations in business,2013-11-01,69.4,-0.43
"Toronto, Ontario",112,Professional occupations in business,2013-12-01,67.3,-3.026
"Toronto, Ontario",112,Professional occupations in business,2014-01-01,61.6,-8.47
"Toronto, Ontario",112,Professional occupations in business,2014-02-01,57.1,-7.305
"Toronto, Ontario",112,Professional occupations in business,2014-03-01,56.6,-0.876
"Toronto, Ontario",112,Professional occupations in business,2014-04-01,61.8,9.187
"Toronto, Ontario",112,Professional occupations in business,2014-05-01,63.4,2.589
"Toronto, Ontario",112,Professional occupations in business,2014-06-01,63.1,-0.473
"Toronto, Ontario",112,Professional occupations in business,2014-07-01,65.3,3.487
"Toronto, Ontario",112,Professional occupations in business,2014-08-01,69.5,6.432
"Toronto, Ontario",112,Professional occupations in business,2014-09-01,76.2,9.64
"Toronto, Ontario",112,Professional occupations in business,2014-10-01,78.3,2.756
"Toronto, Ontario",112,Professional occupations in business,2014-11-01,79.6,1.66
"Toronto, Ontario",112,Professional occupations in business,2014-12-01,82.6,3.769
"Toronto, Ontario",112,Professional occupations in business,2015-01-01,84.7,2.542
"Toronto, Ontario",112,Professional occupations in business,2015-02-01,85.4,0.826
"Toronto, Ontario",112,Professional occupations in business,2015-03-01,78.2,-8.431
"Toronto, Ontario",112,Professional occupations in business,2015-04-01,71.2,-8.951
"Toronto, Ontario",112,Professional occupations in business,2015-05-01,65.1,-8.567
"Toronto, Ontario",112,Professional occupations in business,2015-06-01,66.3,1.843
"Toronto, Ontario",112,Professional occupations in business,2015-07-01,72.6,9.502
"Toronto, Ontario",112,Professional occupations in business,2015-08-01,81.2,11.846
"Toronto, Ontario",112,Professional occupations in business,2015-09-01,87.2,7.389
"Toronto, Ontario",112,Professional occupations in business,2015-10-01,85.9,-1.491
"Toronto, Ontario",112,Professional occupations in business,2015-11-01,80.9,-5.821
"Toronto, Ontario",112,Professional occupations in business,2015-12-01,77.6,-4.079
"Toronto, Ontario",112,Professional occupations in business,2016-01-01,76.3,-1.675
"Toronto, Ontario",112,Professional occupations in business,2016-02-01,76.4,0.131
"Toronto, Ontario",112,Professional occupations in business,2016-03-01,73.4,-3.927
"Toronto, Ontario",112,Professional occupations in business,2016-04-01,72.4,-1.362
"Toronto, Ontario",112,Professional occupations in business,2016-05-01,72.3,-0.138
"Toronto, Ontario",112,Professional occupations in business,2016-06-01,75.7,4.703
"Toronto, Ontario",112,Professional occupations in business,2016-07-01,74.0,-2.246
"Toronto, Ontario",112,Professional occupations in business,2016-08-01,70.1,-5.27
"Toronto, Ontario",112,Professional occupations in business,2016-09-01,65.0,-7.275
"Toronto, Ontario",112,Professional occupations in business,2016-10-01,66.0,1.538
"Toronto, Ontario",112,Professional occupations in business,2016-11-01,65.9,-0.152
"Toronto, Ontario",112,Professional occupations in business,2016-12-01,66.1,0.303
"Toronto, Ontario",112,Professional occupations in business,2017-01-01,62.6,-5.295
"Toronto, Ontario",112,Professional occupations in business,2017-02-01,62.7,0.16
"Toronto, Ontario",112,Professional occupations in business,2017-03-01,65.6,4.625
"Toronto, Ontario",112,Professional occupations in business,2017-04-01,71.2,8.537
"Toronto, Ontario",112,Professional occupations in business,2017-05-01,74.2,4.213
"Toronto, Ontario",112,Professional occupations in business,2017-06-01,76.5,3.1
"Toronto, Ontario",112,Professional occupations in business,2017-07-01,77.5,1.307
"Toronto, Ontario",112,Professional occupations in business,2017-08-01,78.6,1.419
"Toronto, Ontario",112,Professional occupations in business,2017-09-01,79.3,0.891
"Toronto, Ontario",112,Professional occupations in business,2017-10-01,80.7,1.765
"Toronto, Ontario",112,Professional occupations in business,2017-11-01,86.0,6.568
"Toronto, Ontario",112,Professional occupations in business,2017-12-01,84.3,-1.977
"Toronto, Ontario",112,Professional occupations in business,2018-01-01,83.5,-0.949
"Toronto, Ontario",112,Professional occupations in business,2018-02-01,84.3,0.958
"Toronto, Ontario",112,Professional occupations in business,2018-03-01,89.9,6.643
"Toronto, Ontario",112,Professional occupations in business,2018-04-01,96.7,7.564
"Toronto, Ontario",112,Professional occupations in business,2018-05-01,102.1,5.584
"Toronto, Ontario",112,Professional occupations in business,2018-06-01,110.6,8.325
"Toronto, Ontario",112,Professional occupations in business,2018-07-01,112.4,1.627
"Toronto, Ontario",112,Professional occupations in business,2018-08-01,107.5,-4.359
"Toronto, Ontario",112,Professional occupations in business,2018-09-01,102.0,-5.116
"Toronto, Ontario",112,Professional occupations in business,2018-10-01,100.0,-1.961
"Toronto, Ontario",112,Professional occupations in business,2018-11-01,101.7,1.7
"Toronto, Ontario",112,Professional occupations in business,2018-12-01,100.7,-0.983
"Toronto, Ontario",112,Professional occupations in business,2019-01-01,105.4,4.667
"Toronto, Ontario",112,Professional occupations in business,2019-02-01,106.2,0.759
"Toronto, Ontario",112,Professional occupations in business,2019-03-01,104.9,-1.224
"Toronto, Ontario",112,Professional occupations in business,2019-04-01,95.1,-9.342
"Toronto, Ontario",112,Professional occupations in business,2019-05-01,91.4,-3.891
"Toronto, Ontario",112,Professional occupations in business,2019-06-01,91.5,0.109
"Toronto, Ontario",112,Professional occupations in business,2019-07-01,94.7,3.497
"Toronto, Ontario",112,Professional occupations in business,2019-08-01,98.4,3.907
"Toronto, Ontario",112,Professional occupations in business,2019-09-01,101.7,3.354
"Toronto, Ontario",112,Professional occupations in business,2019-10-01,104.7,2.95
"Toronto, Ontario",112,Professional occupations in business,2019-11-01,107.2,2.388
"Toronto, Ontario",112,Professional occupations in business,2019-12-01,108.5,1.213
"Toronto, Ontario",112,Professional occupations in business,2020-01-01,109.1,0.553
"Toronto, Ontario",112,Professional occupations in business,2020-02-01,108.3,-0.733
"Toronto, Ontario",112,Professional occupations in business,2020-03-01,108.9,0.554
"Toronto, Ontario",112,Professional occupations in business,2020-04-01,106.8,-1.928
"Toronto, Ontario",112,Professional occupations in business,2020-05-01,106.7,-0.094
"Toronto, Ontario",112,Professional occupations in business,2020-06-01,103.6,-2.905
"Toronto, Ontario",112,Professional occupations in business,2020-07-01,106.8,3.089
"Toronto, Ontario",112,Professional occupations in business,2020-08-01,104.7,-1.966
"Toronto, Ontario",112,Professional occupations in business,2020-09-01,104.2,-0.478
"Toronto, Ontario",112,Professional occupations in business,2020-10-01,106.0,1.727
"Toronto, Ontario",112,Professional occupations in business,2020-11-01,110.1,3.868
"Toronto, Ontario",112,Professional occupations in business,2020-12-01,105.1,-4.541
"Toronto, Ontario",112,Professional occupations in business,2021-01-01,92.7,-11.798
"Toronto, Ontario",112,Professional occupations in business,2021-02-01,86.0,-7.228
"Toronto, Ontario",112,Professional occupations in business,2021-03-01,85.9,-0.116
"Toronto, Ontario",112,Professional occupations in business,2021-04-01,94.7,10.244
"Toronto, Ontario",112,Professional occupations in business,2021-05-01,101.8,7.497
"Toronto, Ontario",112,Professional occupations in business,2021-06-01,115.9,13.851
"Toronto, Ontario",112,Professional occupations in business,2021-07-01,126.0,8.714
"Toronto, Ontario",112,Professional occupations in business,2021-08-01,136.4,8.254
"Toronto, Ontario",112,Professional occupations in business,2021-09-01,140.1,2.713
"Toronto, Ontario",112,Professional occupations in business,2021-10-01,134.2,-4.211
"Toronto, Ontario",112,Professional occupations in business,2021-11-01,129.7,-3.353
"Toronto, Ontario",112,Professional occupations in business,2021-12-01,121.5,-6.322
"Toronto, Ontario",112,Professional occupations in business,2022-01-01,120.3,-0.988
"Toronto, Ontario",112,Professional occupations in business,2022-02-01,120.4,0.083
"Toronto, Ontario",112,Professional occupations in business,2022-03-01,124.3,3.239
"Toronto, Ontario",112,Professional occupations in business,2022-04-01,132.7,6.758
"Toronto, Ontario",112,Professional occupations in business,2022-05-01,136.2,2.638
"Toronto, Ontario",112,Professional occupations in business,2022-06-01,146.1,7.269
"Toronto, Ontario",112,Professional occupations in business,2022-07-01,147.1,0.684
"Toronto, Ontario",112,Professional occupations in business,2022-08-01,146.5,-0.408
"Toronto, Ontario",112,Professional occupations in business,2022-09-01,135.5,-7.509
"Toronto, Ontario",112,Professional occupations in business,2022-10-01,126.4,-6.716
"Toronto, Ontario",112,Professional occupations in business,2022-11-01,119.2,-5.696
"Toronto, Ontario",112,Professional occupations in business,2022-12-01,119.4,0.168
"Toronto, Ontario",112,Professional occupations in business,2023-01-01,124.3,4.104
"Toronto, Ontario",112,Professional occupations in business,2023-02-01,131.1,5.471
"Toronto, Ontario",112,Professional occupations in business,2023-03-01,133.5,1.831
"Toronto, Ontario",112,Professional occupations in business,2023-04-01,137.4,2.921
"Toronto, Ontario",112,Professional occupations in business,2023-05-01,131.0,-4.658
"Toronto, Ontario",112,Professional occupations in business,2023-06-01,131.4,0.305
"Toronto, Ontario",112,Professional occupations in business,2023-07-01,125.4,-4.566
"Toronto, Ontario",112,Professional occupations in business,2023-08-01,127.7,1.834
"Toronto, Ontario",112,Professional occupations in business,2023-09-01,131.1,2.662
"Toronto, Ontario",112,Professional occupations in business,2023-10-01,138.1,5.339
"Toronto, Ontario",112,Professional occupations in business,2023-11-01,143.6,3.983
"Toronto, Ontario",112,Professional occupations in business,2023-12-01,146.9,2.298
"Toronto, Ontario",112,Professional occupations in business,2024-01-01,150.1,2.178
"Toronto, Ontario",112,Professional occupations in business,2024-02-01,146.7,-2.265
"Toronto, Ontario",112,Professional occupations in business,2024-03-01,141.9,-3.272
"Toronto, Ontario",112,Professional occupations in business,2024-04-01,137.6,-3.03
"Toronto, Ontario",112,Professional occupations in business,2024-05-01,142.7,3.706
"Toronto, Ontario",112,Professional occupations in business,2024-06-01,143.7,0.701
"Toronto, Ontario",112,Professional occupations in business,2024-07-01,154.1,7.237
"Toronto, Ontario",112,Professional occupations in business,2024-08-01,162.4,5.386
"Toronto, Ontario",112,Professional occupations in business,2024-09-01,171.3,5.48
"Toronto, Ontario",112,Professional occupations in business,2024-10-01,165.3,-3.503
"Toronto, Ontario",112,Professional occupations in business,2024-11-01,162.0,-1.996
"Toronto, Ontario",112,Professional occupations in business,2024-12-01,163.4,0.864
"Toronto, Ontario",112,Professional occupations in business,2025-01-01,162.6,-0.49
"Toronto, Ontario",112,Professional occupations in business,2025-02-01,154.3,-5.105
"Toronto, Ontario",112,Professional occupations in business,2025-03-01,146.0,-5.379
"Toronto, Ontario",112,Professional occupations in business,2025-04-01,139.7,-4.315
"Toronto, Ontario",112,Professional occupations in business,2025-05-01,141.6,1.36
"Toronto, Ontario",112,Professional occupations in business,2025-06-01,136.0,-3.955
"Toronto, Ontario",112,Professional occupations in business,2025-07-01,135.8,-0.147
"Toronto, Ontario",112,Professional occupations in business,2025-08-01,135.6,-0.147
"Toronto, Ontario",112,Professional occupations in business,2025-09-01,134.4,-0.885
"Toronto, Ontario",212,Professional occupations in applied sciences (except engineering),2011-03-01,119.7,
"Toronto, Ontario",212,Professional occupations in applied sciences (except engineering),2011-04-01,124.8,4.261
"Toronto, Ontario",212,Professional occupations in applied sciences (except engineering),2011-05-01,128.3,2.804
"Toronto, Ontario",212,Professional occupations in applied sciences (except engineering),2011-06-01,132.6,3.352
"Toronto, Ontario",212,Professional occupations in applied sciences (except engineering),2011-07-01,134.7,1.584
"Toronto, Ontario",212,Professional occupations in applied sciences (except engineering),2011-08-01,133.0,-1.262
"Toronto, Ontario",212,Professional occupations in applied sciences (except engineering),2011-09-01,128.4,-3.459
"Toronto, Ontario",212,Professional occupations in applied sciences (except engineering),2011-10-01,118.5,-7.71
"Toronto, Ontario",212,Professional occupations in applied sciences (except engineering),2011-11-01,118.0,-0.422
"Toronto, Ontario",212,Professional occupations in applied sciences (except engineering),2011-12-01,120.5,2.119
"Toronto, Ontario",212,Professional occupations in applied sciences (except engineering),2012-01-01,125.1,3.817
"Toronto, Ontario",212,Professional occupations in applied sciences (except engineering),2012-02-01,126.2,0.879
"Toronto, Ontario",212,Professional occupations in applied sciences (except engineering),2012-03-01,125.0,-0.951
"Toronto, Ontario",212,Professional occupations in applied sciences (except engineering),2012-04-01,122.4,-2.08
"Toronto, Ontario",212,Professional occupations in applied sciences (except engineering),2012-05-01,118.4,-3.268
"Toronto, Ontario",212,Professional occupations in applied sciences (except engineering),2012-06-01,113.5,-4.139
"Toronto, Ontario",212,Professional occupations in applied sciences (except engineering),2012-07-01,113.3,-0.176
"Toronto, Ontario",212,Professional occupations in applied sciences (except engineering),2012-08-01,112.6,-0.618
"Toronto, Ontario",212,Professional occupations in applied sciences (except engineering),2012-09-01,114.1,1.332
"Toronto, Ontario",212,Professional occupations in applied sciences (except engineering),2012-10-01,112.7,-1.227
"Toronto, Ontario",212,Professional occupations in applied sciences (except engineering),2012-11-01,112.8,0.089
"Toronto, Ontario",212,Professional occupations in applied sciences (except engineering),2012-12-01,110.8,-1.773
"Toronto, Ontario",212,Professional occupations in applied sciences (except engineering),2013-01-01,110.3,-0.451
"Toronto, Ontario",212,Professional occupations in applied sciences (except engineering),2013-02-01,107.6,-2.448
"Toronto, Ontario",212,Professional occupations in applied sciences (except engineering),2013-03-01,103.3,-3.996
"Toronto, Ontario",212,Professional occupations in applied sciences (except engineering),2013-04-01,101.9,-1.355
"Toronto, Ontario",212,Professional occupations in applied sciences (except engineering),2013-05-01,100.2,-1.668
"Toronto, Ontario",212,Professional occupations in applied sciences (except engineering),2013-06-01,102.7,2.495
"Toronto, Ontario",212,Professional occupations in applied sciences (except engineering),2013-07-01,98.6,-3.992
"Toronto, Ontario",212,Professional occupations in applied sciences (except engineering),2013-08-01,97.0,-1.623
"Toronto, Ontario",212,Professional occupations in applied sciences (except engineering),2013-09-01,97.0,0.0
"Toronto, Ontario",212,Professional occupations in applied sciences (except engineering),2013-10-01,99.2,2.268
"Toronto, Ontario",212,Professional occupations in applied sciences (except engineering),2013-11-01,104.6,5.444
"Toronto, Ontario",212,Professional occupations in applied sciences (except engineering),2013-12-01,112.2,7.266
"Toronto, Ontario",212,Professional occupations in applied sciences (except engineering),2014-01-01,120.4,7.308
"Toronto, Ontario",212,Professional occupations in applied sciences (except engineering),2014-02-01,126.0,4.651
"Toronto, Ontario",212,Professional occupations in applied sciences (except engineering),2014-03-01,124.2,-1.429
"Toronto, Ontario",212,Professional occupations in applied sciences (except engineering),2014-04-01,123.4,-0.644
"Toronto, Ontario",212,Professional occupations in applied sciences (except engineering),2014-05-01,121.3,-1.702
"Toronto, Ontario",212,Professional occupations in applied sciences (except engineering),2014-06-01,121.8,0.412
"Toronto, Ontario",212,Professional occupations in applied sciences (except engineering),2014-07-01,132.1,8.456
"Toronto, Ontario",212,Professional occupations in applied sciences (except engineering),2014-08-01,136.9,3.634
"Toronto, Ontario",212,Professional occupations in applied sciences (except engineering),2014-09-01,143.1,4.529
"Toronto, Ontario",212,Professional occupations in applied sciences (except engineering),2014-10-01,142.5,-0.419
"Toronto, Ontario",212,Professional occupations in applied sciences (except engineering),2014-11-01,144.4,1.333
"Toronto, Ontario",212,Professional occupations in applied sciences (except engineering),2014-12-01,146.7,1.593
"Toronto, Ontario",212,Professional occupations in applied sciences (except engineering),2015-01-01,146.0,-0.477
"Toronto, Ontario",212,Professional occupations in applied sciences (except engineering),2015-02-01,147.1,0.753
"Toronto, Ontario",212,Professional occupations in applied sciences (except engineering),2015-03-01,141.4,-3.875
"Toronto, Ontario",212,Professional occupations in applied sciences (except engineering),2015-04-01,138.7,-1.909
"Toronto, Ontario",212,Professional occupations in applied sciences (except engineering),2015-05-01,139.7,0.721
"Toronto, Ontario",212,Professional occupations in applied sciences (except engineering),2015-06-01,146.8,5.082
"Toronto, Ontario",212,Professional occupations in applied sciences (except engineering),2015-07-01,150.2,2.316
"Toronto, Ontario",212,Professional occupations in applied sciences (except engineering),2015-08-01,152.0,1.198
"Toronto, Ontario",212,Professional occupations in applied sciences (except engineering),2015-09-01,150.0,-1.316
"Toronto, Ontario",212,Professional occupations in applied sciences (except engineering),2015-10-01,148.1,-1.267
"Toronto, Ontario",212,Professional occupations in applied sciences (except engineering),2015-11-01,147.3,-0.54
"Toronto, Ontario",212,Professional occupations in applied sciences (except engineering),2015-12-01,149.0,1.154
"Toronto, Ontario",212,Professional occupations in applied sciences (except engineering),2016-01-01,147.5,-1.007
"Toronto, Ontario",212,Professional occupations in applied sciences (except engineering),2016-02-01,150.9,2.305
"Toronto, Ontario",212,Professional occupations in applied sciences (except engineering),2016-03-01,156.2,3.512
"Toronto, Ontario",212,Professional occupations in applied sciences (except engineering),2016-04-01,160.2,2.561
"Toronto, Ontario",212,Professional occupations in applied sciences (except engineering),2016-05-01,153.8,-3.995
"Toronto, Ontario",212,Professional occupations in applied sciences (except engineering),2016-06-01,146.4,-4.811
"Toronto, Ontario",212,Professional occupations in applied sciences (except engineering),2016-07-01,144.3,-1.434
"Toronto, Ontario",212,Professional occupations in applied sciences (except engineering),2016-08-01,143.0,-0.901
"Toronto, Ontario",212,Professional occupations in applied sciences (except engineering),2016-09-01,139.5,-2.448
"Toronto, Ontario",212,Professional occupations in applied sciences (except engineering),2016-10-01,139.3,-0.143
"Toronto, Ontario",212,Professional occupations in applied sciences (except engineering),2016-11-01,144.8,3.948
"Toronto, Ontario",212,Professional occupations in applied sciences (except engineering),2016-12-01,152.5,5.318
"Toronto, Ontario",212,Professional occupations in applied sciences (except engineering),2017-01-01,157.0,2.951
"Toronto, Ontario",212,Professional occupations in applied sciences (except engineering),2017-02-01,161.4,2.803
"Toronto, Ontario",212,Professional occupations in applied sciences (except engineering),2017-03-01,164.5,1.921
"Toronto, Ontario",212,Professional occupations in applied sciences (except engineering),2017-04-01,164.8,0.182
"Toronto, Ontario",212,Professional occupations in applied sciences (except engineering),2017-05-01,162.4,-1.456
"Toronto, Ontario",212,Professional occupations in applied sciences (except engineering),2017-06-01,164.1,1.047
"Toronto, Ontario",212,Professional occupations in applied sciences (except engineering),2017-07-01,165.2,0.67
"Toronto, Ontario",212,Professional occupations in applied sciences (except engineering),2017-08-01,163.9,-0.787
"Toronto, Ontario",212,Professional occupations in applied sciences (except engineering),2017-09-01,158.2,-3.478
"Toronto, Ontario",212,Professional occupations in applied sciences (except engineering),2017-10-01,161.5,2.086
"Toronto, Ontario",212,Professional occupations in applied sciences (except engineering),2017-11-01,160.6,-0.557
"Toronto, Ontario",212,Professional occupations in applied sciences (except engineering),2017-12-01,164.7,2.553
"Toronto, Ontario",212,Professional occupations in applied sciences (except engineering),2018-01-01,167.2,1.518
"Toronto, Ontario",212,Professional occupations in applied sciences (except engineering),2018-02-01,175.7,5.084
"Toronto, Ontario",212,Professional occupations in applied sciences (except engineering),2018-03-01,182.7,3.984
"Toronto, Ontario",212,Professional occupations in applied sciences (except engineering),2018-04-01,181.3,-0.766
"Toronto, Ontario",212,Professional occupations in applied sciences (except engineering),2018-05-01,181.6,0.165
"Toronto, Ontario",212,Professional occupations in applied sciences (except engineering),2018-06-01,178.5,-1.707
"Toronto, Ontario",212,Professional occupations in applied sciences (except engineering),2018-07-01,176.5,-1.12
"Toronto, Ontario",212,Professional occupations in applied sciences (except engineering),2018-08-01,177.0,0.283
"Toronto, Ontario",212,Professional occupations in applied sciences (except engineering),2018-09-01,175.2,-1.017
"Toronto, Ontario",212,Professional occupations in applied sciences (except engineering),2018-10-01,179.0,2.169
"Toronto, Ontario",212,Professional occupations in applied sciences (except engineering),2018-11-01,177.2,-1.006
"Toronto, Ontario",212,Professional occupations in applied sciences (except engineering),2018-12-01,175.1,-1.185
"Toronto, Ontario",212,Professional occupations in applied sciences (except engineering),2019-01-01,170.2,-2.798
"Toronto, Ontario",212,Professional occupations in applied sciences (except engineering),2019-02-01,169.0,-0.705
"Toronto, Ontario",212,Professional occupations in applied sciences (except engineering),2019-03-01,171.1,1.243
"Toronto, Ontario",212,Professional occupations in applied sciences (except engineering),2019-04-01,176.0,2.864
"Toronto, Ontario",212,Professional occupations in applied sciences (except engineering),2019-05-01,181.2,2.955
"Toronto, Ontario",212,Professional occupations in applied sciences (except engineering),2019-06-01,195.5,7.892
"Toronto, Ontario",212,Professional occupations in applied sciences (except engineering),2019-07-01,204.1,4.399
"Toronto, Ontario",212,Professional occupations in applied sciences (except engineering),2019-08-01,209.7,2.744
"Toronto, Ontario",212,Professional occupations in applied sciences (except engineering),2019-09-01,208.5,-0.572
"Toronto, Ontario",212,Professional occupations in applied sciences (except engineering),2019-10-01,209.3,0.384
"Toronto, Ontario",212,Professional occupations in applied sciences (except engineering),2019-11-01,217.6,3.966
"Toronto, Ontario",212,Professional occupations in applied sciences (except engineering),2019-12-01,220.5,1.333
"Toronto, Ontario",212,Professional occupations in applied sciences (except engineering),2020-01-01,224.6,1.859
"Toronto, Ontario",212,Professional occupations in applied sciences (except engineering),2020-02-01,219.7,-2.182
"Toronto, Ontario",212,Professional occupations in applied sciences (except engineering),2020-03-01,219.4,-0.137
"Toronto, Ontario",212,Professional occupations in applied sciences (except engineering),2020-04-01,213.8,-2.552
"Toronto, Ontario",212,Professional occupations in applied sciences (except engineering),2020-05-01,208.9,-2.292
"Toronto, Ontario",212,Professional occupations in applied sciences (except engineering),2020-06-01,204.3,-2.202
"Toronto, Ontario",212,Professional occupations in applied sciences (except engineering),2020-07-01,208.4,2.007
"Toronto, Ontario",212,Professional occupations in applied sciences (except engineering),2020-08-01,211.1,1.296
"Toronto, Ontario",212,Professional occupations in applied sciences (except engineering),2020-09-01,215.3,1.99
"Toronto, Ontario",212,Professional occupations in applied sciences (except engineering),2020-10-01,214.7,-0.279
"Toronto, Ontario",212,Professional occupations in applied sciences (except engineering),2020-11-01,219.0,2.003
"Toronto, Ontario",212,Professional occupations in applied sciences (except engineering),2020-12-01,227.2,3.744
"Toronto, Ontario",212,Professional occupations in applied sciences (except engineering),2021-01-01,240.2,5.722
"Toronto, Ontario",212,Professional occupations in applied sciences (except engineering),2021-02-01,251.8,4.829
"Toronto, Ontario",212,Professional occupations in applied sciences (except engineering),2021-03-01,265.1,5.282
"Toronto, Ontario",212,Professional occupations in applied sciences (except engineering),2021-04-01,274.8,3.659
"Toronto, Ontario",212,Professional occupations in applied sciences (except engineering),2021-05-01,279.8,1.82
"Toronto, Ontario",212,Professional occupations in applied sciences (except engineering),2021-06-01,267.3,-4.467
"Toronto, Ontario",212,Professional occupations in applied sciences (except engineering),2021-07-01,253.2,-5.275
"Toronto, Ontario",212,Professional occupations in applied sciences (except engineering),2021-08-01,247.4,-2.291
"Toronto, Ontario",212,Professional occupations in applied sciences (except engineering),2021-09-01,250.3,1.172
"Toronto, Ontario",212,Professional occupations in applied sciences (except engineering),2021-10-01,247.9,-0.959
"Toronto, Ontario",212,Professional occupations in applied sciences (except engineering),2021-11-01,243.3,-1.856
"Toronto, Ontario",212,Professional occupations in applied sciences (except engineering),2021-12-01,236.7,-2.713
"Toronto, Ontario",212,Professional occupations in applied sciences (except engineering),2022-01-01,239.8,1.31
"Toronto, Ontario",212,Professional occupations in applied sciences (except engineering),2022-02-01,237.0,-1.168
"Toronto, Ontario",212,Professional occupations in applied sciences (except engineering),2022-03-01,234.8,-0.928
"Toronto, Ontario",212,Professional occupations in applied sciences (except engineering),2022-04-01,230.9,-1.661
"Toronto, Ontario",212,Professional occupations in applied sciences (except engineering),2022-05-01,235.5,1.992
"Toronto, Ontario",212,Professional occupations in applied sciences (except engineering),2022-06-01,243.5,3.397
"Toronto, Ontario",212,Professional occupations in applied sciences (except engineering),2022-07-01,245.5,0.821
"Toronto, Ontario",212,Professional occupations in applied sciences (except engineering),2022-08-01,244.7,-0.326
"Toronto, Ontario",212,Professional occupations in applied sciences (except engineering),2022-09-01,238.8,-2.411
"Toronto, Ontario",212,Professional occupations in applied sciences (except engineering),2022-10-01,236.8,-0.838
"Toronto, Ontario",212,Professional occupations in applied sciences (except engineering),2022-11-01,238.9,0.887
"Toronto, Ontario",212,Professional occupations in applied sciences (except engineering),2022-12-01,249.4,4.395
"Toronto, Ontario",212,Professional occupations in applied sciences (except engineering),2023-01-01,261.3,4.771
"Toronto, Ontario",212,Professional occupations in applied sciences (except engineering),2023-02-01,266.7,2.067
"Toronto, Ontario",212,Professional occupations in applied sciences (except engineering),2023-03-01,263.7,-1.125
"Toronto, Ontario",212,Professional occupations in applied sciences (except engineering),2023-04-01,251.9,-4.475
"Toronto, Ontario",212,Professional occupations in applied sciences (except engineering),2023-05-01,241.8,-4.01
"Toronto, Ontario",212,Professional occupations in applied sciences (except engineering),2023-06-01,239.0,-1.158
"Toronto, Ontario",212,Professional occupations in applied sciences (except engineering),2023-07-01,246.0,2.929
"Toronto, Ontario",212,Professional occupations in applied sciences (except engineering),2023-08-01,255.9,4.024
"Toronto, Ontario",212,Professional occupations in applied sciences (except engineering),2023-09-01,260.8,1.915
"Toronto, Ontario",212,Professional occupations in applied sciences (except engineering),2023-10-01,265.3,1.725
"Toronto, Ontario",212,Professional occupations in applied sciences (except engineering),2023-11-01,270.5,1.96
"Toronto, Ontario",212,Professional occupations in applied sciences (except engineering),2023-12-01,271.6,0.407
"Toronto, Ontario",212,Professional occupations in applied sciences (except engineering),2024-01-01,273.0,0.515
"Toronto, Ontario",212,Professional occupations in applied sciences (except engineering),2024-02-01,269.3,-1.355
"Toronto, Ontario",212,Professional occupations in applied sciences (except engineering),2024-03-01,268.9,-0.149
"Toronto, Ontario",212,Professional occupations in applied sciences (except engineering),2024-04-01,268.0,-0.335
"Toronto, Ontario",212,Professional occupations in applied sciences (except engineering),2024-05-01,265.9,-0.784
"Toronto, Ontario",212,Professional occupations in applied sciences (except engineering),2024-06-01,264.4,-0.564
"Toronto, Ontario",212,Professional occupations in applied sciences (except engineering),2024-07-01,266.9,0.946
"Toronto, Ontario",212,Professional occupations in applied sciences (except engineering),2024-08-01,266.5,-0.15
"Toronto, Ontario",212,Professional occupations in applied sciences (except engineering),2024-09-01,267.2,0.263
"Toronto, Ontario",212,Professional occupations in applied sciences (except engineering),2024-10-01,261.5,-2.133
"Toronto, Ontario",212,Professional occupations in applied sciences (except engineering),2024-11-01,263.3,0.688
"Toronto, Ontario",212,Professional occupations in applied sciences (except engineering),2024-12-01,261.6,-0.646
"Toronto, Ontario",212,Professional occupations in applied sciences (except engineering),2025-01-01,267.0,2.064
"Toronto, Ontario",212,Professional occupations in applied sciences (except engineering),2025-02-01,265.8,-0.449
"Toronto, Ontario",212,Professional occupations in applied sciences (except engineering),2025-03-01,257.3,-3.198
"Toronto, Ontario",212,Professional occupations in applied sciences (except engineering),2025-04-01,246.8,-4.081
"Toronto, Ontario",212,Professional occupations in applied sciences (except engineering),2025-05-01,239.5,-2.958
"Toronto, Ontario",212,Professional occupations in applied sciences (except engineering),2025-06-01,247.2,3.215
"Toronto, Ontario",212,Professional occupations in applied sciences (except engineering),2025-07-01,251.3,1.659
"Toronto, Ontario",212,Professional occupations in applied sciences (except engineering),2025-08-01,257.6,2.507
"Toronto, Ontario",212,Professional occupations in applied sciences (except engineering),2025-09-01,270.4,4.969
"Windsor-Sarnia, Ontario",112,Professional occupations in business,2011-03-01,1.7,
"Windsor-Sarnia, Ontario",112,Professional occupations in business,2011-04-01,,0.0
"Windsor-Sarnia, Ontario",112,Professional occupations in business,2011-05-01,,0.0
"Windsor-Sarnia, Ontario",112,Professional occupations in business,2011-06-01,,0.0
"Windsor-Sarnia, Ontario",112,Professional occupations in business,2011-07-01,,0.0
"Windsor-Sarnia, Ontario",112,Professional occupations in business,2011-08-01,,0.0
"Windsor-Sarnia, Ontario",112,Professional occupations in business,2011-09-01,1.9,11.765
"Windsor-Sarnia, Ontario",112,Professional occupations in business,2011-10-01,2.3,21.053
"Windsor-Sarnia, Ontario",112,Professional occupations in business,2011-11-01,2.3,0.0
"Windsor-Sarnia, Ontario",112,Professional occupations in business,2011-12-01,2.2,-4.348
"Windsor-Sarnia, Ontario",112,Professional occupations in business,2012-01-01,2.6,18.182
"Windsor-Sarnia, Ontario",112,Professional occupations in business,2012-02-01,3.0,15.385
"Windsor-Sarnia, Ontario",112,Professional occupations in business,2012-03-01,3.2,6.667
"Windsor-Sarnia, Ontario",112,Professional occupations in business,2012-04-01,3.3,3.125
"Windsor-Sarnia, Ontario",112,Professional occupations in business,2012-05-01,3.3,0.0
"Windsor-Sarnia, Ontario",112,Professional occupations in business,2012-06-01,3.6,9.091
"Windsor-Sarnia, Ontario",112,Professional occupations in business,2012-07-01,3.5,-2.778
"Windsor-Sarnia, Ontario",112,Professional occupations in business,2012-08-01,3.3,-5.714
"Windsor-Sarnia, Ontario",112,Professional occupations in business,2012-09-01,3.2,-3.03
"Windsor-Sarnia, Ontario",112,Professional occupations in business,2012-10-01,3.4,6.25
"Windsor-Sarnia, Ontario",112,Professional occupations in business,2012-11-01,3.8,11.765
"Windsor-Sarnia, Ontario",112,Professional occupations in business,2012-12-01,3.6,-5.263
"Windsor-Sarnia, Ontario",112,Professional occupations in business,2013-01-01,3.2,-11.111
"Windsor-Sarnia, Ontario",112,Professional occupations in business,2013-02-01,2.9,-9.375
"Windsor-Sarnia, Ontario",112,Professional occupations in business,2013-03-01,2.7,-6.897
"Windsor-Sarnia, Ontario",112,Professional occupations in business,2013-04-01,2.1,-22.222
"Windsor-Sarnia, Ontario",112,Professional occupations in business,2013-05-01,1.5,-28.571
"Windsor-Sarnia, Ontario",112,Professional occupations in business,2013-06-01,,0.0
"Windsor-Sarnia, Ontario",112,Professional occupations in business,2013-07-01,,0.0
"Windsor-Sarnia, Ontario",112,Professional occupations in business,2013-08-01,,0.0
"Windsor-Sarnia, Ontario",112,Professional occupations in business,2013-09-01,,0.0
"Windsor-Sarnia, Ontario",112,Professional occupations in business,2013-10-01,,0.0
"Windsor-Sarnia, Ontario",112,Professional occupations in business,2013-11-01,1.9,26.667
"Windsor-Sarnia, Ontario",112,Professional occupations in business,2013-12-01,1.9,0.0
"Windsor-Sarnia, Ontario",112,Professional occupations in business,2014-01-01,1.7,-10.526
"Windsor-Sarnia, Ontario",112,Professional occupations in business,2014-02-01,,0.0
"Windsor-Sarnia, Ontario",112,Professional occupations in business,2014-03-01,,0.0
"Windsor-Sarnia, Ontario",112,Professional occupations in business,2014-04-01,1.6,-5.882
"Windsor-Sarnia, Ontario",112,Professional occupations in business,2014-05-01,2.2,37.5
"Windsor-Sarnia, Ontario",112,Professional occupations in business,2014-06-01,2.5,13.636
"Windsor-Sarnia, Ontario",112,Professional occupations in business,2014-07-01,3.0,20.0
"Windsor-Sarnia, Ontario",112,Professional occupations in business,2014-08-01,3.4,13.333
"Windsor-Sarnia, Ontario",112,Professional occupations in business,2014-09-01,3.9,14.706
"Windsor-Sarnia, Ontario",112,Professional occupations in business,2014-10-01,3.7,-5.128
"Windsor-Sarnia, Ontario",112,Professional occupations in business,2014-11-01,3.3,-10.811
"Windsor-Sarnia, Ontario",112,Professional occupations in business,2014-12-01,3.1,-6.061
"Windsor-Sarnia, Ontario",112,Professional occupations in business,2015-01-01,2.8,-9.677
"Windsor-Sarnia, Ontario",112,Professional occupations in business,2015-02-01,2.2,-21.429
"Windsor-Sarnia, Ontario",112,Professional occupations in business,2015-03-01,1.9,-13.636
"Windsor-Sarnia, Ontario",112,Professional occupations in business,2015-04-01,1.7,-10.526
"Windsor-Sarnia, Ontario",112,Professional occupations in business,2015-05-01,1.9,11.765
"Windsor-Sarnia, Ontario",112,Professional occupations in business,2015-06-01,1.9,0.0
"Windsor-Sarnia, Ontario",112,Professional occupations in business,2015-07-01,2.5,31.579
"Windsor-Sarnia, Ontario",112,Professional occupations in business,2015-08-01,2.7,8.0
"Windsor-Sarnia, Ontario",112,Professional occupations in business,2015-09-01,2.8,3.704
"Windsor-Sarnia, Ontario",112,Professional occupations in business,2015-10-01,2.4,-14.286
"Windsor-Sarnia, Ontario",112,Professional occupations in business,2015-11-01,2.4,0.0
"Windsor-Sarnia, Ontario",112,Professional occupations in business,2015-12-01,2.4,0.0
"Windsor-Sarnia, Ontario",112,Professional occupations in business,2016-01-01,2.1,-12.5
"Windsor-Sarnia, Ontario",112,Professional occupations in business,2016-02-01,1.9,-9.524
"Windsor-Sarnia, Ontario",112,Professional occupations in business,2016-03-01,1.8,-5.263
"Windsor-Sarnia, Ontario",112,Professional occupations in business,2016-04-01,1.9,5.556
"Windsor-Sarnia, Ontario",112,Professional occupations in business,2016-05-01,2.0,5.263
"Windsor-Sarnia, Ontario",112,Professional occupations in business,2016-06-01,2.2,10.0
"Windsor-Sarnia, Ontario",112,Professional occupations in business,2016-07-01,2.5,13.636
"Windsor-Sarnia, Ontario",112,Professional occupations in business,2016-08-01,2.6,4.0
"Windsor-Sarnia, Ontario",112,Professional occupations in business,2016-09-01,2.5,-3.846
"Windsor-Sarnia, Ontario",112,Professional occupations in business,2016-10-01,3.0,20.0
"Windsor-Sarnia, Ontario",112,Professional occupations in business,2016-11-01,3.5,16.667
"Windsor-Sarnia, Ontario",112,Professional occupations in business,2016-12-01,3.7,5.714
"Windsor-Sarnia, Ontario",112,Professional occupations in business,2017-01-01,3.0,-18.919
"Windsor-Sarnia, Ontario",112,Professional occupations in business,2017-02-01,2.2,-26.667
"Windsor-Sarnia, Ontario",112,Professional occupations in business,2017-03-01,2.1,-4.545
"Windsor-Sarnia, Ontario",112,Professional occupations in business,2017-04-01,2.2,4.762
"Windsor-Sarnia, Ontario",112,Professional occupations in business,2017-05-01,2.1,-4.545
"Windsor-Sarnia, Ontario",112,Professional occupations in business,2017-06-01,1.6,-23.81
"Windsor-Sarnia, Ontario",112,Professional occupations in business,2017-07-01,,0.0
"Windsor-Sarnia, Ontario",112,Professional occupations in business,2017-08-01,,0.0
"Windsor-Sarnia, Ontario",112,Professional occupations in business,2017-09-01,,0.0
"Windsor-Sarnia, Ontario",112,Professional occupations in business,2017-10-01,1.6,0.0
"Windsor-Sarnia, Ontario",112,Professional occupations in business,2017-11-01,2.2,37.5
"Windsor-Sarnia, Ontario",112,Professional occupations in business,2017-12-01,2.2,0.0
"Windsor-Sarnia, Ontario",112,Professional occupations in business,2018-01-01,2.4,9.091
"Windsor-Sarnia, Ontario",112,Professional occupations in business,2018-02-01,2.4,0.0
"Windsor-Sarnia, Ontario",112,Professional occupations in business,2018-03-01,2.9,20.833
"Windsor-Sarnia, Ontario",112,Professional occupations in business,2018-04-01,3.6,24.138
"Windsor-Sarnia, Ontario",112,Professional occupations in business,2018-05-01,4.0,11.111
"Windsor-Sarnia, Ontario",112,Professional occupations in business,2018-06-01,4.5,12.5
"Windsor-Sarnia, Ontario",112,Professional occupations in business,2018-07-01,4.0,-11.111
"Windsor-Sarnia, Ontario",112,Professional occupations in business,2018-08-01,3.6,-10.0
"Windsor-Sarnia, Ontario",112,Professional occupations in business,2018-09-01,2.4,-33.333
"Windsor-Sarnia, Ontario",112,Professional occupations in business,2018-10-01,2.1,-12.5
"Windsor-Sarnia, Ontario",112,Professional occupations in business,2018-11-01,1.9,-9.524
"Windsor-Sarnia, Ontario",112,Professional occupations in business,2018-12-01,2.2,15.789
"Windsor-Sarnia, Ontario",112,Professional occupations in business,2019-01-01,2.9,31.818
"Windsor-Sarnia, Ontario",112,Professional occupations in business,2019-02-01,3.4,17.241
"Windsor-Sarnia, Ontario",112,Professional occupations in business,2019-03-01,4.0,17.647
"Windsor-Sarnia, Ontario",112,Professional occupations in business,2019-04-01,4.2,5.0
"Windsor-Sarnia, Ontario",112,Professional occupations in business,2019-05-01,4.3,2.381
"Windsor-Sarnia, Ontario",112,Professional occupations in business,2019-06-01,4.0,-6.977
"Windsor-Sarnia, Ontario",112,Professional occupations in business,2019-07-01,3.3,-17.5
"Windsor-Sarnia, Ontario",112,Professional occupations in business,2019-08-01,2.6,-21.212
"Windsor-Sarnia, Ontario",112,Professional occupations in business,2019-09-01,2.0,-23.077
"Windsor-Sarnia, Ontario",112,Professional occupations in business,2019-10-01,1.6,-20.0
"Windsor-Sarnia, Ontario",112,Professional occupations in business,2019-11-01,1.5,-6.25
"Windsor-Sarnia, Ontario",112,Professional occupations in business,2019-12-01,1.9,26.667
"Windsor-Sarnia, Ontario",112,Professional occupations in business,2020-01-01,2.7,42.105
"Windsor-Sarnia, Ontario",112,Professional occupations in business,2020-02-01,3.4,25.926
"Windsor-Sarnia, Ontario",112,Professional occupations in business,2020-03-01,3.7,8.824
"Windsor-Sarnia, Ontario",112,Professional occupations in business,2020-04-01,3.1,-16.216
"Windsor-Sarnia, Ontario",112,Professional occupations in business,2020-05-01,2.6,-16.129
"Windsor-Sarnia, Ontario",112,Professional occupations in business,2020-06-01,2.6,0.0
"Windsor-Sarnia, Ontario",112,Professional occupations in business,2020-07-01,2.3,-11.538
"Windsor-Sarnia, Ontario",112,Professional occupations in business,2020-08-01,2.3,0.0
"Windsor-Sarnia, Ontario",112,Professional occupations in business,2020-09-01,1.9,-17.391
"Windsor-Sarnia, Ontario",112,Professional occupations in business,2020-10-01,2.6,36.842
"Windsor-Sarnia, Ontario",112,Professional occupations in business,2020-11-01,2.4,-7.692
"Windsor-Sarnia, Ontario",112,Professional occupations in business,2020-12-01,2.3,-4.167
"Windsor-Sarnia, Ontario",112,Professional occupations in business,2021-01-01,1.9,-17.391
"Windsor-Sarnia, Ontario",112,Professional occupations in business,2021-02-01,2.6,36.842
"Windsor-Sarnia, Ontario",112,Professional occupations in business,2021-03-01,3.1,19.231
"Windsor-Sarnia, Ontario",112,Professional occupations in business,2021-04-01,4.0,29.032
"Windsor-Sarnia, Ontario",112,Professional occupations in business,2021-05-01,4.5,12.5
"Windsor-Sarnia, Ontario",112,Professional occupations in business,2021-06-01,5.0,11.111
"Windsor-Sarnia, Ontario",112,Professional occupations in business,2021-07-01,5.0,0.0
"Windsor-Sarnia, Ontario",112,Professional occupations in business,2021-08-01,4.8,-4.0
"Windsor-Sarnia, Ontario",112,Professional occupations in business,2021-09-01,4.3,-10.417
"Windsor-Sarnia, Ontario",112,Professional occupations in business,2021-10-01,3.9,-9.302
"Windsor-Sarnia, Ontario",112,Professional occupations in business,2021-11-01,3.6,-7.692
"Windsor-Sarnia, Ontario",112,Professional occupations in business,2021-12-01,4.0,11.111
"Windsor-Sarnia, Ontario",112,Professional occupations in business,2022-01-01,3.7,-7.5
"Windsor-Sarnia, Ontario",112,Professional occupations in business,2022-02-01,4.3,16.216
"Windsor-Sarnia, Ontario",112,Professional occupations in business,2022-03-01,5.1,18.605
"Windsor-Sarnia, Ontario",112,Professional occupations in business,2022-04-01,6.8,33.333
"Windsor-Sarnia, Ontario",112,Professional occupations in business,2022-05-01,6.9,1.471
"Windsor-Sarnia, Ontario",112,Professional occupations in business,2022-06-01,6.0,-13.043
"Windsor-Sarnia, Ontario",112,Professional occupations in business,2022-07-01,5.3,-11.667
"Windsor-Sarnia, Ontario",112,Professional occupations in business,2022-08-01,4.9,-7.547
"Windsor-Sarnia, Ontario",112,Professional occupations in business,2022-09-01,4.5,-8.163
"Windsor-Sarnia, Ontario",112,Professional occupations in business,2022-10-01,3.8,-15.556
"Windsor-Sarnia, Ontario",112,Professional occupations in business,2022-11-01,3.7,-2.632
"Windsor-Sarnia, Ontario",112,Professional occupations in business,2022-12-01,4.5,21.622
"Windsor-Sarnia, Ontario",112,Professional occupations in business,2023-01-01,4.8,6.667
"Windsor-Sarnia, Ontario",112,Professional occupations in business,2023-02-01,4.9,2.083
"Windsor-Sarnia, Ontario",112,Professional occupations in business,2023-03-01,4.7,-4.082
"Windsor-Sarnia, Ontario",112,Professional occupations in business,2023-04-01,5.0,6.383
"Windsor-Sarnia, Ontario",112,Professional occupations in business,2023-05-01,4.6,-8.0
"Windsor-Sarnia, Ontario",112,Professional occupations in business,2023-06-01,4.5,-2.174
"Windsor-Sarnia, Ontario",112,Professional occupations in business,2023-07-01,4.5,0.0
"Windsor-Sarnia, Ontario",112,Professional occupations in business,2023-08-01,4.8,6.667
"Windsor-Sarnia, Ontario",112,Professional occupations in business,2023-09-01,5.1,6.25
"Windsor-Sarnia, Ontario",112,Professional occupations in business,2023-10-01,5.1,0.0
"Windsor-Sarnia, Ontario",112,Professional occupations in business,2023-11-01,6.0,17.647
"Windsor-Sarnia, Ontario",112,Professional occupations in business,2023-12-01,5.2,-13.333
"Windsor-Sarnia, Ontario",112,Professional occupations in business,2024-01-01,4.4,-15.385
"Windsor-Sarnia, Ontario",112,Professional occupations in business,2024-02-01,3.4,-22.727
"Windsor-Sarnia, Ontario",112,Professional occupations in business,2024-03-01,4.1,20.588
"Windsor-Sarnia, Ontario",112,Professional occupations in business,2024-04-01,4.6,12.195
"Windsor-Sarnia, Ontario",112,Professional occupations in business,2024-05-01,5.4,17.391
"Windsor-Sarnia, Ontario",112,Professional occupations in business,2024-06-01,5.6,3.704
"Windsor-Sarnia, Ontario",112,Professional occupations in business,2024-07-01,5.9,5.357
"Windsor-Sarnia, Ontario",112,Professional occupations in business,2024-08-01,5.4,-8.475
"Windsor-Sarnia, Ontario",112,Professional occupations in business,2024-09-01,5.0,-7.407
"Windsor-Sarnia, Ontario",112,Professional occupations in business,2024-10-01,4.6,-8.0
"Windsor-Sarnia, Ontario",112,Professional occupations in business,2024-11-01,4.4,-4.348
"Windsor-Sarnia, Ontario",112,Professional occupations in business,2024-12-01,4.0,-9.091
"Windsor-Sarnia, Ontario",112,Professional occupations in business,2025-01-01,3.9,-2.5
"Windsor-Sarnia, Ontario",112,Professional occupations in business,2025-02-01,3.8,-2.564
"Windsor-Sarnia, Ontario",112,Professional occupations in business,2025-03-01,4.0,5.263
"Windsor-Sarnia, Ontario",112,Professional occupations in business,2025-04-01,4.3,7.5
"Windsor-Sarnia, Ontario",112,Professional occupations in business,2025-05-01,4.9,13.953
"Windsor-Sarnia, Ontario",112,Professional occupations in business,2025-06-01,5.5,12.245
"Windsor-Sarnia, Ontario",112,Professional occupations in business,2025-07-01,6.4,16.364
"Windsor-Sarnia, Ontario",112,Professional occupations in business,2025-08-01,7.3,14.062
"Windsor-Sarnia, Ontario",112,Professional occupations in business,2025-09-01,7.3,0.0
"Windsor-Sarnia, Ontario",212,Professional occupations in applied sciences (except engineering),2011-03-01,1.8,
"Windsor-Sarnia, Ontario",212,Professional occupations in applied sciences (except engineering),2011-04-01,1.8,0.0
"Windsor-Sarnia, Ontario",212,Professional occupations in applied sciences (except engineering),2011-05-01,1.7,-5.556
"Windsor-Sarnia, Ontario",212,Professional occupations in applied sciences (except engineering),2011-06-01,1.9,11.765
"Windsor-Sarnia, Ontario",212,Professional occupations in applied sciences (except engineering),2011-07-01,2.1,10.526
"Windsor-Sarnia, Ontario",212,Professional occupations in applied sciences (except engineering),2011-08-01,2.5,19.048
"Windsor-Sarnia, Ontario",212,Professional occupations in applied sciences (except engineering),2011-09-01,2.9,16.0
"Windsor-Sarnia, Ontario",212,Professional occupations in applied sciences (except engineering),2011-10-01,2.8,-3.448
"Windsor-Sarnia, Ontario",212,Professional occupations in applied sciences (except engineering),2011-11-01,2.7,-3.571
"Windsor-Sarnia, Ontario",212,Professional occupations in applied sciences (except engineering),2011-12-01,2.5,-7.407
"Windsor-Sarnia, Ontario",212,Professional occupations in applied sciences (except engineering),2012-01-01,2.6,4.0
"Windsor-Sarnia, Ontario",212,Professional occupations in applied sciences (except engineering),2012-02-01,2.7,3.846
"Windsor-Sarnia, Ontario",212,Professional occupations in applied sciences (except engineering),2012-03-01,3.0,11.111
"Windsor-Sarnia, Ontario",212,Professional occupations in applied sciences (except engineering),2012-04-01,2.9,-3.333
"Windsor-Sarnia, Ontario",212,Professional occupations in applied sciences (except engineering),2012-05-01,3.0,3.448
"Windsor-Sarnia, Ontario",212,Professional occupations in applied sciences (except engineering),2012-06-01,2.9,-3.333
"Windsor-Sarnia, Ontario",212,Professional occupations in applied sciences (except engineering),2012-07-01,3.2,10.345
"Windsor-Sarnia, Ontario",212,Professional occupations in applied sciences (except engineering),2012-08-01,3.6,12.5
"Windsor-Sarnia, Ontario",212,Professional occupations in applied sciences (except engineering),2012-09-01,3.4,-5.556
"Windsor-Sarnia, Ontario",212,Professional occupations in applied sciences (except engineering),2012-10-01,3.4,0.0
"Windsor-Sarnia, Ontario",212,Professional occupations in applied sciences (except engineering),2012-11-01,2.7,-20.588
"Windsor-Sarnia, Ontario",212,Professional occupations in applied sciences (except engineering),2012-12-01,2.5,-7.407
"Windsor-Sarnia, Ontario",212,Professional occupations in applied sciences (except engineering),2013-01-01,3.0,20.0
"Windsor-Sarnia, Ontario",212,Professional occupations in applied sciences (except engineering),2013-02-01,3.2,6.667
"Windsor-Sarnia, Ontario",212,Professional occupations in applied sciences (except engineering),2013-03-01,3.6,12.5
"Windsor-Sarnia, Ontario",212,Professional occupations in applied sciences (except engineering),2013-04-01,3.3,-8.333
"Windsor-Sarnia, Ontario",212,Professional occupations in applied sciences (except engineering),2013-05-01,3.5,6.061
"Windsor-Sarnia, Ontario",212,Professional occupations in applied sciences (except engineering),2013-06-01,3.0,-14.286
"Windsor-Sarnia, Ontario",212,Professional occupations in applied sciences (except engineering),2013-07-01,2.6,-13.333
"Windsor-Sarnia, Ontario",212,Professional occupations in applied sciences (except engineering),2013-08-01,2.6,0.0
"Windsor-Sarnia, Ontario",212,Professional occupations in applied sciences (except engineering),2013-09-01,2.5,-3.846
"Windsor-Sarnia, Ontario",212,Professional occupations in applied sciences (except engineering),2013-10-01,2.7,8.0
"Windsor-Sarnia, Ontario",212,Professional occupations in applied sciences (except engineering),2013-11-01,2.4,-11.111
"Windsor-Sarnia, Ontario",212,Professional occupations in applied sciences (except engineering),2013-12-01,2.5,4.167
"Windsor-Sarnia, Ontario",212,Professional occupations in applied sciences (except engineering),2014-01-01,2.6,4.0
"Windsor-Sarnia, Ontario",212,Professional occupations in applied sciences (except engineering),2014-02-01,2.7,3.846
"Windsor-Sarnia, Ontario",212,Professional occupations in applied sciences (except engineering),2014-03-01,2.6,-3.704
"Windsor-Sarnia, Ontario",212,Professional occupations in applied sciences (except engineering),2014-04-01,2.3,-11.538
"Windsor-Sarnia, Ontario",212,Professional occupations in applied sciences (except engineering),2014-05-01,2.2,-4.348
"Windsor-Sarnia, Ontario",212,Professional occupations in applied sciences (except engineering),2014-06-01,2.2,0.0
"Windsor-Sarnia, Ontario",212,Professional occupations in applied sciences (except engineering),2014-07-01,2.2,0.0
"Windsor-Sarnia, Ontario",212,Professional occupations in applied sciences (except engineering),2014-08-01,2.1,-4.545
"Windsor-Sarnia, Ontario",212,Professional occupations in applied sciences (except engineering),2014-09-01,2.0,-4.762
"Windsor-Sarnia, Ontario",212,Professional occupations in applied sciences (except engineering),2014-10-01,2.4,20.0
"Windsor-Sarnia, Ontario",212,Professional occupations in applied sciences (except engineering),2014-11-01,2.8,16.667
"Windsor-Sarnia, Ontario",212,Professional occupations in applied sciences (except engineering),2014-12-01,3.6,28.571
"Windsor-Sarnia, Ontario",212,Professional occupations in applied sciences (except engineering),2015-01-01,4.1,13.889
"Windsor-Sarnia, Ontario",212,Professional occupations in applied sciences (except engineering),2015-02-01,4.6,12.195
"Windsor-Sarnia, Ontario",212,Professional occupations in applied sciences (except engineering),2015-03-01,4.4,-4.348
"Windsor-Sarnia, Ontario",212,Professional occupations in applied sciences (except engineering),2015-04-01,4.1,-6.818
"Windsor-Sarnia, Ontario",212,Professional occupations in applied sciences (except engineering),2015-05-01,3.9,-4.878
"Windsor-Sarnia, Ontario",212,Professional occupations in applied sciences (except engineering),2015-06-01,4.1,5.128
"Windsor-Sarnia, Ontario",212,Professional occupations in applied sciences (except engineering),2015-07-01,4.2,2.439
"Windsor-Sarnia, Ontario",212,Professional occupations in applied sciences (except engineering),2015-08-01,3.7,-11.905
"Windsor-Sarnia, Ontario",212,Professional occupations in applied sciences (except engineering),2015-09-01,3.5,-5.405
"Windsor-Sarnia, Ontario",212,Professional occupations in applied sciences (except engineering),2015-10-01,3.2,-8.571
"Windsor-Sarnia, Ontario",212,Professional occupations in applied sciences (except engineering),2015-11-01,3.4,6.25
"Windsor-Sarnia, Ontario",212,Professional occupations in applied sciences (except engineering),2015-12-01,3.3,-2.941
"Windsor-Sarnia, Ontario",212,Professional occupations in applied sciences (except engineering),2016-01-01,3.5,6.061
"Windsor-Sarnia, Ontario",212,Professional occupations in applied sciences (except engineering),2016-02-01,3.7,5.714
"Windsor-Sarnia, Ontario",212,Professional occupations in applied sciences (except engineering),2016-03-01,3.8,2.703
"Windsor-Sarnia, Ontario",212,Professional occupations in applied sciences (except engineering),2016-04-01,3.9,2.632
"Windsor-Sarnia, Ontario",212,Professional occupations in applied sciences (except engineering),2016-05-01,3.8,-2.564
"Windsor-Sarnia, Ontario",212,Professional occupations in applied sciences (except engineering),2016-06-01,3.6,-5.263
"Windsor-Sarnia, Ontario",212,Professional occupations in applied sciences (except engineering),2016-07-01,3.4,-5.556
"Windsor-Sarnia, Ontario",212,Professional occupations in applied sciences (except engineering),2016-08-01,3.1,-8.824
"Windsor-Sarnia, Ontario",212,Professional occupations in applied sciences (except engineering),2016-09-01,3.3,6.452
"Windsor-Sarnia, Ontario",212,Professional occupations in applied sciences (except engineering),2016-10-01,2.7,-18.182
"Windsor-Sarnia, Ontario",212,Professional occupations in applied sciences (except engineering),2016-11-01,2.8,3.704
"Windsor-Sarnia, Ontario",212,Professional occupations in applied sciences (except engineering),2016-12-01,2.7,-3.571
"Windsor-Sarnia, Ontario",212,Professional occupations in applied sciences (except engineering),2017-01-01,3.9,44.444
"Windsor-Sarnia, Ontario",212,Professional occupations in applied sciences (except engineering),2017-02-01,4.6,17.949
"Windsor-Sarnia, Ontario",212,Professional occupations in applied sciences (except engineering),2017-03-01,4.8,4.348
"Windsor-Sarnia, Ontario",212,Professional occupations in applied sciences (except engineering),2017-04-01,4.4,-8.333
"Windsor-Sarnia, Ontario",212,Professional occupations in applied sciences (except engineering),2017-05-01,4.3,-2.273
"Windsor-Sarnia, Ontario",212,Professional occupations in applied sciences (except engineering),2017-06-01,4.1,-4.651
"Windsor-Sarnia, Ontario",212,Professional occupations in applied sciences (except engineering),2017-07-01,4.0,-2.439
"Windsor-Sarnia, Ontario",212,Professional occupations in applied sciences (except engineering),2017-08-01,3.6,-10.0
"Windsor-Sarnia, Ontario",212,Professional occupations in applied sciences (except engineering),2017-09-01,3.4,-5.556
"Windsor-Sarnia, Ontario",212,Professional occupations in applied sciences (except engineering),2017-10-01,3.4,0.0
"Windsor-Sarnia, Ontario",212,Professional occupations in applied sciences (except engineering),2017-11-01,3.4,0.0
"Windsor-Sarnia, Ontario",212,Professional occupations in applied sciences (except engineering),2017-12-01,3.5,2.941
"Windsor-Sarnia, Ontario",212,Professional occupations in applied sciences (except engineering),2018-01-01,3.3,-5.714
"Windsor-Sarnia, Ontario",212,Professional occupations in applied sciences (except engineering),2018-02-01,3.7,12.121
"Windsor-Sarnia, Ontario",212,Professional occupations in applied sciences (except engineering),2018-03-01,4.2,13.514
"Windsor-Sarnia, Ontario",212,Professional occupations in applied sciences (except engineering),2018-04-01,4.8,14.286
"Windsor-Sarnia, Ontario",212,Professional occupations in applied sciences (except engineering),2018-05-01,5.1,6.25
"Windsor-Sarnia, Ontario",212,Professional occupations in applied sciences (except engineering),2018-06-01,5.0,-1.961
"Windsor-Sarnia, Ontario",212,Professional occupations in applied sciences (except engineering),2018-07-01,5.3,6.0
"Windsor-Sarnia, Ontario",212,Professional occupations in applied sciences (except engineering),2018-08-01,4.8,-9.434
"Windsor-Sarnia, Ontario",212,Professional occupations in applied sciences (except engineering),2018-09-01,4.7,-2.083
"Windsor-Sarnia, Ontario",212,Professional occupations in applied sciences (except engineering),2018-10-01,3.7,-21.277
"Windsor-Sarnia, Ontario",212,Professional occupations in applied sciences (except engineering),2018-11-01,3.5,-5.405
"Windsor-Sarnia, Ontario",212,Professional occupations in applied sciences (except engineering),2018-12-01,3.3,-5.714
"Windsor-Sarnia, Ontario",212,Professional occupations in applied sciences (except engineering),2019-01-01,3.5,6.061
"Windsor-Sarnia, Ontario",212,Professional occupations in applied sciences (except engineering),2019-02-01,3.5,0.0
"Windsor-Sarnia, Ontario",212,Professional occupations in applied sciences (except engineering),2019-03-01,3.8,8.571
"Windsor-Sarnia, Ontario",212,Professional occupations in applied sciences (except engineering),2019-04-01,3.7,-2.632
"Windsor-Sarnia, Ontario",212,Professional occupations in applied sciences (except engineering),2019-05-01,3.8,2.703
"Windsor-Sarnia, Ontario",212,Professional occupations in applied sciences (except engineering),2019-06-01,3.9,2.632
"Windsor-Sarnia, Ontario",212,Professional occupations in applied sciences (except engineering),2019-07-01,3.8,-2.564
"Windsor-Sarnia, Ontario",212,Professional occupations in applied sciences (except engineering),2019-08-01,3.7,-2.632
"Windsor-Sarnia, Ontario",212,Professional occupations in applied sciences (except engineering),2019-09-01,3.3,-10.811
"Windsor-Sarnia, Ontario",212,Professional occupations in applied sciences (except engineering),2019-10-01,3.6,9.091
"Windsor-Sarnia, Ontario",212,Professional occupations in applied sciences (except engineering),2019-11-01,4.0,11.111
"Windsor-Sarnia, Ontario",212,Professional occupations in applied sciences (except engineering),2019-12-01,4.3,7.5
"Windsor-Sarnia, Ontario",212,Professional occupations in applied sciences (except engineering),2020-01-01,4.2,-2.326
"Windsor-Sarnia, Ontario",212,Professional occupations in applied sciences (except engineering),2020-02-01,4.0,-4.762
"Windsor-Sarnia, Ontario",212,Professional occupations in applied sciences (except engineering),2020-03-01,3.8,-5.0
"Windsor-Sarnia, Ontario",212,Professional occupations in applied sciences (except engineering),2020-04-01,3.8,0.0
"Windsor-Sarnia, Ontario",212,Professional occupations in applied sciences (except engineering),2020-05-01,3.5,-7.895
"Windsor-Sarnia, Ontario",212,Professional occupations in applied sciences (except engineering),2020-06-01,3.3,-5.714
"Windsor-Sarnia, Ontario",212,Professional occupations in applied sciences (except engineering),2020-07-01,3.6,9.091
"Windsor-Sarnia, Ontario",212,Professional occupations in applied sciences (except engineering),2020-08-01,4.9,36.111
"Windsor-Sarnia, Ontario",212,Professional occupations in applied sciences (except engineering),2020-09-01,6.0,22.449
"Windsor-Sarnia, Ontario",212,Professional occupations in applied sciences (except engineering),2020-10-01,6.3,5.0
"Windsor-Sarnia, Ontario",212,Professional occupations in applied sciences (except engineering),2020-11-01,6.0,-4.762
"Windsor-Sarnia, Ontario",212,Professional occupations in applied sciences (except engineering),2020-12-01,4.8,-20.0
"Windsor-Sarnia, Ontario",212,Professional occupations in applied sciences (except engineering),2021-01-01,4.1,-14.583
"Windsor-Sarnia, Ontario",212,Professional occupations in applied sciences (except engineering),2021-02-01,3.3,-19.512
"Windsor-Sarnia, Ontario",212,Professional occupations in applied sciences (except engineering),2021-03-01,3.7,12.121
"Windsor-Sarnia, Ontario",212,Professional occupations in applied sciences (except engineering),2021-04-01,4.0,8.108
"Windsor-Sarnia, Ontario",212,Professional occupations in applied sciences (except engineering),2021-05-01,4.8,20.0
"Windsor-Sarnia, Ontario",212,Professional occupations in applied sciences (except engineering),2021-06-01,5.7,18.75
"Windsor-Sarnia, Ontario",212,Professional occupations in applied sciences (except engineering),2021-07-01,6.5,14.035
"Windsor-Sarnia, Ontario",212,Professional occupations in applied sciences (except engineering),2021-08-01,6.6,1.538
"Windsor-Sarnia, Ontario",212,Professional occupations in applied sciences (except engineering),2021-09-01,6.2,-6.061
"Windsor-Sarnia, Ontario",212,Professional occupations in applied sciences (except engineering),2021-10-01,6.5,4.839
"Windsor-Sarnia, Ontario",212,Professional occupations in applied sciences (except engineering),2021-11-01,7.1,9.231
"Windsor-Sarnia, Ontario",212,Professional occupations in applied sciences (except engineering),2021-12-01,8.4,18.31
"Windsor-Sarnia, Ontario",212,Professional occupations in applied sciences (except engineering),2022-01-01,8.7,3.571
"Windsor-Sarnia, Ontario",212,Professional occupations in applied sciences (except engineering),2022-02-01,9.1,4.598
"Windsor-Sarnia, Ontario",212,Professional occupations in applied sciences (except engineering),2022-03-01,9.5,4.396
"Windsor-Sarnia, Ontario",212,Professional occupations in applied sciences (except engineering),2022-04-01,9.8,3.158
"Windsor-Sarnia, Ontario",212,Professional occupations in applied sciences (except engineering),2022-05-01,10.4,6.122
"Windsor-Sarnia, Ontario",212,Professional occupations in applied sciences (except engineering),2022-06-01,9.3,-10.577
"Windsor-Sarnia, Ontario",212,Professional occupations in applied sciences (except engineering),2022-07-01,8.5,-8.602
"Windsor-Sarnia, Ontario",212,Professional occupations in applied sciences (except engineering),2022-08-01,7.1,-16.471
"Windsor-Sarnia, Ontario",212,Professional occupations in applied sciences (except engineering),2022-09-01,7.2,1.408
"Windsor-Sarnia, Ontario",212,Professional occupations in applied sciences (except engineering),2022-10-01,7.3,1.389
"Windsor-Sarnia, Ontario",212,Professional occupations in applied sciences (except engineering),2022-11-01,7.4,1.37
"Windsor-Sarnia, Ontario",212,Professional occupations in applied sciences (except engineering),2022-12-01,7.7,4.054
"Windsor-Sarnia, Ontario",212,Professional occupations in applied sciences (except engineering),2023-01-01,8.6,11.688
"Windsor-Sarnia, Ontario",212,Professional occupations in applied sciences (except engineering),2023-02-01,9.1,5.814
"Windsor-Sarnia, Ontario",212,Professional occupations in applied sciences (except engineering),2023-03-01,8.9,-2.198
"Windsor-Sarnia, Ontario",212,Professional occupations in applied sciences (except engineering),2023-04-01,8.0,-10.112
"Windsor-Sarnia, Ontario",212,Professional occupations in applied sciences (except engineering),2023-05-01,8.2,2.5
"Windsor-Sarnia, Ontario",212,Professional occupations in applied sciences (except engineering),2023-06-01,8.6,4.878
"Windsor-Sarnia, Ontario",212,Professional occupations in applied sciences (except engineering),2023-07-01,9.0,4.651
"Windsor-Sarnia, Ontario",212,Professional occupations in applied sciences (except engineering),2023-08-01,9.8,8.889
"Windsor-Sarnia, Ontario",212,Professional occupations in applied sciences (except engineering),2023-09-01,10.2,4.082
"Windsor-Sarnia, Ontario",212,Professional occupations in applied sciences (except engineering),2023-10-01,10.7,4.902
"Windsor-Sarnia, Ontario",212,Professional occupations in applied sciences (except engineering),2023-11-01,9.9,-7.477
"Windsor-Sarnia, Ontario",212,Professional occupations in applied sciences (except engineering),2023-12-01,9.4,-5.051
"Windsor-Sarnia, Ontario",212,Professional occupations in applied sciences (except engineering),2024-01-01,9.0,-4.255
"Windsor-Sarnia, Ontario",212,Professional occupations in applied sciences (except engineering),2024-02-01,9.0,0.0
"Windsor-Sarnia, Ontario",212,Professional occupations in applied sciences (except engineering),2024-03-01,8.1,-10.0
"Windsor-Sarnia, Ontario",212,Professional occupations in applied sciences (except engineering),2024-04-01,7.5,-7.407
"Windsor-Sarnia, Ontario",212,Professional occupations in applied sciences (except engineering),2024-05-01,6.9,-8.0
"Windsor-Sarnia, Ontario",212,Professional occupations in applied sciences (except engineering),2024-06-01,7.0,1.449
"Windsor-Sarnia, Ontario",212,Professional occupations in applied sciences (except engineering),2024-07-01,7.5,7.143
"Windsor-Sarnia, Ontario",212,Professional occupations in applied sciences (except engineering),2024-08-01,7.3,-2.667
"Windsor-Sarnia, Ontario",212,Professional occupations in applied sciences (except engineering),2024-09-01,8.0,9.589
"Windsor-Sarnia, Ontario",212,Professional occupations in applied sciences (except engineering),2024-10-01,7.6,-5.0
"Windsor-Sarnia, Ontario",212,Professional occupations in applied sciences (except engineering),2024-11-01,8.1,6.579
"Windsor-Sarnia, Ontario",212,Professional occupations in applied sciences (except engineering),2024-12-01,7.7,-4.938
"Windsor-Sarnia, Ontario",212,Professional occupations in applied sciences (except engineering),2025-01-01,7.7,0.0
"Windsor-Sarnia, Ontario",212,Professional occupations in applied sciences (except engineering),2025-02-01,7.3,-5.195
"Windsor-Sarnia, Ontario",212,Professional occupations in applied sciences (except engineering),2025-03-01,7.5,2.74
"Windsor-Sarnia, Ontario",212,Professional occupations in applied sciences (except engineering),2025-04-01,7.8,4.0
"Windsor-Sarnia, Ontario",212,Professional occupations in applied sciences (except engineering),2025-05-01,7.8,0.0
"Windsor-Sarnia, Ontario",212,Professional occupations in applied sciences (except engineering),2025-06-01,8.6,10.256
"Windsor-Sarnia, Ontario",212,Professional occupations in applied sciences (except engineering),2025-07-01,9.4,9.302
"Windsor-Sarnia, Ontario",212,Professional occupations in applied sciences (except engineering),2025-08-01,10.2,8.511
"Windsor-Sarnia, Ontario",212,Professional occupations in applied sciences (except engineering),2025-09-01,10.1,-0.98
